year mon day PCx PCy phase Amp(nrm) Amp(non-nrm)
1979 03 22  0.434 -0.573 7  0.719  224.5
1979 03 23  0.537 -0.472 8  0.715  219.5
1979 03 24  0.619 -0.354 8  0.713  215.2
1979 03 25  0.676 -0.223 8  0.711  211.9
1979 03 26  0.705 -0.084 8  0.710  209.9
1979 03 27  0.706  0.058 1  0.708  209.1
1979 03 28  0.677  0.195 1  0.705  209.5
1979 03 29  0.620  0.323 1  0.699  210.5
1979 03 30  0.538  0.436 1  0.692  211.8
1979 03 31  0.434  0.529 2  0.684  212.8
1979 04 01  0.312  0.597 2  0.674  213.0
1979 04 02  0.179  0.639 2  0.663  212.1
1979 04 03  0.040  0.651 2  0.652  209.6
1979 04 04 -0.098  0.633 3  0.640  205.5
1979 04 05 -0.228  0.586 3  0.629  200.1
1979 04 06 -0.345  0.512 3  0.617  193.5
1979 04 07 -0.442  0.414 4  0.606  186.4
1979 04 08 -0.515  0.297 4  0.594  179.5
1979 04 09 -0.560  0.166 4  0.584  173.7
1979 04 10 -0.574  0.027 4  0.575  169.7
1979 04 11 -0.557 -0.112 5  0.568  168.3
1979 04 12 -0.508 -0.245 5  0.564  169.5
1979 04 13 -0.430 -0.366 5  0.565  173.1
1979 04 14 -0.326 -0.468 6  0.571  178.7
1979 04 15 -0.200 -0.546 6  0.582  185.3
1979 04 16 -0.059 -0.596 6  0.598  192.3
1979 04 17  0.091 -0.613 7  0.620  199.0
1979 04 18  0.244 -0.597 7  0.645  205.1
1979 04 19  0.391 -0.547 7  0.673  210.5
1979 04 20  0.525 -0.465 8  0.702  215.5
1979 04 21  0.641 -0.353 8  0.732  220.6
1979 04 22  0.730 -0.216 8  0.762  226.5
1979 04 23  0.790 -0.057 8  0.792  233.9
1979 04 24  0.815  0.115 1  0.823  243.5
1979 04 25  0.804  0.294 1  0.856  255.5
1979 04 26  0.756  0.473 1  0.892  270.0
1979 04 27  0.671  0.643 1  0.930  286.5
1979 04 28  0.553  0.799 2  0.971  304.3
1979 04 29  0.404  0.932 2  1.016  322.5
1979 04 30  0.230  1.037 2  1.062  340.2
1979 05 01  0.037  1.109 2  1.109  356.6
1979 05 02 -0.168  1.143 3  1.156  371.0
1979 05 03 -0.377  1.139 3  1.200  382.8
1979 05 04 -0.583  1.095 3  1.240  391.8
1979 05 05 -0.778  1.011 3  1.275  398.0
1979 05 06 -0.954  0.890 4  1.305  401.5
1979 05 07 -1.105  0.735 4  1.327  402.9
1979 05 08 -1.225  0.552 4  1.344  402.8
1979 05 09 -1.310  0.345 4  1.354  402.2
1979 05 10 -1.355  0.122 4  1.360  401.9
1979 05 11 -1.359 -0.110 5  1.364  402.7
1979 05 12 -1.321 -0.344 5  1.365  405.4
1979 05 13 -1.242 -0.573 5  1.367  410.2
1979 05 14 -1.123 -0.788 5  1.372  417.3
1979 05 15 -0.968 -0.984 6  1.380  426.3
1979 05 16 -0.781 -1.153 6  1.393  436.7
1979 05 17 -0.567 -1.292 6  1.411  447.9
1979 05 18 -0.332 -1.395 6  1.434  459.1
1979 05 19 -0.081 -1.459 6  1.461  469.8
1979 05 20  0.177 -1.482 7  1.493  479.6
1979 05 21  0.437 -1.464 7  1.528  488.3
1979 05 22  0.693 -1.405 7  1.566  495.9
1979 05 23  0.937 -1.305 7  1.607  502.6
1979 05 24  1.163 -1.169 7  1.649  509.1
1979 05 25  1.368 -0.997 8  1.693  515.7
1979 05 26  1.545 -0.797 8  1.738  523.0
1979 05 27  1.691 -0.570 8  1.784  531.7
1979 05 28  1.802 -0.325 8  1.831  542.0
1979 05 29  1.876 -0.065 8  1.877  554.1
1979 05 30  1.911  0.202 1  1.922  567.8
1979 05 31  1.907  0.471 1  1.964  582.8
1979 06 01  1.862  0.735 1  2.002  598.3
1979 06 02  1.779  0.988 1  2.035  613.8
1979 06 03  1.658  1.225 1  2.061  628.2
1979 06 04  1.502  1.440 1  2.080  640.9
1979 06 05  1.313  1.627 2  2.091  651.1
1979 06 06  1.095  1.783 2  2.092  658.1
1979 06 07  0.853  1.903 2  2.085  661.6
1979 06 08  0.591  1.984 2  2.070  661.3
1979 06 09  0.315  2.024 2  2.048  657.3
1979 06 10  0.029  2.021 2  2.021  649.8
1979 06 11 -0.259  1.974 3  1.991  639.4
1979 06 12 -0.544  1.885 3  1.961  626.9
1979 06 13 -0.819  1.753 3  1.935  613.4
1979 06 14 -1.079  1.581 3  1.914  600.0
1979 06 15 -1.316  1.373 3  1.902  588.2
1979 06 16 -1.526  1.132 4  1.900  579.3
1979 06 17 -1.704  0.864 4  1.910  574.5
1979 06 18 -1.844  0.573 4  1.931  574.6
1979 06 19 -1.944  0.266 4  1.962  580.0
1979 06 20 -2.000 -0.049 5  2.001  590.5
1979 06 21 -2.012 -0.367 5  2.045  605.4
1979 06 22 -1.979 -0.679 5  2.092  623.5
1979 06 23 -1.902 -0.978 5  2.138  643.3
1979 06 24 -1.782 -1.257 5  2.181  663.5
1979 06 25 -1.625 -1.510 5  2.218  682.4
1979 06 26 -1.433 -1.730 6  2.246  698.7
1979 06 27 -1.212 -1.912 6  2.263  711.2
1979 06 28 -0.968 -2.051 6  2.268  718.9
1979 06 29 -0.708 -2.145 6  2.259  720.9
1979 06 30 -0.438 -2.192 6  2.235  716.6
1979 07 01 -0.166 -2.189 6  2.196  705.7
1979 07 02  0.101 -2.138 7  2.141  688.3
1979 07 03  0.357 -2.041 7  2.072  664.6
1979 07 04  0.596 -1.898 7  1.990  635.3
1979 07 05  0.812 -1.715 7  1.898  601.4
1979 07 06  1.000 -1.496 7  1.800  564.4
1979 07 07  1.157 -1.246 7  1.700  526.4
1979 07 08  1.280 -0.970 8  1.606  490.0
1979 07 09  1.367 -0.676 8  1.525  458.4
1979 07 10  1.418 -0.370 8  1.465  435.0
1979 07 11  1.431 -0.059 8  1.432  422.8
1979 07 12  1.408  0.250 1  1.430  423.4
1979 07 13  1.351  0.551 1  1.459  436.3
1979 07 14  1.261  0.836 1  1.513  459.1
1979 07 15  1.141  1.100 1  1.585  488.5
1979 07 16  0.994  1.338 2  1.667  520.7
1979 07 17  0.823  1.543 2  1.749  552.6
1979 07 18  0.633  1.712 2  1.825  581.4
1979 07 19  0.425  1.841 2  1.889  605.1
1979 07 20  0.205  1.926 2  1.937  622.2
1979 07 21 -0.024  1.965 3  1.965  631.9
1979 07 22 -0.257  1.956 3  1.973  633.7
1979 07 23 -0.491  1.900 3  1.962  627.9
1979 07 24 -0.721  1.795 3  1.935  615.3
1979 07 25 -0.942  1.644 3  1.895  597.3
1979 07 26 -1.150  1.448 3  1.849  576.1
1979 07 27 -1.340  1.210 4  1.805  554.7
1979 07 28 -1.506  0.935 4  1.773  536.6
1979 07 29 -1.645  0.627 4  1.760  525.7
1979 07 30 -1.751  0.293 4  1.775  525.4
1979 07 31 -1.820 -0.060 5  1.821  537.6
1979 08 01 -1.849 -0.424 5  1.897  562.5
1979 08 02 -1.834 -0.792 5  1.997  598.2
1979 08 03 -1.773 -1.153 5  2.115  641.4
1979 08 04 -1.665 -1.500 5  2.241  688.5
1979 08 05 -1.511 -1.822 6  2.367  736.2
1979 08 06 -1.311 -2.111 6  2.485  781.4
1979 08 07 -1.071 -2.358 6  2.590  821.6
1979 08 08 -0.793 -2.557 6  2.677  855.0
1979 08 09 -0.485 -2.701 6  2.744  880.2
1979 08 10 -0.155 -2.785 6  2.789  896.7
1979 08 11  0.191 -2.806 7  2.812  904.0
1979 08 12  0.540 -2.763 7  2.815  902.6
1979 08 13  0.884 -2.656 7  2.799  893.0
1979 08 14  1.212 -2.487 7  2.767  876.3
1979 08 15  1.514 -2.263 7  2.723  853.9
1979 08 16  1.781 -1.987 7  2.668  827.4
1979 08 17  2.004 -1.669 8  2.608  798.6
1979 08 18  2.176 -1.317 8  2.543  769.3
1979 08 19  2.292 -0.941 8  2.477  741.1
1979 08 20  2.349 -0.553 8  2.413  715.7
1979 08 21  2.346 -0.161 8  2.351  694.3
1979 08 22  2.284  0.221 1  2.294  677.8
1979 08 23  2.167  0.586 1  2.244  666.7
1979 08 24  1.999  0.924 1  2.203  660.7
1979 08 25  1.790  1.227 1  2.170  659.3
1979 08 26  1.546  1.489 1  2.147  661.6
1979 08 27  1.279  1.707 2  2.133  666.2
1979 08 28  0.998  1.878 2  2.127  672.0
1979 08 29  0.714  2.002 2  2.126  677.5
1979 08 30  0.437  2.081 2  2.126  681.4
1979 08 31  0.177  2.117 2  2.124  682.7
1979 09 01 -0.059  2.115 3  2.116  680.5
1979 09 02 -0.265  2.082 3  2.099  674.1
1979 09 03 -0.434  2.024 3  2.070  663.2
1979 09 04 -0.566  1.946 3  2.027  647.8
1979 09 05 -0.660  1.858 3  1.971  628.3
1979 09 06 -0.716  1.764 3  1.904  605.3
1979 09 07 -0.740  1.670 3  1.827  579.8
1979 09 08 -0.736  1.581 3  1.744  553.0
1979 09 09 -0.710  1.501 3  1.661  526.3
1979 09 10 -0.669  1.431 3  1.580  500.9
1979 09 11 -0.622  1.372 3  1.507  478.0
1979 09 12 -0.576  1.323 3  1.443  458.1
1979 09 13 -0.537  1.281 3  1.389  441.3
1979 09 14 -0.512  1.243 3  1.344  427.3
1979 09 15 -0.506  1.204 3  1.306  415.1
1979 09 16 -0.522  1.160 3  1.272  403.7
1979 09 17 -0.562  1.106 3  1.240  392.4
1979 09 18 -0.624  1.036 3  1.210  380.7
1979 09 19 -0.707  0.946 3  1.181  369.1
1979 09 20 -0.807  0.833 3  1.160  358.5
1979 09 21 -0.918  0.694 4  1.151  351.0
1979 09 22 -1.034  0.527 4  1.160  349.1
1979 09 23 -1.146  0.334 4  1.194  355.0
1979 09 24 -1.248  0.115 4  1.254  370.3
1979 09 25 -1.332 -0.125 5  1.338  395.1
1979 09 26 -1.389 -0.383 5  1.441  428.2
1979 09 27 -1.415 -0.652 5  1.558  467.3
1979 09 28 -1.403 -0.924 5  1.680  509.8
1979 09 29 -1.351 -1.193 5  1.802  553.3
1979 09 30 -1.256 -1.450 6  1.918  595.7
1979 10 01 -1.120 -1.687 6  2.025  635.2
1979 10 02 -0.943 -1.896 6  2.117  670.2
1979 10 03 -0.730 -2.070 6  2.195  699.7
1979 10 04 -0.488 -2.203 6  2.257  723.0
1979 10 05 -0.223 -2.291 6  2.302  739.7
1979 10 06  0.057 -2.330 7  2.331  749.4
1979 10 07  0.343 -2.318 7  2.344  752.4
1979 10 08  0.624 -2.257 7  2.341  748.7
1979 10 09  0.891 -2.147 7  2.325  738.9
1979 10 10  1.137 -1.993 7  2.294  723.4
1979 10 11  1.352 -1.799 7  2.251  702.9
1979 10 12  1.530 -1.573 7  2.194  678.1
1979 10 13  1.666 -1.320 8  2.126  649.7
1979 10 14  1.756 -1.051 8  2.047  618.8
1979 10 15  1.799 -0.772 8  1.958  586.2
1979 10 16  1.795 -0.493 8  1.861  553.0
1979 10 17  1.745 -0.222 8  1.759  520.0
1979 10 18  1.654  0.034 1  1.654  488.2
1979 10 19  1.526  0.268 1  1.549  458.5
1979 10 20  1.367  0.474 1  1.447  431.4
1979 10 21  1.186  0.648 1  1.351  407.2
1979 10 22  0.988  0.786 1  1.263  386.0
1979 10 23  0.783  0.888 2  1.184  367.5
1979 10 24  0.578  0.954 2  1.115  351.0
1979 10 25  0.379  0.984 2  1.055  335.7
1979 10 26  0.194  0.982 2  1.001  320.8
1979 10 27  0.028  0.950 2  0.951  305.7
1979 10 28 -0.116  0.894 3  0.902  289.6
1979 10 29 -0.234  0.819 3  0.852  272.3
1979 10 30 -0.325  0.730 3  0.799  253.7
1979 10 31 -0.389  0.634 3  0.744  233.9
1979 11 01 -0.427  0.535 3  0.684  213.2
1979 11 02 -0.442  0.439 4  0.623  192.1
1979 11 03 -0.436  0.350 4  0.559  171.0
1979 11 04 -0.413  0.274 4  0.496  150.5
1979 11 05 -0.379  0.213 4  0.435  131.2
1979 11 06 -0.338  0.168 4  0.378  113.5
1979 11 07 -0.295  0.142 4  0.327   98.3
1979 11 08 -0.253  0.135 4  0.287   86.5
1979 11 09 -0.219  0.146 4  0.263   79.7
1979 11 10 -0.193  0.172 4  0.259   79.6
1979 11 11 -0.181  0.213 3  0.279   86.8
1979 11 12 -0.183  0.264 3  0.321  100.5
1979 11 13 -0.199  0.322 3  0.379  119.1
1979 11 14 -0.231  0.383 3  0.448  140.8
1979 11 15 -0.278  0.443 3  0.523  164.5
1979 11 16 -0.336  0.499 3  0.602  188.7
1979 11 17 -0.404  0.547 3  0.680  212.4
1979 11 18 -0.479  0.582 3  0.754  234.7
1979 11 19 -0.558  0.604 3  0.822  254.5
1979 11 20 -0.636  0.608 4  0.880  271.2
1979 11 21 -0.711  0.595 4  0.927  284.0
1979 11 22 -0.778  0.563 4  0.961  292.5
1979 11 23 -0.835  0.513 4  0.980  296.5
1979 11 24 -0.878  0.445 4  0.984  296.1
1979 11 25 -0.906  0.360 4  0.975  291.5
1979 11 26 -0.917  0.262 4  0.953  283.3
1979 11 27 -0.909  0.152 4  0.921  272.6
1979 11 28 -0.882  0.033 4  0.883  260.6
1979 11 29 -0.837 -0.091 5  0.842  248.8
1979 11 30 -0.775 -0.217 5  0.805  239.1
1979 12 01 -0.696 -0.342 5  0.775  232.9
1979 12 02 -0.603 -0.461 5  0.759  231.7
1979 12 03 -0.497 -0.573 6  0.759  235.7
1979 12 04 -0.382 -0.675 6  0.776  244.7
1979 12 05 -0.260 -0.764 6  0.807  257.3
1979 12 06 -0.132 -0.838 6  0.848  272.2
1979 12 07 -0.003 -0.895 6  0.895  287.9
1979 12 08  0.126 -0.936 7  0.944  303.2
1979 12 09  0.252 -0.958 7  0.991  317.0
1979 12 10  0.373 -0.963 7  1.033  328.8
1979 12 11  0.487 -0.951 7  1.069  337.9
1979 12 12  0.593 -0.922 7  1.096  344.4
1979 12 13  0.689 -0.878 7  1.116  348.0
1979 12 14  0.773 -0.820 7  1.127  348.8
1979 12 15  0.846 -0.750 8  1.130  347.1
1979 12 16  0.904 -0.670 8  1.125  343.0
1979 12 17  0.950 -0.581 8  1.113  336.8
1979 12 18  0.980 -0.486 8  1.094  328.8
1979 12 19  0.996 -0.387 8  1.069  319.2
1979 12 20  0.997 -0.286 8  1.037  308.2
1979 12 21  0.983 -0.184 8  1.000  296.0
1979 12 22  0.954 -0.084 8  0.957  282.8
1979 12 23  0.910  0.012 1  0.910  268.6
1979 12 24  0.852  0.104 1  0.859  253.8
1979 12 25  0.782  0.189 1  0.804  238.6
1979 12 26  0.699  0.266 1  0.748  223.4
1979 12 27  0.606  0.335 1  0.692  208.8
1979 12 28  0.504  0.394 1  0.640  195.3
1979 12 29  0.395  0.442 2  0.593  183.9
1979 12 30  0.281  0.480 2  0.557  175.3
1979 12 31  0.164  0.508 2  0.534  170.3
1980 01 01  0.048  0.524 2  0.526  169.2
1980 01 02 -0.067  0.531 3  0.535  171.8
1980 01 03 -0.177  0.527 3  0.556  177.4
1980 01 04 -0.279  0.515 3  0.586  185.0
1980 01 05 -0.372  0.495 3  0.619  193.4
1980 01 06 -0.453  0.468 3  0.652  201.5
1980 01 07 -0.521  0.437 4  0.680  208.3
1980 01 08 -0.575  0.401 4  0.701  213.1
1980 01 09 -0.613  0.363 4  0.713  215.4
1980 01 10 -0.636  0.325 4  0.714  214.8
1980 01 11 -0.643  0.287 4  0.704  211.0
1980 01 12 -0.635  0.251 4  0.683  204.1
1980 01 13 -0.613  0.219 4  0.651  194.2
1980 01 14 -0.579  0.190 4  0.610  181.6
1980 01 15 -0.535  0.167 4  0.560  166.7
1980 01 16 -0.482  0.148 4  0.504  150.0
1980 01 17 -0.423  0.135 4  0.444  132.1
1980 01 18 -0.360  0.128 4  0.382  113.8
1980 01 19 -0.295  0.125 4  0.320   95.9
1980 01 20 -0.231  0.126 4  0.263   79.3
1980 01 21 -0.170  0.130 4  0.214   65.3
1980 01 22 -0.114  0.135 3  0.177   55.0
1980 01 23 -0.064  0.142 3  0.155   49.3
1980 01 24 -0.020  0.147 3  0.149   47.8
1980 01 25  0.015  0.151 2  0.152   48.8
1980 01 26  0.043  0.151 2  0.157   50.2
1980 01 27  0.062  0.147 2  0.159   50.7
1980 01 28  0.074  0.137 2  0.156   49.2
1980 01 29  0.079  0.122 2  0.145   45.5
1980 01 30  0.077  0.099 2  0.126   39.3
1980 01 31  0.072  0.071 1  0.101   31.0
1980 02 01  0.062  0.035 1  0.072   21.7
1980 02 02  0.051 -0.005 8  0.051   15.2
1980 02 03  0.039 -0.051 7  0.064   20.1
1980 02 04  0.028 -0.100 7  0.104   33.3
1980 02 05  0.018 -0.152 7  0.153   49.2
1980 02 06  0.011 -0.204 7  0.205   65.8
1980 02 07  0.007 -0.255 7  0.255   82.1
1980 02 08  0.007 -0.303 7  0.303   97.6
1980 02 09  0.012 -0.347 7  0.347  111.5
1980 02 10  0.021 -0.383 7  0.384  123.4
1980 02 11  0.034 -0.411 7  0.413  132.7
1980 02 12  0.051 -0.430 7  0.433  139.1
1980 02 13  0.071 -0.438 7  0.443  142.3
1980 02 14  0.094 -0.433 7  0.443  142.1
1980 02 15  0.118 -0.417 7  0.433  138.4
1980 02 16  0.142 -0.387 7  0.412  131.4
1980 02 17  0.166 -0.345 7  0.383  121.3
1980 02 18  0.189 -0.291 7  0.347  108.9
1980 02 19  0.209 -0.225 7  0.307   95.2
1980 02 20  0.226 -0.150 8  0.271   82.2
1980 02 21  0.238 -0.065 8  0.247   73.3
1980 02 22  0.245  0.025 1  0.246   72.7
1980 02 23  0.246  0.121 1  0.274   82.2
1980 02 24  0.239  0.219 1  0.324   99.7
1980 02 25  0.226  0.317 2  0.389  121.7
1980 02 26  0.205  0.412 2  0.460  145.5
1980 02 27  0.176  0.501 2  0.531  169.4
1980 02 28  0.139  0.583 2  0.600  192.0
1980 02 29  0.094  0.655 2  0.662  212.4
1980 03 01  0.042  0.714 2  0.715  229.8
1980 03 02 -0.016  0.757 3  0.758  243.6
1980 03 03 -0.081  0.784 3  0.788  253.3
1980 03 04 -0.149  0.792 3  0.806  258.6
1980 03 05 -0.221  0.781 3  0.812  259.5
1980 03 06 -0.294  0.749 3  0.804  255.9
1980 03 07 -0.367  0.695 3  0.786  248.4
1980 03 08 -0.436  0.621 3  0.759  237.7
1980 03 09 -0.501  0.527 3  0.727  224.9
1980 03 10 -0.557  0.415 4  0.695  211.7
1980 03 11 -0.604  0.285 4  0.668  200.5
1980 03 12 -0.638  0.141 4  0.654  193.7
1980 03 13 -0.657 -0.014 5  0.658  194.1
1980 03 14 -0.660 -0.177 5  0.683  202.9
1980 03 15 -0.644 -0.343 5  0.730  219.8
1980 03 16 -0.609 -0.509 5  0.793  243.0
1980 03 17 -0.553 -0.670 6  0.868  270.2
1980 03 18 -0.477 -0.821 6  0.949  299.1
1980 03 19 -0.381 -0.958 6  1.031  327.9
1980 03 20 -0.268 -1.076 6  1.108  354.8
1980 03 21 -0.138 -1.171 6  1.179  378.7
1980 03 22  0.004 -1.240 7  1.240  398.6
1980 03 23  0.155 -1.279 7  1.289  413.9
1980 03 24  0.311 -1.288 7  1.325  424.2
1980 03 25  0.467 -1.264 7  1.348  429.4
1980 03 26  0.618 -1.209 7  1.358  429.4
1980 03 27  0.758 -1.122 7  1.354  424.6
1980 03 28  0.883 -1.006 7  1.339  415.5
1980 03 29  0.988 -0.864 8  1.313  402.9
1980 03 30  1.068 -0.701 8  1.277  387.5
1980 03 31  1.119 -0.522 8  1.235  370.5
1980 04 01  1.140 -0.331 8  1.187  352.8
1980 04 02  1.127 -0.135 8  1.136  335.6
1980 04 03  1.082  0.058 1  1.084  320.0
1980 04 04  1.005  0.244 1  1.034  306.9
1980 04 05  0.898  0.416 1  0.990  296.9
1980 04 06  0.764  0.569 1  0.953  290.4
1980 04 07  0.608  0.698 2  0.925  287.3
1980 04 08  0.435  0.799 2  0.909  287.2
1980 04 09  0.251  0.870 2  0.905  289.3
1980 04 10  0.063  0.909 2  0.911  292.9
1980 04 11 -0.123  0.917 3  0.925  297.1
1980 04 12 -0.300  0.895 3  0.944  301.2
1980 04 13 -0.462  0.846 3  0.964  304.5
1980 04 14 -0.605  0.774 3  0.982  306.2
1980 04 15 -0.723  0.682 4  0.994  306.0
1980 04 16 -0.813  0.577 4  0.997  303.3
1980 04 17 -0.873  0.464 4  0.989  297.8
1980 04 18 -0.904  0.348 4  0.969  289.3
1980 04 19 -0.905  0.235 4  0.935  277.7
1980 04 20 -0.879  0.130 4  0.889  262.9
1980 04 21 -0.829  0.038 4  0.830  245.0
1980 04 22 -0.759 -0.038 5  0.760  224.3
1980 04 23 -0.673 -0.097 5  0.680  201.2
1980 04 24 -0.578 -0.136 5  0.593  176.0
1980 04 25 -0.477 -0.156 5  0.502  149.5
1980 04 26 -0.376 -0.159 5  0.408  122.2
1980 04 27 -0.280 -0.145 5  0.316   95.0
1980 04 28 -0.193 -0.120 5  0.227   68.7
1980 04 29 -0.117 -0.085 5  0.144   44.0
1980 04 30 -0.053 -0.046 5  0.070   21.6
1980 05 01 -0.004 -0.007 6  0.008    2.4
1980 05 02  0.032  0.029 1  0.043   13.3
1980 05 03  0.056  0.057 2  0.080   24.8
1980 05 04  0.071  0.075 2  0.103   32.0
1980 05 05  0.080  0.080 2  0.113   34.9
1980 05 06  0.086  0.072 1  0.112   34.3
1980 05 07  0.094  0.050 1  0.106   31.9
1980 05 08  0.106  0.015 1  0.107   31.7
1980 05 09  0.127 -0.030 8  0.131   38.7
1980 05 10  0.159 -0.083 8  0.179   54.0
1980 05 11  0.204 -0.139 8  0.247   75.0
1980 05 12  0.263 -0.194 8  0.327   99.7
1980 05 13  0.336 -0.245 8  0.415  126.5
1980 05 14  0.420 -0.286 8  0.508  154.3
1980 05 15  0.514 -0.313 8  0.602  182.0
1980 05 16  0.613 -0.323 8  0.693  208.8
1980 05 17  0.714 -0.314 8  0.780  233.7
1980 05 18  0.811 -0.283 8  0.859  256.1
1980 05 19  0.899 -0.231 8  0.928  275.5
1980 05 20  0.972 -0.157 8  0.985  291.4
1980 05 21  1.026 -0.065 8  1.029  303.7
1980 05 22  1.057  0.044 1  1.058  312.3
1980 05 23  1.061  0.166 1  1.074  317.6
1980 05 24  1.035  0.295 1  1.076  319.9
1980 05 25  0.979  0.426 1  1.068  319.8
1980 05 26  0.893  0.554 1  1.051  318.3
1980 05 27  0.779  0.674 1  1.031  316.2
1980 05 28  0.640  0.781 2  1.010  314.4
1980 05 29  0.481  0.870 2  0.994  313.6
1980 05 30  0.305  0.937 2  0.986  314.6
1980 05 31  0.119  0.981 2  0.988  317.4
1980 06 01 -0.070  0.999 3  1.001  321.9
1980 06 02 -0.256  0.991 3  1.024  327.6
1980 06 03 -0.434  0.959 3  1.052  333.8
1980 06 04 -0.597  0.903 3  1.083  339.7
1980 06 05 -0.741  0.827 3  1.111  344.5
1980 06 06 -0.862  0.735 4  1.133  347.4
1980 06 07 -0.957  0.631 4  1.146  347.8
1980 06 08 -1.025  0.519 4  1.149  345.5
1980 06 09 -1.066  0.403 4  1.140  340.4
1980 06 10 -1.081  0.288 4  1.119  332.3
1980 06 11 -1.073  0.177 4  1.087  321.7
1980 06 12 -1.044  0.074 4  1.046  308.9
1980 06 13 -0.998 -0.019 5  0.998  294.6
1980 06 14 -0.940 -0.101 5  0.945  279.3
1980 06 15 -0.874 -0.171 5  0.891  263.9
1980 06 16 -0.806 -0.230 5  0.838  249.1
1980 06 17 -0.738 -0.280 5  0.789  235.6
1980 06 18 -0.674 -0.321 5  0.746  224.0
1980 06 19 -0.617 -0.356 5  0.712  215.2
1980 06 20 -0.569 -0.389 5  0.689  209.3
1980 06 21 -0.530 -0.422 5  0.677  207.0
1980 06 22 -0.500 -0.457 5  0.677  208.3
1980 06 23 -0.479 -0.497 6  0.690  213.3
1980 06 24 -0.463 -0.544 6  0.714  222.0
1980 06 25 -0.451 -0.599 6  0.750  234.1
1980 06 26 -0.439 -0.662 6  0.794  249.2
1980 06 27 -0.424 -0.733 6  0.847  266.8
1980 06 28 -0.403 -0.810 6  0.905  286.3
1980 06 29 -0.373 -0.891 6  0.966  307.0
1980 06 30 -0.331 -0.974 6  1.029  328.1
1980 07 01 -0.274 -1.055 6  1.091  348.9
1980 07 02 -0.203 -1.131 6  1.149  368.6
1980 07 03 -0.116 -1.197 6  1.203  386.5
1980 07 04 -0.015 -1.250 6  1.250  402.0
1980 07 05  0.100 -1.286 7  1.290  414.6
1980 07 06  0.227 -1.302 7  1.322  424.0
1980 07 07  0.361 -1.295 7  1.345  429.9
1980 07 08  0.499 -1.264 7  1.359  432.4
1980 07 09  0.637 -1.208 7  1.365  431.5
1980 07 10  0.771 -1.126 7  1.365  427.6
1980 07 11  0.896 -1.019 7  1.357  421.2
1980 07 12  1.008 -0.890 8  1.345  412.8
1980 07 13  1.103 -0.740 8  1.328  403.3
1980 07 14  1.177 -0.574 8  1.310  393.4
1980 07 15  1.228 -0.394 8  1.290  384.1
1980 07 16  1.254 -0.206 8  1.271  376.0
1980 07 17  1.253 -0.013 8  1.253  369.9
1980 07 18  1.225  0.179 1  1.238  366.2
1980 07 19  1.171  0.365 1  1.227  365.2
1980 07 20  1.093  0.542 1  1.220  366.7
1980 07 21  0.992  0.706 1  1.218  370.5
1980 07 22  0.872  0.852 1  1.219  375.8
1980 07 23  0.735  0.978 2  1.224  382.1
1980 07 24  0.587  1.081 2  1.231  388.6
1980 07 25  0.431  1.161 2  1.239  394.5
1980 07 26  0.272  1.216 2  1.246  399.2
1980 07 27  0.114  1.246 2  1.251  402.1
1980 07 28 -0.039  1.252 3  1.252  402.7
1980 07 29 -0.183  1.235 3  1.248  400.7
1980 07 30 -0.314  1.197 3  1.237  395.8
1980 07 31 -0.429  1.140 3  1.218  388.0
1980 08 01 -0.526  1.068 3  1.191  377.0
1980 08 02 -0.603  0.984 3  1.154  363.1
1980 08 03 -0.659  0.891 3  1.108  346.3
1980 08 04 -0.694  0.792 3  1.053  326.9
1980 08 05 -0.709  0.691 4  0.990  305.4
1980 08 06 -0.705  0.593 4  0.921  282.1
1980 08 07 -0.683  0.498 4  0.846  257.6
1980 08 08 -0.648  0.411 4  0.767  232.4
1980 08 09 -0.601  0.334 4  0.688  207.4
1980 08 10 -0.547  0.268 4  0.609  183.1
1980 08 11 -0.491  0.214 4  0.535  160.4
1980 08 12 -0.435  0.173 4  0.468  139.9
1980 08 13 -0.384  0.145 4  0.410  122.4
1980 08 14 -0.341  0.127 4  0.364  108.8
1980 08 15 -0.311  0.119 4  0.333   99.5
1980 08 16 -0.295  0.118 4  0.318   95.0
1980 08 17 -0.295  0.121 4  0.319   95.5
1980 08 18 -0.313  0.125 4  0.337  100.7
1980 08 19 -0.347  0.127 4  0.369  110.2
1980 08 20 -0.397  0.122 4  0.415  123.5
1980 08 21 -0.460  0.107 4  0.472  140.1
1980 08 22 -0.533  0.081 4  0.539  159.5
1980 08 23 -0.612  0.040 4  0.614  181.2
1980 08 24 -0.692 -0.018 5  0.692  204.4
1980 08 25 -0.768 -0.093 5  0.773  228.5
1980 08 26 -0.833 -0.184 5  0.853  252.8
1980 08 27 -0.883 -0.291 5  0.929  276.8
1980 08 28 -0.912 -0.411 5  1.000  299.8
1980 08 29 -0.916 -0.541 5  1.064  321.5
1980 08 30 -0.891 -0.677 5  1.119  341.5
1980 08 31 -0.836 -0.814 5  1.167  359.8
1980 09 01 -0.749 -0.947 6  1.207  376.3
1980 09 02 -0.630 -1.070 6  1.242  391.2
1980 09 03 -0.482 -1.178 6  1.273  404.6
1980 09 04 -0.308 -1.265 6  1.302  416.9
1980 09 05 -0.113 -1.327 6  1.332  428.2
1980 09 06  0.098 -1.361 7  1.364  438.6
1980 09 07  0.317 -1.363 7  1.399  448.0
1980 09 08  0.536 -1.331 7  1.435  456.5
1980 09 09  0.750 -1.267 7  1.472  463.6
1980 09 10  0.949 -1.170 7  1.507  469.1
1980 09 11  1.127 -1.044 8  1.536  472.6
1980 09 12  1.277 -0.893 8  1.559  473.9
1980 09 13  1.396 -0.721 8  1.571  472.7
1980 09 14  1.479 -0.534 8  1.572  469.0
1980 09 15  1.524 -0.338 8  1.561  462.7
1980 09 16  1.531 -0.140 8  1.537  454.0
1980 09 17  1.501  0.053 1  1.502  443.3
1980 09 18  1.437  0.236 1  1.457  431.0
1980 09 19  1.344  0.403 1  1.403  417.4
1980 09 20  1.227  0.549 1  1.344  402.9
1980 09 21  1.092  0.671 1  1.282  387.9
1980 09 22  0.945  0.768 1  1.217  372.5
1980 09 23  0.793  0.837 2  1.153  356.8
1980 09 24  0.643  0.881 2  1.091  341.0
1980 09 25  0.500  0.900 2  1.030  324.9
1980 09 26  0.368  0.898 2  0.971  308.6
1980 09 27  0.252  0.878 2  0.914  292.1
1980 09 28  0.152  0.846 2  0.859  275.6
1980 09 29  0.071  0.804 2  0.807  259.4
1980 09 30  0.006  0.758 2  0.758  243.9
1980 10 01 -0.044  0.713 3  0.714  229.7
1980 10 02 -0.081  0.672 3  0.676  217.3
1980 10 03 -0.111  0.637 3  0.646  207.4
1980 10 04 -0.137  0.611 3  0.626  200.5
1980 10 05 -0.164  0.594 3  0.616  196.9
1980 10 06 -0.195  0.586 3  0.617  197.0
1980 10 07 -0.235  0.585 3  0.631  200.7
1980 10 08 -0.287  0.590 3  0.656  207.8
1980 10 09 -0.350  0.597 3  0.692  218.1
1980 10 10 -0.427  0.603 3  0.739  231.2
1980 10 11 -0.516  0.603 3  0.793  246.5
1980 10 12 -0.615  0.593 4  0.855  263.4
1980 10 13 -0.720  0.571 4  0.919  280.9
1980 10 14 -0.826  0.534 4  0.984  298.2
1980 10 15 -0.929  0.479 4  1.045  314.4
1980 10 16 -1.021  0.405 4  1.099  328.5
1980 10 17 -1.099  0.313 4  1.142  339.6
1980 10 18 -1.155  0.203 4  1.173  347.1
1980 10 19 -1.185  0.079 4  1.187  350.6
1980 10 20 -1.184 -0.057 5  1.186  350.1
1980 10 21 -1.151 -0.201 5  1.169  345.9
1980 10 22 -1.084 -0.347 5  1.138  338.8
1980 10 23 -0.983 -0.490 5  1.098  330.1
1980 10 24 -0.850 -0.625 5  1.055  321.4
1980 10 25 -0.688 -0.747 6  1.015  314.5
1980 10 26 -0.503 -0.851 6  0.988  311.2
1980 10 27 -0.300 -0.933 6  0.980  312.7
1980 10 28 -0.087 -0.990 6  0.994  319.4
1980 10 29  0.129 -1.021 7  1.029  330.4
1980 10 30  0.341 -1.024 7  1.079  344.3
1980 10 31  0.542 -1.000 7  1.138  359.2
1980 11 01  0.724 -0.951 7  1.195  373.1
1980 11 02  0.882 -0.879 8  1.246  384.4
1980 11 03  1.012 -0.788 8  1.283  391.7
1980 11 04  1.110 -0.681 8  1.302  394.1
1980 11 05  1.174 -0.564 8  1.302  391.0
1980 11 06  1.204 -0.440 8  1.282  382.4
1980 11 07  1.201 -0.314 8  1.241  368.5
1980 11 08  1.167 -0.191 8  1.182  349.9
1980 11 09  1.106 -0.074 8  1.109  327.4
1980 11 10  1.023  0.035 1  1.023  302.1
1980 11 11  0.921  0.133 1  0.931  275.2
1980 11 12  0.807  0.218 1  0.836  248.2
1980 11 13  0.684  0.290 1  0.743  222.5
1980 11 14  0.559  0.350 1  0.659  199.5
1980 11 15  0.434  0.397 1  0.588  180.8
1980 11 16  0.314  0.433 2  0.535  167.2
1980 11 17  0.201  0.460 2  0.502  159.3
1980 11 18  0.097  0.479 2  0.489  156.6
1980 11 19  0.004  0.492 2  0.492  158.2
1980 11 20 -0.079  0.500 3  0.507  162.6
1980 11 21 -0.152  0.506 3  0.528  168.7
1980 11 22 -0.216  0.508 3  0.553  175.5
1980 11 23 -0.273  0.509 3  0.578  182.4
1980 11 24 -0.322  0.508 3  0.602  189.0
1980 11 25 -0.368  0.504 3  0.624  195.0
1980 11 26 -0.409  0.497 3  0.643  200.2
1980 11 27 -0.448  0.485 3  0.660  204.4
1980 11 28 -0.484  0.468 4  0.673  207.4
1980 11 29 -0.518  0.444 4  0.682  209.2
1980 11 30 -0.550  0.412 4  0.687  209.5
1980 12 01 -0.578  0.371 4  0.687  208.3
1980 12 02 -0.602  0.321 4  0.682  205.6
1980 12 03 -0.620  0.263 4  0.673  201.5
1980 12 04 -0.630  0.195 4  0.660  196.3
1980 12 05 -0.632  0.121 4  0.643  190.4
1980 12 06 -0.622  0.040 4  0.624  184.1
1980 12 07 -0.602 -0.045 5  0.603  178.2
1980 12 08 -0.569 -0.132 5  0.584  173.1
1980 12 09 -0.523 -0.217 5  0.567  169.6
1980 12 10 -0.466 -0.299 5  0.554  167.8
1980 12 11 -0.397 -0.375 5  0.546  168.1
1980 12 12 -0.318 -0.441 6  0.544  170.2
1980 12 13 -0.231 -0.497 6  0.548  173.7
1980 12 14 -0.138 -0.538 6  0.556  177.8
1980 12 15 -0.042 -0.565 6  0.566  182.1
1980 12 16  0.055 -0.575 7  0.578  185.7
1980 12 17  0.149 -0.569 7  0.588  188.2
1980 12 18  0.239 -0.546 7  0.596  189.2
1980 12 19  0.320 -0.507 7  0.600  188.4
1980 12 20  0.391 -0.453 7  0.599  185.9
1980 12 21  0.450 -0.386 8  0.593  181.8
1980 12 22  0.495 -0.308 8  0.583  176.4
1980 12 23  0.524 -0.221 8  0.569  170.2
1980 12 24  0.537 -0.128 8  0.552  163.8
1980 12 25  0.534 -0.032 8  0.535  157.9
1980 12 26  0.514  0.065 1  0.518  153.3
1980 12 27  0.479  0.158 1  0.505  150.4
1980 12 28  0.430  0.247 1  0.496  149.7
1980 12 29  0.368  0.327 1  0.492  151.2
1980 12 30  0.295  0.397 2  0.495  154.6
1980 12 31  0.213  0.455 2  0.502  159.2
1981 01 01  0.126  0.498 2  0.514  164.5
1981 01 02  0.035  0.527 2  0.528  169.8
1981 01 03 -0.057  0.539 3  0.542  174.3
1981 01 04 -0.146  0.536 3  0.555  177.6
1981 01 05 -0.231  0.516 3  0.565  179.4
1981 01 06 -0.307  0.481 3  0.571  179.2
1981 01 07 -0.373  0.432 3  0.571  177.2
1981 01 08 -0.427  0.370 4  0.565  173.2
1981 01 09 -0.466  0.297 4  0.552  167.4
1981 01 10 -0.489  0.217 4  0.535  160.2
1981 01 11 -0.495  0.131 4  0.512  151.9
1981 01 12 -0.483  0.042 4  0.485  143.2
1981 01 13 -0.454 -0.046 5  0.457  134.9
1981 01 14 -0.409 -0.131 5  0.430  127.9
1981 01 15 -0.349 -0.209 5  0.407  123.1
1981 01 16 -0.276 -0.279 6  0.393  121.2
1981 01 17 -0.193 -0.337 6  0.389  122.5
1981 01 18 -0.103 -0.382 6  0.396  126.7
1981 01 19 -0.009 -0.414 6  0.414  133.0
1981 01 20  0.085 -0.429 7  0.438  140.3
1981 01 21  0.175 -0.430 7  0.464  147.6
1981 01 22  0.258 -0.416 7  0.489  153.9
1981 01 23  0.329 -0.388 7  0.509  158.2
1981 01 24  0.387 -0.349 8  0.521  160.1
1981 01 25  0.428 -0.299 8  0.522  158.8
1981 01 26  0.450 -0.243 8  0.512  154.2
1981 01 27  0.453 -0.183 8  0.489  146.1
1981 01 28  0.436 -0.121 8  0.453  134.6
1981 01 29  0.400 -0.061 8  0.405  119.8
1981 01 30  0.346 -0.006 8  0.346  102.2
1981 01 31  0.277  0.042 1  0.280   82.8
1981 02 01  0.195  0.080 1  0.211   63.1
1981 02 02  0.104  0.108 2  0.150   46.4
1981 02 03  0.007  0.124 2  0.124   40.0
1981 02 04 -0.090  0.128 3  0.157   49.1
1981 02 05 -0.185  0.120 4  0.221   66.9
1981 02 06 -0.273  0.102 4  0.291   87.0
1981 02 07 -0.351  0.074 4  0.359  106.4
1981 02 08 -0.417  0.039 4  0.419  123.7
1981 02 09 -0.468 -0.002 5  0.468  138.1
1981 02 10 -0.502 -0.044 5  0.504  148.9
1981 02 11 -0.520 -0.087 5  0.527  156.0
1981 02 12 -0.521 -0.128 5  0.536  159.1
1981 02 13 -0.506 -0.163 5  0.532  158.3
1981 02 14 -0.477 -0.193 5  0.515  153.9
1981 02 15 -0.436 -0.215 5  0.486  146.1
1981 02 16 -0.386 -0.228 5  0.448  135.5
1981 02 17 -0.329 -0.233 5  0.403  122.6
1981 02 18 -0.268 -0.229 5  0.352  108.1
1981 02 19 -0.206 -0.218 6  0.299   92.6
1981 02 20 -0.145 -0.199 6  0.247   77.1
1981 02 21 -0.087 -0.177 6  0.197   62.4
1981 02 22 -0.035 -0.151 6  0.155   49.5
1981 02 23  0.011 -0.124 7  0.124   39.9
1981 02 24  0.051 -0.097 7  0.110   34.7
1981 02 25  0.084 -0.074 8  0.112   34.4
1981 02 26  0.111 -0.055 8  0.124   37.3
1981 02 27  0.134 -0.042 8  0.140   41.7
1981 02 28  0.153 -0.035 8  0.157   46.4
1981 03 01  0.170 -0.035 8  0.173   51.3
1981 03 02  0.187 -0.041 8  0.191   56.7
1981 03 03  0.205 -0.053 8  0.212   63.0
1981 03 04  0.227 -0.070 8  0.238   70.7
1981 03 05  0.253 -0.090 8  0.269   80.1
1981 03 06  0.284 -0.112 8  0.305   91.2
1981 03 07  0.321 -0.133 8  0.347  103.8
1981 03 08  0.363 -0.150 8  0.393  117.5
1981 03 09  0.410 -0.163 8  0.441  131.9
1981 03 10  0.461 -0.170 8  0.491  146.5
1981 03 11  0.514 -0.167 8  0.540  160.9
1981 03 12  0.567 -0.155 8  0.588  174.6
1981 03 13  0.618 -0.132 8  0.632  187.3
1981 03 14  0.665 -0.098 8  0.672  198.7
1981 03 15  0.704 -0.052 8  0.706  208.6
1981 03 16  0.735  0.004 1  0.735  216.8
1981 03 17  0.753  0.069 1  0.756  223.4
1981 03 18  0.758  0.142 1  0.771  228.3
1981 03 19  0.747  0.221 1  0.779  231.7
1981 03 20  0.720  0.304 1  0.781  233.8
1981 03 21  0.675  0.388 1  0.778  235.0
1981 03 22  0.612  0.470 1  0.772  235.7
1981 03 23  0.533  0.549 2  0.765  236.4
1981 03 24  0.437  0.620 2  0.759  237.6
1981 03 25  0.327  0.683 2  0.757  239.9
1981 03 26  0.204  0.735 2  0.762  243.7
1981 03 27  0.071  0.773 2  0.776  249.4
1981 03 28 -0.070  0.796 3  0.800  257.0
1981 03 29 -0.215  0.804 3  0.833  266.3
1981 03 30 -0.361  0.796 3  0.874  277.2
1981 03 31 -0.505  0.770 3  0.921  289.1
1981 04 01 -0.644  0.728 3  0.972  301.6
1981 04 02 -0.773  0.670 4  1.023  313.9
1981 04 03 -0.890  0.597 4  1.072  325.6
1981 04 04 -0.993  0.511 4  1.117  336.0
1981 04 05 -1.078  0.412 4  1.154  344.7
1981 04 06 -1.143  0.303 4  1.183  351.3
1981 04 07 -1.187  0.186 4  1.202  355.5
1981 04 08 -1.208  0.064 4  1.210  357.2
1981 04 09 -1.206 -0.061 5  1.207  356.4
1981 04 10 -1.179 -0.187 5  1.194  353.2
1981 04 11 -1.129 -0.310 5  1.171  347.9
1981 04 12 -1.056 -0.428 5  1.140  340.9
1981 04 13 -0.963 -0.539 5  1.103  332.9
1981 04 14 -0.850 -0.639 5  1.064  324.4
1981 04 15 -0.721 -0.727 6  1.024  316.1
1981 04 16 -0.578 -0.801 6  0.988  308.9
1981 04 17 -0.426 -0.858 6  0.958  303.2
1981 04 18 -0.267 -0.898 6  0.937  299.5
1981 04 19 -0.106 -0.921 6  0.927  297.8
1981 04 20  0.054 -0.925 7  0.927  297.9
1981 04 21  0.208 -0.911 7  0.935  299.4
1981 04 22  0.354 -0.880 7  0.948  301.5
1981 04 23  0.487 -0.832 7  0.964  303.7
1981 04 24  0.604 -0.770 7  0.979  305.2
1981 04 25  0.704 -0.695 8  0.990  305.3
1981 04 26  0.785 -0.610 8  0.994  303.6
1981 04 27  0.845 -0.517 8  0.990  299.7
1981 04 28  0.884 -0.419 8  0.978  293.6
1981 04 29  0.902 -0.318 8  0.957  285.3
1981 04 30  0.901 -0.218 8  0.927  275.0
1981 05 01  0.882 -0.120 8  0.890  263.1
1981 05 02  0.847 -0.026 8  0.847  250.0
1981 05 03  0.798  0.061 1  0.800  236.4
1981 05 04  0.739  0.141 1  0.753  222.8
1981 05 05  0.673  0.212 1  0.706  210.0
1981 05 06  0.602  0.275 1  0.662  198.5
1981 05 07  0.529  0.330 1  0.623  188.8
1981 05 08  0.457  0.377 1  0.592  181.3
1981 05 09  0.387  0.417 2  0.569  176.2
1981 05 10  0.322  0.452 2  0.555  173.6
1981 05 11  0.262  0.482 2  0.549  173.3
1981 05 12  0.208  0.510 2  0.551  175.1
1981 05 13  0.159  0.537 2  0.560  178.9
1981 05 14  0.116  0.564 2  0.575  184.4
1981 05 15  0.077  0.591 2  0.596  191.5
1981 05 16  0.040  0.620 2  0.622  199.8
1981 05 17  0.005  0.651 2  0.651  209.3
1981 05 18 -0.030  0.683 3  0.683  219.8
1981 05 19 -0.067  0.715 3  0.718  230.8
1981 05 20 -0.106  0.746 3  0.754  242.0
1981 05 21 -0.149  0.775 3  0.789  252.9
1981 05 22 -0.196  0.798 3  0.822  263.1
1981 05 23 -0.246  0.815 3  0.852  272.0
1981 05 24 -0.300  0.823 3  0.876  279.0
1981 05 25 -0.355  0.819 3  0.893  283.6
1981 05 26 -0.411  0.802 3  0.901  285.1
1981 05 27 -0.465  0.770 3  0.900  283.2
1981 05 28 -0.514  0.722 3  0.887  277.4
1981 05 29 -0.556  0.658 3  0.861  267.8
1981 05 30 -0.589  0.577 4  0.824  254.1
1981 05 31 -0.608  0.480 4  0.775  236.8
1981 06 01 -0.613  0.370 4  0.716  216.6
1981 06 02 -0.602  0.248 4  0.651  194.7
1981 06 03 -0.573  0.118 4  0.585  173.2
1981 06 04 -0.525 -0.017 5  0.525  155.1
1981 06 05 -0.460 -0.153 5  0.485  144.4
1981 06 06 -0.378 -0.286 5  0.474  144.6
1981 06 07 -0.282 -0.411 6  0.498  156.2
1981 06 08 -0.175 -0.524 6  0.552  176.2
1981 06 09 -0.061 -0.622 6  0.625  200.8
1981 06 10  0.057 -0.701 7  0.703  226.1
1981 06 11  0.173 -0.759 7  0.779  249.4
1981 06 12  0.282 -0.795 7  0.843  268.8
1981 06 13  0.379 -0.807 7  0.892  282.7
1981 06 14  0.459 -0.797 7  0.920  290.0
1981 06 15  0.519 -0.766 7  0.925  290.0
1981 06 16  0.555 -0.715 7  0.905  282.4
1981 06 17  0.565 -0.650 7  0.861  267.3
1981 06 18  0.547 -0.572 7  0.792  244.8
1981 06 19  0.501 -0.489 8  0.700  215.9
1981 06 20  0.430 -0.403 8  0.589  181.4
1981 06 21  0.335 -0.320 8  0.464  142.9
1981 06 22  0.221 -0.246 7  0.331  102.6
1981 06 23  0.093 -0.184 7  0.206   65.2
1981 06 24 -0.043 -0.137 6  0.144   46.0
1981 06 25 -0.182 -0.110 5  0.212   64.3
1981 06 26 -0.315 -0.103 5  0.331   98.7
1981 06 27 -0.436 -0.116 5  0.451  134.0
1981 06 28 -0.538 -0.150 5  0.558  165.9
1981 06 29 -0.615 -0.201 5  0.647  192.7
1981 06 30 -0.662 -0.267 5  0.714  213.4
1981 07 01 -0.675 -0.342 5  0.757  227.7
1981 07 02 -0.652 -0.423 5  0.777  235.6
1981 07 03 -0.592 -0.502 5  0.776  237.9
1981 07 04 -0.497 -0.573 6  0.759  235.6
1981 07 05 -0.368 -0.631 6  0.731  230.3
1981 07 06 -0.211 -0.670 6  0.702  224.2
1981 07 07 -0.031 -0.683 6  0.684  219.9
1981 07 08  0.164 -0.667 7  0.687  220.0
1981 07 09  0.365 -0.619 7  0.719  226.4
1981 07 10  0.564 -0.537 8  0.779  239.9
1981 07 11  0.751 -0.422 8  0.861  259.8
1981 07 12  0.917 -0.274 8  0.957  284.5
1981 07 13  1.053 -0.097 8  1.058  312.4
1981 07 14  1.152  0.104 1  1.157  341.7
1981 07 15  1.208  0.322 1  1.250  371.3
1981 07 16  1.215  0.550 1  1.334  400.0
1981 07 17  1.172  0.780 1  1.408  427.2
1981 07 18  1.077  1.001 1  1.471  452.5
1981 07 19  0.933  1.206 2  1.525  475.6
1981 07 20  0.742  1.385 2  1.571  496.3
1981 07 21  0.511  1.530 2  1.613  514.6
1981 07 22  0.247  1.634 2  1.652  530.5
1981 07 23 -0.042  1.691 3  1.691  543.9
1981 07 24 -0.344  1.696 3  1.731  554.9
1981 07 25 -0.649  1.649 3  1.772  563.7
1981 07 26 -0.945  1.547 3  1.813  570.3
1981 07 27 -1.223  1.393 3  1.854  575.3
1981 07 28 -1.471  1.190 4  1.892  578.8
1981 07 29 -1.680  0.945 4  1.928  581.6
1981 07 30 -1.843  0.663 4  1.959  584.4
1981 07 31 -1.953  0.354 4  1.985  587.7
1981 08 01 -2.007  0.027 4  2.007  592.4
1981 08 02 -2.001 -0.308 5  2.025  598.9
1981 08 03 -1.937 -0.641 5  2.040  607.7
1981 08 04 -1.816 -0.961 5  2.054  618.7
1981 08 05 -1.642 -1.260 5  2.069  631.6
1981 08 06 -1.422 -1.527 6  2.086  646.0
1981 08 07 -1.161 -1.757 6  2.106  660.9
1981 08 08 -0.870 -1.943 6  2.129  675.4
1981 08 09 -0.557 -2.080 6  2.153  688.7
1981 08 10 -0.230 -2.166 6  2.178  699.8
1981 08 11  0.099 -2.200 7  2.202  708.1
1981 08 12  0.423 -2.183 7  2.224  713.0
1981 08 13  0.733 -2.117 7  2.240  714.2
1981 08 14  1.021 -2.005 7  2.250  711.8
1981 08 15  1.282 -1.853 7  2.253  705.8
1981 08 16  1.509 -1.666 7  2.248  696.7
1981 08 17  1.700 -1.449 8  2.234  685.0
1981 08 18  1.853 -1.211 8  2.213  671.4
1981 08 19  1.966 -0.956 8  2.186  656.6
1981 08 20  2.039 -0.692 8  2.153  641.6
1981 08 21  2.074 -0.424 8  2.117  627.1
1981 08 22  2.072 -0.157 8  2.078  613.8
1981 08 23  2.037  0.104 1  2.040  602.2
1981 08 24  1.971  0.355 1  2.003  593.0
1981 08 25  1.878  0.593 1  1.969  586.2
1981 08 26  1.760  0.816 1  1.940  581.9
1981 08 27  1.621  1.021 1  1.915  580.2
1981 08 28  1.463  1.207 1  1.897  580.7
1981 08 29  1.289  1.374 2  1.884  583.2
1981 08 30  1.101  1.521 2  1.878  587.2
1981 08 31  0.902  1.646 2  1.877  592.6
1981 09 01  0.692  1.750 2  1.882  598.8
1981 09 02  0.475  1.832 2  1.892  605.5
1981 09 03  0.251  1.890 2  1.907  612.4
1981 09 04  0.022  1.925 2  1.925  619.1
1981 09 05 -0.209  1.935 3  1.946  625.3
1981 09 06 -0.440  1.919 3  1.969  630.7
1981 09 07 -0.669  1.877 3  1.992  635.0
1981 09 08 -0.891  1.808 3  2.015  638.1
1981 09 09 -1.104  1.712 3  2.037  639.6
1981 09 10 -1.304  1.589 3  2.055  639.6
1981 09 11 -1.486  1.440 4  2.069  637.7
1981 09 12 -1.647  1.266 4  2.078  634.2
1981 09 13 -1.783  1.071 4  2.080  628.9
1981 09 14 -1.890  0.856 4  2.075  622.0
1981 09 15 -1.965  0.626 4  2.062  613.8
1981 09 16 -2.005  0.385 4  2.041  604.5
1981 09 17 -2.009  0.137 4  2.014  594.6
1981 09 18 -1.976 -0.111 5  1.979  584.3
1981 09 19 -1.906 -0.354 5  1.939  574.1
1981 09 20 -1.802 -0.588 5  1.895  564.3
1981 09 21 -1.664 -0.805 5  1.848  555.1
1981 09 22 -1.496 -1.002 5  1.800  546.6
1981 09 23 -1.303 -1.174 5  1.754  538.9
1981 09 24 -1.089 -1.317 6  1.709  531.8
1981 09 25 -0.860 -1.430 6  1.669  525.2
1981 09 26 -0.622 -1.509 6  1.632  518.9
1981 09 27 -0.380 -1.555 6  1.601  512.6
1981 09 28 -0.141 -1.569 6  1.575  506.2
1981 09 29  0.091 -1.551 7  1.553  499.4
1981 09 30  0.311 -1.504 7  1.536  492.2
1981 10 01  0.514 -1.432 7  1.521  484.7
1981 10 02  0.698 -1.338 7  1.509  476.9
1981 10 03  0.859 -1.226 7  1.497  468.8
1981 10 04  0.998 -1.101 7  1.486  460.6
1981 10 05  1.113 -0.968 8  1.475  452.5
1981 10 06  1.204 -0.830 8  1.462  444.4
1981 10 07  1.272 -0.691 8  1.448  436.4
1981 10 08  1.320 -0.554 8  1.431  428.4
1981 10 09  1.348 -0.423 8  1.413  420.4
1981 10 10  1.359 -0.298 8  1.391  412.3
1981 10 11  1.354 -0.181 8  1.366  403.9
1981 10 12  1.336 -0.072 8  1.338  395.1
1981 10 13  1.306  0.028 1  1.307  385.7
1981 10 14  1.266  0.120 1  1.271  375.6
1981 10 15  1.215  0.205 1  1.232  364.7
1981 10 16  1.155  0.285 1  1.190  353.0
1981 10 17  1.085  0.360 1  1.143  340.6
1981 10 18  1.005  0.431 1  1.094  327.5
1981 10 19  0.915  0.499 1  1.042  314.1
1981 10 20  0.813  0.564 1  0.989  300.8
1981 10 21  0.699  0.626 1  0.938  288.3
1981 10 22  0.573  0.684 2  0.892  277.5
1981 10 23  0.435  0.738 2  0.856  269.7
1981 10 24  0.285  0.784 2  0.835  265.9
1981 10 25  0.125  0.823 2  0.832  267.1
1981 10 26 -0.043  0.850 3  0.852  273.8
1981 10 27 -0.217  0.865 3  0.892  285.5
1981 10 28 -0.392  0.865 3  0.950  301.3
1981 10 29 -0.565  0.848 3  1.019  319.7
1981 10 30 -0.730  0.814 3  1.093  339.0
1981 10 31 -0.884  0.760 4  1.166  357.5
1981 11 01 -1.020  0.688 4  1.230  373.6
1981 11 02 -1.133  0.599 4  1.282  386.1
1981 11 03 -1.220  0.494 4  1.317  393.7
1981 11 04 -1.277  0.375 4  1.331  395.7
1981 11 05 -1.299  0.247 4  1.323  391.7
1981 11 06 -1.286  0.114 4  1.291  381.4
1981 11 07 -1.237 -0.021 5  1.237  365.1
1981 11 08 -1.152 -0.152 5  1.162  343.5
1981 11 09 -1.033 -0.275 5  1.069  317.5
1981 11 10 -0.885 -0.383 5  0.964  288.8
1981 11 11 -0.711 -0.474 5  0.855  259.4
1981 11 12 -0.518 -0.543 6  0.750  232.1
1981 11 13 -0.312 -0.588 6  0.665  210.2
1981 11 14 -0.101 -0.605 6  0.614  196.9
1981 11 15  0.107 -0.596 7  0.605  194.1
1981 11 16  0.306 -0.559 7  0.637  201.1
1981 11 17  0.486 -0.496 7  0.695  214.7
1981 11 18  0.643 -0.411 8  0.763  231.2
1981 11 19  0.768 -0.306 8  0.827  247.3
1981 11 20  0.859 -0.187 8  0.880  260.7
1981 11 21  0.912 -0.059 8  0.914  269.9
1981 11 22  0.925  0.073 1  0.928  274.0
1981 11 23  0.898  0.202 1  0.920  272.8
1981 11 24  0.831  0.323 1  0.892  266.6
1981 11 25  0.730  0.430 1  0.847  256.0
1981 11 26  0.596  0.518 1  0.790  242.4
1981 11 27  0.437  0.583 2  0.729  227.6
1981 11 28  0.259  0.621 2  0.672  213.7
1981 11 29  0.068  0.629 2  0.633  203.4
1981 11 30 -0.127  0.608 3  0.622  199.2
1981 12 01 -0.320  0.558 3  0.643  202.6
1981 12 02 -0.502  0.479 4  0.693  213.6
1981 12 03 -0.667  0.374 4  0.765  230.7
1981 12 04 -0.809  0.247 4  0.846  251.7
1981 12 05 -0.923  0.102 4  0.929  274.5
1981 12 06 -1.006 -0.055 5  1.007  297.3
1981 12 07 -1.053 -0.220 5  1.076  318.8
1981 12 08 -1.065 -0.386 5  1.133  338.0
1981 12 09 -1.042 -0.547 5  1.177  354.3
1981 12 10 -0.984 -0.699 5  1.207  367.3
1981 12 11 -0.895 -0.835 5  1.224  376.7
1981 12 12 -0.778 -0.952 6  1.229  382.7
1981 12 13 -0.637 -1.046 6  1.225  385.3
1981 12 14 -0.479 -1.113 6  1.212  384.8
1981 12 15 -0.307 -1.152 6  1.192  381.4
1981 12 16 -0.130 -1.162 6  1.169  375.6
1981 12 17  0.049 -1.142 7  1.143  367.7
1981 12 18  0.223 -1.095 7  1.117  358.1
1981 12 19  0.387 -1.020 7  1.091  347.5
1981 12 20  0.537 -0.922 7  1.067  336.2
1981 12 21  0.668 -0.803 7  1.045  324.9
1981 12 22  0.778 -0.667 8  1.025  314.2
1981 12 23  0.865 -0.517 8  1.008  304.7
1981 12 24  0.927 -0.358 8  0.994  297.0
1981 12 25  0.964 -0.195 8  0.984  291.5
1981 12 26  0.977 -0.031 8  0.977  288.5
1981 12 27  0.966  0.130 1  0.974  288.1
1981 12 28  0.933  0.284 1  0.975  290.1
1981 12 29  0.881  0.428 1  0.979  294.2
1981 12 30  0.812  0.559 1  0.986  299.6
1981 12 31  0.730  0.675 1  0.994  305.9
1982 01 01  0.637  0.775 2  1.003  312.2
1982 01 02  0.538  0.857 2  1.011  317.9
1982 01 03  0.434  0.920 2  1.018  322.5
1982 01 04  0.328  0.966 2  1.020  325.4
1982 01 05  0.225  0.993 2  1.019  326.3
1982 01 06  0.125  1.004 2  1.012  324.9
1982 01 07  0.031  0.998 2  0.999  321.1
1982 01 08 -0.055  0.978 3  0.979  314.8
1982 01 09 -0.133  0.944 3  0.954  306.2
1982 01 10 -0.200  0.899 3  0.921  295.2
1982 01 11 -0.258  0.845 3  0.883  282.1
1982 01 12 -0.306  0.782 3  0.840  267.2
1982 01 13 -0.343  0.714 3  0.792  250.8
1982 01 14 -0.370  0.641 3  0.740  233.2
1982 01 15 -0.389  0.564 3  0.685  214.7
1982 01 16 -0.399  0.487 3  0.629  195.8
1982 01 17 -0.401  0.409 3  0.573  176.9
1982 01 18 -0.397  0.331 4  0.517  158.4
1982 01 19 -0.388  0.255 4  0.464  140.9
1982 01 20 -0.374  0.182 4  0.416  125.0
1982 01 21 -0.357  0.111 4  0.374  111.3
1982 01 22 -0.338  0.043 4  0.340  100.6
1982 01 23 -0.317 -0.022 5  0.318   93.8
1982 01 24 -0.295 -0.084 5  0.307   91.2
1982 01 25 -0.274 -0.142 5  0.308   92.7
1982 01 26 -0.252 -0.197 5  0.320   97.7
1982 01 27 -0.231 -0.248 6  0.339  105.1
1982 01 28 -0.212 -0.297 6  0.365  114.1
1982 01 29 -0.193 -0.342 6  0.393  123.9
1982 01 30 -0.174 -0.385 6  0.423  134.0
1982 01 31 -0.157 -0.424 6  0.452  144.1
1982 02 01 -0.139 -0.461 6  0.481  153.7
1982 02 02 -0.121 -0.494 6  0.508  162.8
1982 02 03 -0.102 -0.524 6  0.533  171.0
1982 02 04 -0.082 -0.549 6  0.556  178.3
1982 02 05 -0.061 -0.571 6  0.574  184.5
1982 02 06 -0.037 -0.588 6  0.589  189.5
1982 02 07 -0.011 -0.600 6  0.600  193.1
1982 02 08  0.017 -0.607 7  0.607  195.2
1982 02 09  0.047 -0.607 7  0.609  195.8
1982 02 10  0.079 -0.602 7  0.607  194.9
1982 02 11  0.113 -0.589 7  0.600  192.4
1982 02 12  0.148 -0.570 7  0.589  188.5
1982 02 13  0.184 -0.544 7  0.574  183.1
1982 02 14  0.218 -0.511 7  0.555  176.4
1982 02 15  0.252 -0.471 7  0.534  168.6
1982 02 16  0.283 -0.424 7  0.510  160.0
1982 02 17  0.311 -0.372 7  0.485  150.8
1982 02 18  0.336 -0.314 8  0.460  141.5
1982 02 19  0.356 -0.251 8  0.435  132.5
1982 02 20  0.370 -0.185 8  0.414  124.4
1982 02 21  0.379 -0.115 8  0.396  117.8
1982 02 22  0.381 -0.043 8  0.384  113.4
1982 02 23  0.378  0.030 1  0.379  111.9
1982 02 24  0.368  0.104 1  0.382  113.6
1982 02 25  0.351  0.177 1  0.394  118.4
1982 02 26  0.329  0.249 1  0.413  125.9
1982 02 27  0.300  0.319 2  0.438  135.7
1982 02 28  0.267  0.386 2  0.469  147.1
1982 03 01  0.228  0.450 2  0.504  159.5
1982 03 02  0.184  0.508 2  0.541  172.3
1982 03 03  0.137  0.562 2  0.579  185.2
1982 03 04  0.086  0.610 2  0.616  197.8
1982 03 05  0.033  0.651 2  0.652  209.5
1982 03 06 -0.023  0.685 3  0.685  220.3
1982 03 07 -0.081  0.710 3  0.715  229.6
1982 03 08 -0.139  0.727 3  0.740  237.3
1982 03 09 -0.198  0.734 3  0.760  243.1
1982 03 10 -0.256  0.731 3  0.774  246.8
1982 03 11 -0.312  0.717 3  0.782  248.4
1982 03 12 -0.367  0.693 3  0.784  247.6
1982 03 13 -0.418  0.657 3  0.778  244.6
1982 03 14 -0.466  0.609 3  0.767  239.3
1982 03 15 -0.508  0.551 3  0.749  232.1
1982 03 16 -0.544  0.482 4  0.727  223.2
1982 03 17 -0.574  0.403 4  0.701  213.2
1982 03 18 -0.595  0.315 4  0.673  202.7
1982 03 19 -0.607  0.219 4  0.645  192.5
1982 03 20 -0.610  0.116 4  0.621  183.8
1982 03 21 -0.602  0.010 4  0.602  177.7
1982 03 22 -0.583 -0.100 5  0.592  175.1
1982 03 23 -0.553 -0.210 5  0.591  176.6
1982 03 24 -0.512 -0.318 5  0.602  182.4
1982 03 25 -0.460 -0.422 5  0.624  191.9
1982 03 26 -0.397 -0.520 6  0.654  204.3
1982 03 27 -0.325 -0.610 6  0.691  218.4
1982 03 28 -0.245 -0.690 6  0.732  233.2
1982 03 29 -0.157 -0.757 6  0.773  247.8
1982 03 30 -0.064 -0.811 6  0.814  261.5
1982 03 31  0.033 -0.850 7  0.851  273.5
1982 04 01  0.131 -0.873 7  0.883  283.5
1982 04 02  0.229 -0.881 7  0.910  291.1
1982 04 03  0.324 -0.872 7  0.930  296.1
1982 04 04  0.414 -0.846 7  0.942  298.4
1982 04 05  0.498 -0.806 7  0.947  297.8
1982 04 06  0.572 -0.750 7  0.944  294.5
1982 04 07  0.636 -0.682 7  0.932  288.6
1982 04 08  0.687 -0.601 8  0.913  280.2
1982 04 09  0.725 -0.510 8  0.886  269.6
1982 04 10  0.747 -0.411 8  0.853  257.2
1982 04 11  0.754 -0.306 8  0.814  243.4
1982 04 12  0.745 -0.196 8  0.770  228.7
1982 04 13  0.719 -0.083 8  0.724  214.0
1982 04 14  0.677  0.029 1  0.678  200.1
1982 04 15  0.619  0.140 1  0.635  188.3
1982 04 16  0.547  0.246 1  0.599  179.7
1982 04 17  0.460  0.345 1  0.575  175.5
1982 04 18  0.361  0.437 2  0.567  176.4
1982 04 19  0.252  0.518 2  0.576  182.3
1982 04 20  0.134  0.586 2  0.601  192.5
1982 04 21  0.010  0.640 2  0.640  205.8
1982 04 22 -0.117  0.678 3  0.688  220.7
1982 04 23 -0.244  0.699 3  0.740  235.9
1982 04 24 -0.368  0.701 3  0.791  250.1
1982 04 25 -0.486  0.683 3  0.839  262.4
1982 04 26 -0.594  0.646 3  0.878  272.0
1982 04 27 -0.690  0.589 4  0.907  278.2
1982 04 28 -0.769  0.514 4  0.924  280.6
1982 04 29 -0.828  0.420 4  0.929  279.3
1982 04 30 -0.865  0.310 4  0.919  274.2
1982 05 01 -0.878  0.187 4  0.898  266.0
1982 05 02 -0.864  0.054 4  0.866  255.6
1982 05 03 -0.823 -0.087 5  0.828  244.5
1982 05 04 -0.754 -0.230 5  0.788  234.5
1982 05 05 -0.658 -0.371 5  0.756  228.0
1982 05 06 -0.536 -0.507 5  0.738  227.2
1982 05 07 -0.391 -0.631 6  0.743  233.6
1982 05 08 -0.226 -0.740 6  0.774  247.3
1982 05 09 -0.045 -0.829 6  0.831  267.0
1982 05 10  0.148 -0.895 7  0.907  291.0
1982 05 11  0.346 -0.933 7  0.995  316.9
1982 05 12  0.546 -0.941 7  1.088  342.8
1982 05 13  0.739 -0.918 7  1.179  367.1
1982 05 14  0.921 -0.863 8  1.262  388.6
1982 05 15  1.086 -0.776 8  1.335  406.3
1982 05 16  1.228 -0.659 8  1.394  419.9
1982 05 17  1.342 -0.514 8  1.437  429.3
1982 05 18  1.425 -0.345 8  1.466  435.1
1982 05 19  1.474 -0.155 8  1.482  437.9
1982 05 20  1.486  0.050 1  1.487  438.9
1982 05 21  1.460  0.265 1  1.484  439.4
1982 05 22  1.398  0.483 1  1.479  440.9
1982 05 23  1.299  0.699 1  1.476  444.6
1982 05 24  1.167  0.907 1  1.478  451.5
1982 05 25  1.005  1.101 2  1.491  462.0
1982 05 26  0.817  1.276 2  1.515  475.9
1982 05 27  0.608  1.426 2  1.551  492.6
1982 05 28  0.383  1.549 2  1.596  510.8
1982 05 29  0.147  1.641 2  1.648  529.5
1982 05 30 -0.095  1.700 3  1.702  547.3
1982 05 31 -0.335  1.724 3  1.756  563.1
1982 06 01 -0.571  1.713 3  1.806  576.0
1982 06 02 -0.796  1.668 3  1.848  585.5
1982 06 03 -1.007  1.589 3  1.882  591.2
1982 06 04 -1.200  1.480 3  1.905  593.2
1982 06 05 -1.371  1.342 4  1.918  591.5
1982 06 06 -1.518  1.178 4  1.922  586.8
1982 06 07 -1.639  0.993 4  1.916  579.6
1982 06 08 -1.732  0.789 4  1.904  570.8
1982 06 09 -1.796  0.572 4  1.885  561.3
1982 06 10 -1.831  0.345 4  1.863  551.7
1982 06 11 -1.835  0.112 4  1.839  542.9
1982 06 12 -1.809 -0.122 5  1.814  535.5
1982 06 13 -1.753 -0.353 5  1.788  529.8
1982 06 14 -1.667 -0.577 5  1.764  525.9
1982 06 15 -1.552 -0.789 5  1.741  523.7
1982 06 16 -1.410 -0.985 5  1.720  523.0
1982 06 17 -1.241 -1.162 5  1.700  523.2
1982 06 18 -1.047 -1.316 6  1.682  524.0
1982 06 19 -0.832 -1.443 6  1.666  525.0
1982 06 20 -0.599 -1.540 6  1.653  526.0
1982 06 21 -0.351 -1.606 6  1.644  526.7
1982 06 22 -0.093 -1.637 6  1.640  527.2
1982 06 23  0.169 -1.633 7  1.642  527.6
1982 06 24  0.431 -1.593 7  1.651  527.9
1982 06 25  0.686 -1.518 7  1.665  528.3
1982 06 26  0.927 -1.407 7  1.685  528.9
1982 06 27  1.148 -1.265 7  1.708  529.4
1982 06 28  1.342 -1.094 8  1.731  529.8
1982 06 29  1.504 -0.898 8  1.752  529.6
1982 06 30  1.627 -0.683 8  1.765  528.2
1982 07 01  1.708 -0.455 8  1.768  525.0
1982 07 02  1.744 -0.220 8  1.758  519.5
1982 07 03  1.732  0.015 1  1.732  511.1
1982 07 04  1.672  0.242 1  1.689  499.5
1982 07 05  1.565  0.455 1  1.630  484.6
1982 07 06  1.416  0.645 1  1.556  466.5
1982 07 07  1.227  0.808 1  1.469  445.7
1982 07 08  1.007  0.937 1  1.375  423.2
1982 07 09  0.761  1.029 2  1.280  399.9
1982 07 10  0.500  1.080 2  1.190  377.4
1982 07 11  0.233  1.090 2  1.114  357.1
1982 07 12 -0.031  1.058 3  1.059  340.4
1982 07 13 -0.282  0.987 3  1.027  328.3
1982 07 14 -0.511  0.881 3  1.019  321.0
1982 07 15 -0.709  0.744 3  1.028  317.9
1982 07 16 -0.869  0.583 4  1.047  317.8
1982 07 17 -0.987  0.405 4  1.067  319.1
1982 07 18 -1.058  0.218 4  1.080  319.9
1982 07 19 -1.080  0.029 4  1.081  319.0
1982 07 20 -1.055 -0.151 5  1.066  315.2
1982 07 21 -0.985 -0.317 5  1.035  308.1
1982 07 22 -0.874 -0.461 5  0.988  297.5
1982 07 23 -0.729 -0.577 5  0.929  284.0
1982 07 24 -0.557 -0.660 6  0.864  268.4
1982 07 25 -0.367 -0.708 6  0.797  252.1
1982 07 26 -0.168 -0.719 6  0.739  236.5
1982 07 27  0.030 -0.694 7  0.695  223.3
1982 07 28  0.218 -0.635 7  0.671  213.9
1982 07 29  0.387 -0.545 7  0.668  209.0
1982 07 30  0.530 -0.429 8  0.682  208.5
1982 07 31  0.641 -0.293 8  0.705  211.5
1982 08 01  0.716 -0.145 8  0.730  216.4
1982 08 02  0.751  0.009 1  0.751  221.8
1982 08 03  0.747  0.161 1  0.764  226.5
1982 08 04  0.704  0.305 1  0.767  229.8
1982 08 05  0.626  0.433 1  0.761  231.3
1982 08 06  0.516  0.541 2  0.748  231.2
1982 08 07  0.380  0.624 2  0.731  229.9
1982 08 08  0.226  0.678 2  0.715  228.1
1982 08 09  0.059  0.703 2  0.705  226.7
1982 08 10 -0.112  0.697 3  0.706  226.6
1982 08 11 -0.281  0.662 3  0.719  228.4
1982 08 12 -0.440  0.599 3  0.743  232.4
1982 08 13 -0.583  0.513 4  0.777  238.5
1982 08 14 -0.707  0.406 4  0.815  246.2
1982 08 15 -0.806  0.284 4  0.855  254.9
1982 08 16 -0.879  0.151 4  0.892  264.0
1982 08 17 -0.924  0.013 4  0.924  272.7
1982 08 18 -0.941 -0.126 5  0.949  280.6
1982 08 19 -0.931 -0.261 5  0.967  287.3
1982 08 20 -0.896 -0.389 5  0.977  292.6
1982 08 21 -0.840 -0.506 5  0.981  296.5
1982 08 22 -0.765 -0.609 5  0.978  299.0
1982 08 23 -0.676 -0.698 6  0.972  300.3
1982 08 24 -0.576 -0.771 6  0.962  300.5
1982 08 25 -0.469 -0.827 6  0.951  299.9
1982 08 26 -0.358 -0.868 6  0.939  298.5
1982 08 27 -0.247 -0.894 6  0.927  296.6
1982 08 28 -0.138 -0.906 6  0.916  294.1
1982 08 29 -0.033 -0.905 6  0.906  291.3
1982 08 30  0.067 -0.893 7  0.896  288.0
1982 08 31  0.160 -0.872 7  0.886  284.3
1982 09 01  0.246 -0.842 7  0.877  280.2
1982 09 02  0.325 -0.804 7  0.867  275.8
1982 09 03  0.398 -0.759 7  0.857  270.9
1982 09 04  0.464 -0.708 7  0.846  265.6
1982 09 05  0.524 -0.650 7  0.835  260.0
1982 09 06  0.579 -0.586 7  0.823  254.2
1982 09 07  0.628 -0.514 8  0.811  248.4
1982 09 08  0.671 -0.436 8  0.800  242.7
1982 09 09  0.708 -0.351 8  0.791  237.6
1982 09 10  0.739 -0.259 8  0.783  233.5
1982 09 11  0.763 -0.159 8  0.779  230.9
1982 09 12  0.778 -0.052 8  0.780  230.3
1982 09 13  0.784  0.060 1  0.786  232.2
1982 09 14  0.779  0.178 1  0.799  237.0
1982 09 15  0.762  0.299 1  0.819  244.7
1982 09 16  0.733  0.421 1  0.845  255.1
1982 09 17  0.690  0.542 1  0.877  267.9
1982 09 18  0.632  0.659 2  0.913  282.4
1982 09 19  0.561  0.770 2  0.952  297.7
1982 09 20  0.476  0.870 2  0.992  313.1
1982 09 21  0.378  0.958 2  1.030  327.6
1982 09 22  0.269  1.030 2  1.064  340.5
1982 09 23  0.151  1.082 2  1.093  350.9
1982 09 24  0.026  1.114 2  1.114  358.4
1982 09 25 -0.101  1.122 3  1.127  362.2
1982 09 26 -0.229  1.106 3  1.130  362.1
1982 09 27 -0.353  1.065 3  1.122  357.8
1982 09 28 -0.469  0.997 3  1.102  349.4
1982 09 29 -0.574  0.906 3  1.072  337.0
1982 09 30 -0.664  0.791 3  1.032  321.0
1982 10 01 -0.734  0.655 4  0.984  302.3
1982 10 02 -0.783  0.502 4  0.930  281.9
1982 10 03 -0.807  0.335 4  0.874  261.5
1982 10 04 -0.805  0.158 4  0.821  243.0
1982 10 05 -0.775 -0.024 5  0.776  229.0
1982 10 06 -0.718 -0.205 5  0.746  221.8
1982 10 07 -0.632 -0.381 5  0.738  223.2
1982 10 08 -0.521 -0.545 6  0.753  233.0
1982 10 09 -0.385 -0.692 6  0.792  249.9
1982 10 10 -0.229 -0.818 6  0.850  271.6
1982 10 11 -0.056 -0.918 6  0.919  295.6
1982 10 12  0.128 -0.987 7  0.995  319.7
1982 10 13  0.318 -1.024 7  1.072  342.3
1982 10 14  0.509 -1.025 7  1.144  362.1
1982 10 15  0.694 -0.990 7  1.208  378.4
1982 10 16  0.865 -0.918 7  1.262  390.5
1982 10 17  1.018 -0.813 8  1.303  398.2
1982 10 18  1.146 -0.675 8  1.330  401.8
1982 10 19  1.242 -0.509 8  1.343  401.6
1982 10 20  1.303 -0.321 8  1.342  398.3
1982 10 21  1.325 -0.115 8  1.330  392.9
1982 10 22  1.305  0.100 1  1.309  386.6
1982 10 23  1.242  0.319 1  1.283  380.7
1982 10 24  1.137  0.532 1  1.255  376.6
1982 10 25  0.990  0.732 1  1.232  375.4
1982 10 26  0.807  0.912 2  1.218  377.9
1982 10 27  0.591  1.065 2  1.218  384.4
1982 10 28  0.349  1.184 2  1.235  394.6
1982 10 29  0.089  1.265 2  1.269  407.8
1982 10 30 -0.181  1.304 3  1.317  422.9
1982 10 31 -0.451  1.300 3  1.376  438.6
1982 11 01 -0.714  1.250 3  1.440  453.9
1982 11 02 -0.958  1.158 3  1.503  467.7
1982 11 03 -1.176  1.026 4  1.561  479.0
1982 11 04 -1.360  0.859 4  1.608  487.2
1982 11 05 -1.502  0.663 4  1.642  492.0
1982 11 06 -1.598  0.445 4  1.659  493.0
1982 11 07 -1.645  0.214 4  1.659  490.4
1982 11 08 -1.640 -0.022 5  1.641  484.3
1982 11 09 -1.586 -0.254 5  1.606  475.1
1982 11 10 -1.483 -0.473 5  1.556  463.4
1982 11 11 -1.337 -0.671 5  1.496  449.7
1982 11 12 -1.154 -0.841 5  1.428  434.9
1982 11 13 -0.941 -0.977 6  1.357  419.5
1982 11 14 -0.708 -1.075 6  1.288  404.1
1982 11 15 -0.464 -1.133 6  1.224  389.2
1982 11 16 -0.219 -1.149 6  1.170  375.2
1982 11 17  0.017 -1.125 7  1.125  361.9
1982 11 18  0.236 -1.064 7  1.090  349.3
1982 11 19  0.430 -0.971 7  1.062  336.9
1982 11 20  0.591 -0.850 7  1.036  324.3
1982 11 21  0.716 -0.710 8  1.008  311.0
1982 11 22  0.800 -0.557 8  0.975  296.4
1982 11 23  0.843 -0.400 8  0.933  280.0
1982 11 24  0.845 -0.246 8  0.880  261.7
1982 11 25  0.810 -0.103 8  0.816  241.3
1982 11 26  0.741  0.024 1  0.741  218.8
1982 11 27  0.644  0.127 1  0.657  194.6
1982 11 28  0.527  0.204 1  0.565  168.9
1982 11 29  0.397  0.253 1  0.470  142.6
1982 11 30  0.261  0.271 2  0.377  116.4
1982 12 01  0.128  0.261 2  0.291   92.0
1982 12 02  0.005  0.224 2  0.224   72.0
1982 12 03 -0.103  0.164 3  0.193   60.8
1982 12 04 -0.189  0.086 4  0.207   62.2
1982 12 05 -0.250 -0.005 5  0.250   73.9
1982 12 06 -0.284 -0.102 5  0.302   90.2
1982 12 07 -0.291 -0.200 5  0.353  107.2
1982 12 08 -0.270 -0.291 6  0.398  123.1
1982 12 09 -0.226 -0.371 6  0.435  136.8
1982 12 10 -0.161 -0.435 6  0.463  147.6
1982 12 11 -0.079 -0.477 6  0.484  155.2
1982 12 12  0.012 -0.496 7  0.496  159.6
1982 12 13  0.108 -0.490 7  0.502  160.8
1982 12 14  0.202 -0.459 7  0.501  159.1
1982 12 15  0.290 -0.402 7  0.496  155.1
1982 12 16  0.365 -0.324 8  0.488  149.8
1982 12 17  0.423 -0.226 8  0.480  144.5
1982 12 18  0.461 -0.113 8  0.475  140.9
1982 12 19  0.477  0.011 1  0.478  141.0
1982 12 20  0.470  0.141 1  0.491  146.0
1982 12 21  0.440  0.272 1  0.517  156.5
1982 12 22  0.388  0.398 2  0.556  171.7
1982 12 23  0.316  0.516 2  0.605  190.3
1982 12 24  0.229  0.620 2  0.661  210.6
1982 12 25  0.129  0.709 2  0.720  231.0
1982 12 26  0.021  0.778 2  0.779  250.3
1982 12 27 -0.090  0.827 3  0.832  267.3
1982 12 28 -0.199  0.855 3  0.878  281.1
1982 12 29 -0.303  0.861 3  0.913  291.0
1982 12 30 -0.397  0.847 3  0.935  296.5
1982 12 31 -0.478  0.814 3  0.944  297.3
1983 01 01 -0.544  0.764 3  0.937  293.4
1983 01 02 -0.592  0.699 3  0.916  284.7
1983 01 03 -0.622  0.623 3  0.880  271.7
1983 01 04 -0.633  0.538 4  0.831  254.7
1983 01 05 -0.627  0.447 4  0.770  234.3
1983 01 06 -0.604  0.353 4  0.700  211.4
1983 01 07 -0.567  0.258 4  0.623  186.8
1983 01 08 -0.517  0.165 4  0.543  161.7
1983 01 09 -0.458  0.076 4  0.464  137.3
1983 01 10 -0.391 -0.008 5  0.391  115.5
1983 01 11 -0.320 -0.085 5  0.331   98.4
1983 01 12 -0.248 -0.156 5  0.293   88.7
1983 01 13 -0.176 -0.219 6  0.281   87.6
1983 01 14 -0.107 -0.275 6  0.295   94.0
1983 01 15 -0.043 -0.324 6  0.327  104.9
1983 01 16  0.016 -0.365 7  0.366  117.6
1983 01 17  0.067 -0.400 7  0.406  130.3
1983 01 18  0.111 -0.429 7  0.443  141.9
1983 01 19  0.147 -0.453 7  0.476  152.0
1983 01 20  0.177 -0.472 7  0.504  160.4
1983 01 21  0.199 -0.486 7  0.525  166.9
1983 01 22  0.216 -0.496 7  0.540  171.6
1983 01 23  0.227 -0.501 7  0.550  174.6
1983 01 24  0.234 -0.504 7  0.555  176.0
1983 01 25  0.238 -0.502 7  0.555  175.9
1983 01 26  0.239 -0.496 7  0.551  174.4
1983 01 27  0.239 -0.486 7  0.541  171.4
1983 01 28  0.237 -0.472 7  0.528  167.1
1983 01 29  0.236 -0.453 7  0.510  161.3
1983 01 30  0.233 -0.429 7  0.488  154.2
1983 01 31  0.231 -0.400 7  0.462  145.7
1983 02 01  0.228 -0.367 7  0.432  135.7
1983 02 02  0.224 -0.328 7  0.397  124.5
1983 02 03  0.219 -0.284 7  0.359  112.0
1983 02 04  0.212 -0.237 7  0.317   98.4
1983 02 05  0.202 -0.185 8  0.274   84.2
1983 02 06  0.189 -0.130 8  0.229   69.6
1983 02 07  0.172 -0.073 8  0.186   55.8
1983 02 08  0.150 -0.014 8  0.151   44.5
1983 02 09  0.124  0.044 1  0.131   39.1
1983 02 10  0.092  0.101 2  0.137   42.4
1983 02 11  0.055  0.156 2  0.165   52.6
1983 02 12  0.014  0.206 2  0.206   66.3
1983 02 13 -0.032  0.250 3  0.253   81.1
1983 02 14 -0.081  0.288 3  0.299   95.7
1983 02 15 -0.133  0.317 3  0.344  109.4
1983 02 16 -0.185  0.337 3  0.385  121.5
1983 02 17 -0.237  0.347 3  0.420  131.8
1983 02 18 -0.287  0.346 3  0.449  139.8
1983 02 19 -0.332  0.334 3  0.471  145.4
1983 02 20 -0.372  0.310 4  0.484  148.4
1983 02 21 -0.404  0.277 4  0.489  148.7
1983 02 22 -0.426  0.233 4  0.486  146.5
1983 02 23 -0.438  0.181 4  0.474  141.9
1983 02 24 -0.439  0.122 4  0.455  135.3
1983 02 25 -0.427  0.058 4  0.430  127.3
1983 02 26 -0.402 -0.009 5  0.402  118.6
1983 02 27 -0.364 -0.077 5  0.372  110.3
1983 02 28 -0.315 -0.143 5  0.346  103.7
1983 03 01 -0.255 -0.205 5  0.327  100.0
1983 03 02 -0.186 -0.260 6  0.320  100.1
1983 03 03 -0.110 -0.307 6  0.326  104.0
1983 03 04 -0.028 -0.344 6  0.345  111.0
1983 03 05  0.055 -0.369 7  0.373  119.9
1983 03 06  0.138 -0.382 7  0.406  129.4
1983 03 07  0.218 -0.381 7  0.439  138.4
1983 03 08  0.293 -0.367 7  0.469  146.2
1983 03 09  0.359 -0.340 8  0.494  152.2
1983 03 10  0.414 -0.301 8  0.512  156.0
1983 03 11  0.458 -0.252 8  0.522  157.5
1983 03 12  0.487 -0.194 8  0.524  156.8
1983 03 13  0.502 -0.129 8  0.519  154.0
1983 03 14  0.502 -0.061 8  0.506  149.5
1983 03 15  0.487  0.008 1  0.487  143.8
1983 03 16  0.458  0.075 1  0.464  137.2
1983 03 17  0.415  0.138 1  0.438  130.4
1983 03 18  0.361  0.195 1  0.410  123.6
1983 03 19  0.298  0.242 1  0.384  117.4
1983 03 20  0.228  0.277 2  0.359  111.8
1983 03 21  0.154  0.301 2  0.338  106.8
1983 03 22  0.079  0.310 2  0.320  102.4
1983 03 23  0.005  0.305 2  0.305   98.2
1983 03 24 -0.064  0.286 3  0.294   94.0
1983 03 25 -0.125  0.254 3  0.284   89.8
1983 03 26 -0.177  0.210 3  0.275   85.5
1983 03 27 -0.216  0.156 4  0.267   81.3
1983 03 28 -0.242  0.094 4  0.260   77.7
1983 03 29 -0.253  0.027 4  0.255   75.3
1983 03 30 -0.249 -0.042 5  0.252   74.7
1983 03 31 -0.229 -0.111 5  0.254   76.3
1983 04 01 -0.193 -0.175 5  0.261   80.2
1983 04 02 -0.144 -0.233 6  0.273   86.0
1983 04 03 -0.082 -0.280 6  0.292   93.2
1983 04 04 -0.010 -0.315 6  0.315  101.4
1983 04 05  0.069 -0.336 7  0.343  109.9
1983 04 06  0.153 -0.340 7  0.373  118.5
1983 04 07  0.238 -0.328 7  0.406  126.9
1983 04 08  0.321 -0.299 8  0.439  135.1
1983 04 09  0.398 -0.254 8  0.472  143.1
1983 04 10  0.466 -0.193 8  0.504  150.9
1983 04 11  0.521 -0.118 8  0.534  158.5
1983 04 12  0.561 -0.033 8  0.562  166.0
1983 04 13  0.583  0.060 1  0.586  173.3
1983 04 14  0.586  0.158 1  0.607  180.3
1983 04 15  0.568  0.257 1  0.623  186.8
1983 04 16  0.529  0.352 1  0.635  192.8
1983 04 17  0.469  0.440 1  0.643  197.9
1983 04 18  0.389  0.517 2  0.647  202.1
1983 04 19  0.293  0.580 2  0.649  205.4
1983 04 20  0.181  0.625 2  0.651  208.0
1983 04 21  0.058  0.651 2  0.653  209.9
1983 04 22 -0.072  0.655 3  0.659  211.6
1983 04 23 -0.205  0.637 3  0.669  213.5
1983 04 24 -0.335  0.597 3  0.684  215.9
1983 04 25 -0.459  0.536 3  0.705  219.1
1983 04 26 -0.571  0.456 4  0.730  223.3
1983 04 27 -0.666  0.360 4  0.758  228.3
1983 04 28 -0.742  0.252 4  0.784  233.6
1983 04 29 -0.795  0.136 4  0.807  238.8
1983 04 30 -0.823  0.016 4  0.823  243.0
1983 05 01 -0.824 -0.103 5  0.831  245.6
1983 05 02 -0.799 -0.215 5  0.828  245.9
1983 05 03 -0.749 -0.317 5  0.813  243.4
1983 05 04 -0.675 -0.403 5  0.786  237.8
1983 05 05 -0.582 -0.471 5  0.749  229.0
1983 05 06 -0.472 -0.518 6  0.701  217.3
1983 05 07 -0.352 -0.543 6  0.647  203.1
1983 05 08 -0.226 -0.543 6  0.589  187.1
1983 05 09 -0.100 -0.522 6  0.531  170.3
1983 05 10  0.021 -0.479 7  0.479  154.2
1983 05 11  0.131 -0.418 7  0.438  139.9
1983 05 12  0.226 -0.343 7  0.411  128.9
1983 05 13  0.303 -0.257 8  0.398  121.9
1983 05 14  0.360 -0.166 8  0.396  118.9
1983 05 15  0.394 -0.076 8  0.401  118.8
1983 05 16  0.406  0.010 1  0.406  120.0
1983 05 17  0.398  0.087 1  0.407  120.7
1983 05 18  0.372  0.149 1  0.400  119.7
1983 05 19  0.331  0.195 1  0.384  116.0
1983 05 20  0.281  0.221 1  0.357  109.2
1983 05 21  0.226  0.227 2  0.320   98.9
1983 05 22  0.172  0.213 2  0.274   85.3
1983 05 23  0.124  0.181 2  0.220   68.9
1983 05 24  0.088  0.133 2  0.160   50.2
1983 05 25  0.068  0.074 2  0.100   31.1
1983 05 26  0.066  0.007 1  0.067   19.7
1983 05 27  0.086 -0.061 8  0.105   31.9
1983 05 28  0.126 -0.125 8  0.178   54.8
1983 05 29  0.188 -0.179 8  0.260   80.0
1983 05 30  0.267 -0.219 8  0.346  105.8
1983 05 31  0.361 -0.240 8  0.433  131.5
1983 06 01  0.463 -0.237 8  0.521  156.6
1983 06 02  0.568 -0.210 8  0.606  180.8
1983 06 03  0.669 -0.157 8  0.687  203.7
1983 06 04  0.757 -0.078 8  0.761  224.9
1983 06 05  0.827  0.023 1  0.827  244.2
1983 06 06  0.871  0.143 1  0.883  261.2
1983 06 07  0.884  0.277 1  0.926  275.7
1983 06 08  0.861  0.418 1  0.957  287.6
1983 06 09  0.800  0.560 1  0.977  297.0
1983 06 10  0.700  0.694 1  0.986  304.3
1983 06 11  0.562  0.814 2  0.990  310.1
1983 06 12  0.390  0.913 2  0.992  315.2
1983 06 13  0.187  0.983 2  1.000  320.7
1983 06 14 -0.039  1.019 3  1.020  327.8
1983 06 15 -0.278  1.018 3  1.055  337.5
1983 06 16 -0.524  0.977 3  1.109  350.2
1983 06 17 -0.764  0.896 3  1.178  366.0
1983 06 18 -0.989  0.778 4  1.258  384.4
1983 06 19 -1.190  0.624 4  1.343  404.4
1983 06 20 -1.356  0.440 4  1.426  424.6
1983 06 21 -1.482  0.233 4  1.500  443.7
1983 06 22 -1.560  0.011 4  1.560  460.4
1983 06 23 -1.587 -0.218 5  1.602  473.5
1983 06 24 -1.561 -0.444 5  1.623  482.3
1983 06 25 -1.482 -0.659 5  1.622  486.2
1983 06 26 -1.355 -0.854 5  1.602  485.1
1983 06 27 -1.183 -1.021 5  1.563  479.4
1983 06 28 -0.974 -1.154 6  1.511  469.6
1983 06 29 -0.737 -1.248 6  1.450  456.7
1983 06 30 -0.481 -1.300 6  1.387  441.6
1983 07 01 -0.217 -1.309 6  1.326  425.7
1983 07 02  0.045 -1.274 7  1.275  409.9
1983 07 03  0.294 -1.199 7  1.235  395.3
1983 07 04  0.521 -1.088 7  1.206  382.2
1983 07 05  0.718 -0.946 7  1.187  370.7
1983 07 06  0.877 -0.780 8  1.174  360.4
1983 07 07  0.994 -0.598 8  1.160  350.7
1983 07 08  1.066 -0.407 8  1.141  340.7
1983 07 09  1.091 -0.216 8  1.113  329.5
1983 07 10  1.072 -0.032 8  1.073  316.7
1983 07 11  1.012  0.138 1  1.021  301.9
1983 07 12  0.914  0.289 1  0.959  285.3
1983 07 13  0.786  0.414 1  0.888  267.5
1983 07 14  0.634  0.512 1  0.815  249.2
1983 07 15  0.466  0.580 2  0.744  231.8
1983 07 16  0.291  0.618 2  0.683  216.4
1983 07 17  0.116  0.627 2  0.637  204.4
1983 07 18 -0.052  0.609 3  0.611  196.3
1983 07 19 -0.206  0.567 3  0.603  192.2
1983 07 20 -0.341  0.506 3  0.610  191.3
1983 07 21 -0.452  0.430 4  0.624  192.2
1983 07 22 -0.537  0.345 4  0.639  193.6
1983 07 23 -0.596  0.254 4  0.648  194.0
1983 07 24 -0.628  0.163 4  0.649  192.7
1983 07 25 -0.635  0.076 4  0.639  188.9
1983 07 26 -0.619 -0.004 5  0.619  182.7
1983 07 27 -0.584 -0.075 5  0.589  174.2
1983 07 28 -0.535 -0.134 5  0.552  163.7
1983 07 29 -0.475 -0.182 5  0.509  152.1
1983 07 30 -0.410 -0.219 5  0.465  140.0
1983 07 31 -0.343 -0.245 5  0.422  128.3
1983 08 01 -0.279 -0.261 5  0.383  117.7
1983 08 02 -0.221 -0.272 6  0.350  109.0
1983 08 03 -0.171 -0.277 6  0.326  102.5
1983 08 04 -0.132 -0.281 6  0.311   98.5
1983 08 05 -0.102 -0.286 6  0.304   96.9
1983 08 06 -0.084 -0.294 6  0.306   97.7
1983 08 07 -0.074 -0.306 6  0.315  100.9
1983 08 08 -0.073 -0.325 6  0.333  106.6
1983 08 09 -0.076 -0.350 6  0.358  114.7
1983 08 10 -0.082 -0.381 6  0.390  125.1
1983 08 11 -0.088 -0.419 6  0.428  137.3
1983 08 12 -0.091 -0.461 6  0.470  150.7
1983 08 13 -0.087 -0.506 6  0.514  164.8
1983 08 14 -0.075 -0.551 6  0.556  178.7
1983 08 15 -0.053 -0.594 6  0.597  191.7
1983 08 16 -0.020 -0.632 6  0.632  203.3
1983 08 17  0.025 -0.662 7  0.662  212.9
1983 08 18  0.082 -0.681 7  0.686  220.2
1983 08 19  0.149 -0.687 7  0.703  225.1
1983 08 20  0.225 -0.677 7  0.714  227.8
1983 08 21  0.308 -0.652 7  0.721  228.5
1983 08 22  0.396 -0.609 7  0.726  227.9
1983 08 23  0.484 -0.548 7  0.731  226.8
1983 08 24  0.570 -0.470 8  0.739  226.1
1983 08 25  0.651 -0.375 8  0.751  226.9
1983 08 26  0.723 -0.267 8  0.770  229.9
1983 08 27  0.784 -0.146 8  0.797  236.0
1983 08 28  0.830 -0.015 8  0.831  245.1
1983 08 29  0.861  0.123 1  0.870  257.2
1983 08 30  0.874  0.264 1  0.913  271.7
1983 08 31  0.869  0.405 1  0.959  287.7
1983 09 01  0.845  0.543 1  1.004  304.4
1983 09 02  0.802  0.675 1  1.048  321.1
1983 09 03  0.741  0.797 2  1.089  337.1
1983 09 04  0.664  0.908 2  1.125  351.6
1983 09 05  0.572  1.004 2  1.155  364.3
1983 09 06  0.468  1.084 2  1.180  374.8
1983 09 07  0.353  1.145 2  1.199  382.8
1983 09 08  0.230  1.189 2  1.211  388.2
1983 09 09  0.102  1.212 2  1.216  390.9
1983 09 10 -0.028  1.216 3  1.216  391.0
1983 09 11 -0.159  1.199 3  1.210  388.5
1983 09 12 -0.287  1.164 3  1.199  383.7
1983 09 13 -0.411  1.110 3  1.183  376.9
1983 09 14 -0.529  1.037 3  1.164  368.3
1983 09 15 -0.639  0.948 3  1.143  358.6
1983 09 16 -0.739  0.844 3  1.122  348.2
1983 09 17 -0.828  0.726 4  1.101  337.8
1983 09 18 -0.904  0.595 4  1.082  328.3
1983 09 19 -0.967  0.453 4  1.068  320.5
1983 09 20 -1.015  0.302 4  1.059  315.0
1983 09 21 -1.048  0.145 4  1.058  312.7
1983 09 22 -1.063 -0.018 5  1.063  313.8
1983 09 23 -1.061 -0.182 5  1.076  318.5
1983 09 24 -1.040 -0.346 5  1.096  326.4
1983 09 25 -1.000 -0.506 5  1.121  337.0
1983 09 26 -0.941 -0.660 5  1.149  349.5
1983 09 27 -0.862 -0.805 5  1.180  363.0
1983 09 28 -0.765 -0.937 6  1.209  376.5
1983 09 29 -0.650 -1.053 6  1.237  389.2
1983 09 30 -0.519 -1.150 6  1.262  400.3
1983 10 01 -0.374 -1.226 6  1.281  409.3
1983 10 02 -0.217 -1.277 6  1.296  415.7
1983 10 03 -0.052 -1.303 6  1.304  419.3
1983 10 04  0.118 -1.302 7  1.307  420.0
1983 10 05  0.288 -1.272 7  1.305  417.9
1983 10 06  0.453 -1.216 7  1.298  413.3
1983 10 07  0.611 -1.133 7  1.287  406.5
1983 10 08  0.755 -1.025 7  1.273  398.0
1983 10 09  0.882 -0.896 7  1.257  388.4
1983 10 10  0.988 -0.748 8  1.239  378.1
1983 10 11  1.070 -0.586 8  1.220  367.7
1983 10 12  1.124 -0.414 8  1.198  357.6
1983 10 13  1.151 -0.238 8  1.175  348.2
1983 10 14  1.148 -0.061 8  1.150  339.5
1983 10 15  1.117  0.110 1  1.122  331.6
1983 10 16  1.059  0.272 1  1.093  324.6
1983 10 17  0.976  0.420 1  1.063  318.2
1983 10 18  0.872  0.550 1  1.031  312.5
1983 10 19  0.751  0.661 1  1.001  307.2
1983 10 20  0.618  0.750 2  0.971  302.3
1983 10 21  0.476  0.816 2  0.945  297.7
1983 10 22  0.331  0.860 2  0.922  293.4
1983 10 23  0.189  0.883 2  0.902  289.2
1983 10 24  0.052  0.886 2  0.887  285.2
1983 10 25 -0.076  0.872 3  0.875  281.2
1983 10 26 -0.190  0.844 3  0.865  277.0
1983 10 27 -0.289  0.805 3  0.855  272.6
1983 10 28 -0.372  0.759 3  0.845  267.7
1983 10 29 -0.439  0.709 3  0.834  262.2
1983 10 30 -0.489  0.658 3  0.819  256.0
1983 10 31 -0.523  0.608 3  0.802  249.1
1983 11 01 -0.545  0.561 3  0.782  241.6
1983 11 02 -0.554  0.518 4  0.759  233.6
1983 11 03 -0.555  0.481 4  0.734  225.3
1983 11 04 -0.549  0.448 4  0.709  216.9
1983 11 05 -0.539  0.419 4  0.683  208.4
1983 11 06 -0.526  0.392 4  0.656  200.1
1983 11 07 -0.512  0.366 4  0.630  191.7
1983 11 08 -0.499  0.339 4  0.603  183.2
1983 11 09 -0.486  0.308 4  0.575  174.3
1983 11 10 -0.473  0.272 4  0.546  164.8
1983 11 11 -0.460  0.229 4  0.514  154.5
1983 11 12 -0.446  0.178 4  0.480  143.5
1983 11 13 -0.429  0.118 4  0.445  132.1
1983 11 14 -0.407  0.049 4  0.410  121.3
1983 11 15 -0.380 -0.028 5  0.381  112.5
1983 11 16 -0.346 -0.112 5  0.363  108.1
1983 11 17 -0.303 -0.201 5  0.363  110.2
1983 11 18 -0.250 -0.292 6  0.385  119.6
1983 11 19 -0.189 -0.384 6  0.428  135.6
1983 11 20 -0.119 -0.473 6  0.488  156.2
1983 11 21 -0.040 -0.557 6  0.558  179.5
1983 11 22  0.044 -0.632 7  0.634  203.7
1983 11 23  0.133 -0.696 7  0.709  227.4
1983 11 24  0.223 -0.748 7  0.780  249.3
1983 11 25  0.313 -0.785 7  0.845  268.7
1983 11 26  0.398 -0.806 7  0.899  284.5
1983 11 27  0.476 -0.812 7  0.941  296.4
1983 11 28  0.544 -0.802 7  0.969  303.8
1983 11 29  0.601 -0.777 7  0.982  306.4
1983 11 30  0.643 -0.740 7  0.980  304.3
1983 12 01  0.671 -0.691 7  0.963  297.6
1983 12 02  0.682 -0.633 8  0.931  286.4
1983 12 03  0.678 -0.569 8  0.885  271.2
1983 12 04  0.659 -0.500 8  0.827  252.4
1983 12 05  0.626 -0.430 8  0.759  230.7
1983 12 06  0.580 -0.359 8  0.683  206.6
1983 12 07  0.525 -0.291 8  0.600  181.0
1983 12 08  0.462 -0.227 8  0.514  154.6
1983 12 09  0.393 -0.167 8  0.427  127.9
1983 12 10  0.322 -0.112 8  0.341  101.7
1983 12 11  0.250 -0.064 8  0.258   76.7
1983 12 12  0.181 -0.021 8  0.182   53.7
1983 12 13  0.114  0.017 1  0.115   34.1
1983 12 14  0.053  0.051 1  0.073   22.5
1983 12 15 -0.003  0.080 3  0.080   25.7
1983 12 16 -0.052  0.106 3  0.118   37.4
1983 12 17 -0.094  0.130 3  0.160   50.1
1983 12 18 -0.129  0.152 3  0.199   61.9
1983 12 19 -0.158  0.172 3  0.234   72.4
1983 12 20 -0.180  0.192 3  0.263   81.5
1983 12 21 -0.197  0.211 3  0.289   89.4
1983 12 22 -0.209  0.229 3  0.310   96.0
1983 12 23 -0.217  0.245 3  0.328  101.7
1983 12 24 -0.221  0.261 3  0.342  106.3
1983 12 25 -0.221  0.275 3  0.353  109.8
1983 12 26 -0.218  0.287 3  0.360  112.4
1983 12 27 -0.212  0.296 3  0.364  113.9
1983 12 28 -0.203  0.303 3  0.364  114.3
1983 12 29 -0.192  0.306 3  0.361  113.6
1983 12 30 -0.178  0.307 3  0.354  111.7
1983 12 31 -0.162  0.304 3  0.344  108.8
1984 01 01 -0.143  0.298 3  0.331  104.8
1984 01 02 -0.123  0.290 3  0.315  100.1
1984 01 03 -0.102  0.279 3  0.297   94.6
1984 01 04 -0.079  0.266 3  0.277   88.6
1984 01 05 -0.056  0.251 3  0.257   82.3
1984 01 06 -0.033  0.234 3  0.236   75.9
1984 01 07 -0.011  0.216 3  0.216   69.6
1984 01 08  0.009  0.197 2  0.197   63.4
1984 01 09  0.029  0.177 2  0.179   57.5
1984 01 10  0.046  0.156 2  0.162   51.9
1984 01 11  0.061  0.134 2  0.147   46.8
1984 01 12  0.075  0.112 2  0.134   42.2
1984 01 13  0.086  0.089 2  0.124   38.3
1984 01 14  0.096  0.067 1  0.117   35.5
1984 01 15  0.105  0.044 1  0.114   34.1
1984 01 16  0.113  0.022 1  0.115   34.1
1984 01 17  0.121  0.001 1  0.121   35.7
1984 01 18  0.129 -0.018 8  0.130   38.4
1984 01 19  0.137 -0.034 8  0.141   41.8
1984 01 20  0.144 -0.048 8  0.152   45.3
1984 01 21  0.152 -0.058 8  0.163   48.5
1984 01 22  0.158 -0.063 8  0.170   51.0
1984 01 23  0.163 -0.064 8  0.175   52.3
1984 01 24  0.164 -0.059 8  0.175   52.1
1984 01 25  0.162 -0.050 8  0.169   50.3
1984 01 26  0.153 -0.035 8  0.157   46.7
1984 01 27  0.138 -0.017 8  0.139   41.1
1984 01 28  0.114  0.005 1  0.115   33.8
1984 01 29  0.082  0.028 1  0.087   25.8
1984 01 30  0.040  0.052 2  0.066   20.5
1984 01 31 -0.012  0.075 3  0.076   24.3
1984 02 01 -0.074  0.094 3  0.120   37.3
1984 02 02 -0.143  0.108 4  0.180   54.8
1984 02 03 -0.219  0.116 4  0.248   74.6
1984 02 04 -0.299  0.115 4  0.320   95.7
1984 02 05 -0.380  0.104 4  0.395  117.2
1984 02 06 -0.460  0.084 4  0.468  138.4
1984 02 07 -0.534  0.053 4  0.537  158.5
1984 02 08 -0.599  0.013 4  0.599  176.9
1984 02 09 -0.652 -0.035 5  0.653  192.7
1984 02 10 -0.689 -0.090 5  0.695  205.5
1984 02 11 -0.708 -0.150 5  0.724  214.6
1984 02 12 -0.708 -0.211 5  0.739  219.7
1984 02 13 -0.686 -0.270 5  0.738  220.5
1984 02 14 -0.644 -0.325 5  0.722  217.0
1984 02 15 -0.582 -0.372 5  0.691  209.3
1984 02 16 -0.502 -0.407 5  0.646  197.8
1984 02 17 -0.407 -0.429 6  0.592  183.0
1984 02 18 -0.301 -0.436 6  0.529  165.8
1984 02 19 -0.188 -0.425 6  0.465  147.5
1984 02 20 -0.073 -0.397 6  0.403  129.4
1984 02 21  0.038 -0.351 7  0.353  113.5
1984 02 22  0.141 -0.290 7  0.322  102.1
1984 02 23  0.230 -0.216 8  0.315   97.0
1984 02 24  0.302 -0.130 8  0.329   98.6
1984 02 25  0.354 -0.038 8  0.356  105.2
1984 02 26  0.382  0.056 1  0.387  114.3
1984 02 27  0.387  0.149 1  0.415  123.9
1984 02 28  0.368  0.235 1  0.437  132.3
1984 02 29  0.326  0.311 1  0.451  138.8
1984 03 01  0.265  0.372 2  0.456  142.8
1984 03 02  0.187  0.415 2  0.455  144.3
1984 03 03  0.098  0.437 2  0.448  143.5
1984 03 04  0.002  0.437 2  0.437  140.7
1984 03 05 -0.095  0.415 3  0.426  136.4
1984 03 06 -0.187  0.371 3  0.415  131.4
1984 03 07 -0.269  0.306 3  0.407  126.4
1984 03 08 -0.335  0.223 4  0.403  122.3
1984 03 09 -0.383  0.126 4  0.403  120.1
1984 03 10 -0.407  0.019 4  0.408  120.4
1984 03 11 -0.407 -0.094 5  0.418  124.0
1984 03 12 -0.381 -0.208 5  0.434  130.9
1984 03 13 -0.330 -0.317 5  0.458  141.1
1984 03 14 -0.254 -0.418 6  0.489  154.0
1984 03 15 -0.157 -0.505 6  0.529  169.0
1984 03 16 -0.042 -0.576 6  0.577  185.6
1984 03 17  0.087 -0.626 7  0.632  203.1
1984 03 18  0.225 -0.655 7  0.692  220.8
1984 03 19  0.366 -0.660 7  0.755  238.1
1984 03 20  0.505 -0.642 7  0.817  254.6
1984 03 21  0.637 -0.601 8  0.876  269.6
1984 03 22  0.756 -0.539 8  0.929  282.7
1984 03 23  0.859 -0.459 8  0.974  293.3
1984 03 24  0.941 -0.363 8  1.008  301.2
1984 03 25  0.999 -0.256 8  1.031  306.1
1984 03 26  1.032 -0.140 8  1.041  307.8
1984 03 27  1.037 -0.021 8  1.037  306.2
1984 03 28  1.016  0.097 1  1.020  301.4
1984 03 29  0.968  0.212 1  0.991  293.7
1984 03 30  0.895  0.318 1  0.950  283.3
1984 03 31  0.800  0.413 1  0.900  270.9
1984 04 01  0.685  0.495 1  0.845  257.1
1984 04 02  0.553  0.560 2  0.787  243.0
1984 04 03  0.410  0.607 2  0.732  229.7
1984 04 04  0.258  0.636 2  0.686  218.2
1984 04 05  0.103  0.646 2  0.654  210.0
1984 04 06 -0.053  0.638 3  0.640  205.8
1984 04 07 -0.204  0.613 3  0.646  206.1
1984 04 08 -0.347  0.572 3  0.669  210.5
1984 04 09 -0.479  0.517 3  0.704  218.1
1984 04 10 -0.596  0.450 4  0.746  227.6
1984 04 11 -0.695  0.373 4  0.789  237.8
1984 04 12 -0.776  0.291 4  0.828  247.3
1984 04 13 -0.835  0.204 4  0.860  255.1
1984 04 14 -0.873  0.115 4  0.881  260.4
1984 04 15 -0.889  0.028 4  0.889  262.5
1984 04 16 -0.883 -0.055 5  0.884  261.1
1984 04 17 -0.855 -0.133 5  0.865  255.9
1984 04 18 -0.807 -0.203 5  0.832  247.1
1984 04 19 -0.742 -0.263 5  0.787  234.7
1984 04 20 -0.660 -0.313 5  0.730  219.1
1984 04 21 -0.564 -0.351 5  0.664  201.1
1984 04 22 -0.458 -0.376 5  0.592  181.3
1984 04 23 -0.343 -0.389 6  0.519  160.9
1984 04 24 -0.225 -0.389 6  0.449  141.5
1984 04 25 -0.104 -0.377 6  0.391  125.0
1984 04 26  0.014 -0.353 7  0.353  113.6
1984 04 27  0.128 -0.319 7  0.344  109.3
1984 04 28  0.235 -0.276 7  0.362  112.5
1984 04 29  0.331 -0.225 8  0.400  121.6
1984 04 30  0.416 -0.168 8  0.449  134.2
1984 05 01  0.488 -0.108 8  0.500  148.1
1984 05 02  0.545 -0.045 8  0.547  161.6
1984 05 03  0.588  0.018 1  0.589  173.7
1984 05 04  0.617  0.079 1  0.622  183.8
1984 05 05  0.631  0.137 1  0.646  191.5
1984 05 06  0.633  0.190 1  0.661  196.7
1984 05 07  0.624  0.237 1  0.667  199.3
1984 05 08  0.605  0.277 1  0.666  199.6
1984 05 09  0.579  0.309 1  0.657  197.8
1984 05 10  0.548  0.334 1  0.642  194.1
1984 05 11  0.513  0.351 1  0.622  188.9
1984 05 12  0.477  0.361 1  0.598  182.3
1984 05 13  0.440  0.364 1  0.571  174.9
1984 05 14  0.405  0.362 1  0.543  166.8
1984 05 15  0.372  0.355 1  0.514  158.4
1984 05 16  0.341  0.346 2  0.485  149.9
1984 05 17  0.312  0.334 2  0.457  141.6
1984 05 18  0.284  0.323 2  0.430  133.4
1984 05 19  0.256  0.312 2  0.404  125.6
1984 05 20  0.228  0.303 2  0.379  118.3
1984 05 21  0.196  0.296 2  0.355  111.4
1984 05 22  0.160  0.292 2  0.333  105.1
1984 05 23  0.119  0.290 2  0.314   99.8
1984 05 24  0.069  0.292 2  0.300   96.1
1984 05 25  0.012  0.296 2  0.296   95.1
1984 05 26 -0.055  0.300 3  0.306   98.0
1984 05 27 -0.132  0.306 3  0.333  105.7
1984 05 28 -0.217  0.310 3  0.378  118.4
1984 05 29 -0.311  0.311 3  0.440  135.7
1984 05 30 -0.411  0.309 4  0.514  156.7
1984 05 31 -0.515  0.301 4  0.596  180.2
1984 06 01 -0.621  0.286 4  0.684  205.2
1984 06 02 -0.726  0.264 4  0.772  230.5
1984 06 03 -0.826  0.232 4  0.858  255.1
1984 06 04 -0.919  0.190 4  0.938  278.0
1984 06 05 -1.000  0.137 4  1.009  298.4
1984 06 06 -1.066  0.074 4  1.068  315.5
1984 06 07 -1.114  0.001 4  1.114  328.8
1984 06 08 -1.141 -0.082 5  1.144  337.9
1984 06 09 -1.146 -0.175 5  1.159  342.9
1984 06 10 -1.127 -0.275 5  1.160  344.1
1984 06 11 -1.082 -0.381 5  1.147  342.0
1984 06 12 -1.012 -0.491 5  1.125  337.9
1984 06 13 -0.917 -0.603 5  1.098  333.0
1984 06 14 -0.798 -0.715 5  1.072  329.3
1984 06 15 -0.658 -0.824 6  1.055  328.7
1984 06 16 -0.499 -0.928 6  1.053  332.7
1984 06 17 -0.323 -1.023 6  1.073  342.5
1984 06 18 -0.134 -1.107 6  1.115  358.2
1984 06 19  0.063 -1.177 7  1.179  379.0
1984 06 20  0.265 -1.231 7  1.259  403.6
1984 06 21  0.467 -1.266 7  1.350  430.0
1984 06 22  0.665 -1.281 7  1.444  456.4
1984 06 23  0.855 -1.273 7  1.534  481.1
1984 06 24  1.033 -1.242 7  1.615  502.5
1984 06 25  1.194 -1.186 8  1.683  519.4
1984 06 26  1.335 -1.106 8  1.734  530.9
1984 06 27  1.453 -1.002 8  1.765  536.5
1984 06 28  1.545 -0.875 8  1.775  535.8
1984 06 29  1.609 -0.726 8  1.765  529.1
1984 06 30  1.643 -0.557 8  1.735  517.0
1984 07 01  1.646 -0.372 8  1.687  500.3
1984 07 02  1.617 -0.174 8  1.627  480.6
1984 07 03  1.557  0.033 1  1.558  459.8
1984 07 04  1.467  0.246 1  1.487  440.1
1984 07 05  1.347  0.459 1  1.423  424.0
1984 07 06  1.199  0.668 1  1.373  414.2
1984 07 07  1.027  0.869 1  1.345  412.3
1984 07 08  0.834  1.056 2  1.345  419.3
1984 07 09  0.621  1.225 2  1.373  434.5
1984 07 10  0.395  1.372 2  1.428  456.4
1984 07 11  0.159  1.494 2  1.502  482.6
1984 07 12 -0.082  1.587 3  1.589  510.8
1984 07 13 -0.323  1.649 3  1.680  538.8
1984 07 14 -0.559  1.679 3  1.770  564.7
1984 07 15 -0.786  1.676 3  1.851  586.9
1984 07 16 -0.998  1.641 3  1.920  604.3
1984 07 17 -1.191  1.574 3  1.973  616.2
1984 07 18 -1.361  1.477 3  2.008  622.0
1984 07 19 -1.504  1.353 4  2.023  621.6
1984 07 20 -1.617  1.207 4  2.017  615.1
1984 07 21 -1.698  1.040 4  1.992  602.7
1984 07 22 -1.747  0.859 4  1.947  585.1
1984 07 23 -1.763  0.668 4  1.885  562.8
1984 07 24 -1.745  0.472 4  1.808  537.0
1984 07 25 -1.696  0.275 4  1.718  508.4
1984 07 26 -1.618  0.083 4  1.621  478.4
1984 07 27 -1.515 -0.101 5  1.518  448.2
1984 07 28 -1.388 -0.273 5  1.415  419.1
1984 07 29 -1.244 -0.428 5  1.316  392.1
1984 07 30 -1.086 -0.566 5  1.225  368.6
1984 07 31 -0.919 -0.684 5  1.145  349.2
1984 08 01 -0.747 -0.781 6  1.081  334.4
1984 08 02 -0.576 -0.858 6  1.033  324.1
1984 08 03 -0.409 -0.914 6  1.001  317.8
1984 08 04 -0.250 -0.951 6  0.984  314.7
1984 08 05 -0.102 -0.971 6  0.977  313.8
1984 08 06  0.033 -0.977 7  0.977  314.3
1984 08 07  0.153 -0.970 7  0.982  315.2
1984 08 08  0.259 -0.953 7  0.988  316.0
1984 08 09  0.349 -0.930 7  0.993  316.4
1984 08 10  0.426 -0.902 7  0.998  316.2
1984 08 11  0.490 -0.873 7  1.001  315.6
1984 08 12  0.543 -0.843 7  1.002  314.8
1984 08 13  0.587 -0.814 7  1.004  314.0
1984 08 14  0.626 -0.788 7  1.006  313.6
1984 08 15  0.660 -0.764 7  1.010  313.7
1984 08 16  0.693 -0.743 7  1.016  314.6
1984 08 17  0.726 -0.724 8  1.025  316.5
1984 08 18  0.760 -0.706 8  1.037  319.2
1984 08 19  0.796 -0.688 8  1.052  322.7
1984 08 20  0.833 -0.668 8  1.068  326.6
1984 08 21  0.872 -0.645 8  1.085  330.7
1984 08 22  0.912 -0.617 8  1.101  334.3
1984 08 23  0.950 -0.582 8  1.114  337.0
1984 08 24  0.984 -0.540 8  1.122  338.4
1984 08 25  1.012 -0.489 8  1.124  337.7
1984 08 26  1.033 -0.430 8  1.119  334.7
1984 08 27  1.042 -0.362 8  1.103  328.9
1984 08 28  1.039 -0.286 8  1.078  320.2
1984 08 29  1.022 -0.203 8  1.042  308.6
1984 08 30  0.989 -0.113 8  0.996  294.2
1984 08 31  0.941 -0.020 8  0.941  277.7
1984 09 01  0.876  0.076 1  0.880  259.8
1984 09 02  0.798  0.172 1  0.816  241.8
1984 09 03  0.706  0.265 1  0.754  225.1
1984 09 04  0.604  0.354 1  0.700  211.5
1984 09 05  0.494  0.437 1  0.660  202.6
1984 09 06  0.381  0.513 2  0.638  199.5
1984 09 07  0.267  0.578 2  0.637  202.0
1984 09 08  0.156  0.634 2  0.653  209.1
1984 09 09  0.052  0.680 2  0.682  219.1
1984 09 10 -0.041  0.714 3  0.716  230.0
1984 09 11 -0.122  0.739 3  0.749  240.4
1984 09 12 -0.188  0.755 3  0.778  248.9
1984 09 13 -0.237  0.762 3  0.799  255.0
1984 09 14 -0.270  0.764 3  0.810  258.3
1984 09 15 -0.287  0.761 3  0.813  258.9
1984 09 16 -0.290  0.754 3  0.808  257.2
1984 09 17 -0.280  0.747 3  0.798  254.0
1984 09 18 -0.261  0.740 3  0.784  250.0
1984 09 19 -0.237  0.734 3  0.771  246.1
1984 09 20 -0.211  0.731 3  0.760  243.0
1984 09 21 -0.187  0.730 3  0.754  241.2
1984 09 22 -0.170  0.732 3  0.752  240.8
1984 09 23 -0.163  0.737 3  0.755  241.9
1984 09 24 -0.171  0.743 3  0.762  244.2
1984 09 25 -0.194  0.749 3  0.774  247.5
1984 09 26 -0.236  0.752 3  0.789  251.8
1984 09 27 -0.297  0.751 3  0.808  257.1
1984 09 28 -0.377  0.744 3  0.834  263.8
1984 09 29 -0.475  0.727 3  0.868  272.5
1984 09 30 -0.587  0.698 3  0.912  283.5
1984 10 01 -0.710  0.655 4  0.966  297.2
1984 10 02 -0.841  0.596 4  1.031  313.6
1984 10 03 -0.973  0.520 4  1.103  332.2
1984 10 04 -1.101  0.425 4  1.180  352.5
1984 10 05 -1.219  0.312 4  1.258  373.5
1984 10 06 -1.321  0.181 4  1.333  394.2
1984 10 07 -1.401  0.034 4  1.402  413.7
1984 10 08 -1.455 -0.127 5  1.461  431.4
1984 10 09 -1.478 -0.299 5  1.508  446.7
1984 10 10 -1.466 -0.478 5  1.542  459.3
1984 10 11 -1.418 -0.661 5  1.565  469.5
1984 10 12 -1.333 -0.842 5  1.577  477.6
1984 10 13 -1.211 -1.016 5  1.581  484.3
1984 10 14 -1.055 -1.178 6  1.581  490.4
1984 10 15 -0.867 -1.324 6  1.583  496.8
1984 10 16 -0.652 -1.449 6  1.589  504.0
1984 10 17 -0.416 -1.548 6  1.603  512.6
1984 10 18 -0.165 -1.618 6  1.626  522.5
1984 10 19  0.094 -1.656 7  1.659  533.3
1984 10 20  0.354 -1.661 7  1.698  544.3
1984 10 21  0.608 -1.632 7  1.741  554.6
1984 10 22  0.848 -1.569 7  1.783  563.1
1984 10 23  1.067 -1.473 7  1.819  569.0
1984 10 24  1.261 -1.347 7  1.846  571.3
1984 10 25  1.424 -1.195 8  1.859  569.5
1984 10 26  1.553 -1.019 8  1.857  563.4
1984 10 27  1.644 -0.826 8  1.840  553.1
1984 10 28  1.697 -0.619 8  1.806  539.0
1984 10 29  1.711 -0.406 8  1.759  521.7
1984 10 30  1.689 -0.190 8  1.699  502.2
1984 10 31  1.632  0.021 1  1.632  481.6
1984 11 01  1.543  0.222 1  1.559  461.1
1984 11 02  1.428  0.410 1  1.485  441.6
1984 11 03  1.290  0.579 1  1.414  424.0
1984 11 04  1.136  0.727 1  1.349  408.8
1984 11 05  0.971  0.850 1  1.290  396.0
1984 11 06  0.800  0.947 2  1.240  385.3
1984 11 07  0.628  1.017 2  1.196  376.0
1984 11 08  0.461  1.060 2  1.156  367.1
1984 11 09  0.303  1.078 2  1.119  357.9
1984 11 10  0.156  1.071 2  1.082  347.5
1984 11 11  0.025  1.042 2  1.043  335.3
1984 11 12 -0.090  0.995 3  0.999  321.1
1984 11 13 -0.187  0.932 3  0.951  304.8
1984 11 14 -0.265  0.858 3  0.898  286.6
1984 11 15 -0.326  0.774 3  0.840  266.9
1984 11 16 -0.370  0.686 3  0.779  246.1
1984 11 17 -0.399  0.596 3  0.717  224.9
1984 11 18 -0.415  0.507 3  0.655  204.0
1984 11 19 -0.421  0.422 3  0.596  183.9
1984 11 20 -0.418  0.343 4  0.540  165.3
1984 11 21 -0.409  0.271 4  0.490  148.7
1984 11 22 -0.396  0.207 4  0.446  134.4
1984 11 23 -0.381  0.152 4  0.410  122.5
1984 11 24 -0.365  0.106 4  0.380  112.9
1984 11 25 -0.350  0.068 4  0.356  105.5
1984 11 26 -0.336  0.039 4  0.338   99.8
1984 11 27 -0.323  0.017 4  0.323   95.5
1984 11 28 -0.312  0.001 4  0.312   92.0
1984 11 29 -0.301 -0.010 5  0.301   89.0
1984 11 30 -0.291 -0.016 5  0.292   86.1
1984 12 01 -0.281 -0.019 5  0.281   83.1
1984 12 02 -0.269 -0.018 5  0.270   79.7
1984 12 03 -0.256 -0.014 5  0.256   75.7
1984 12 04 -0.241 -0.008 5  0.241   71.1
1984 12 05 -0.223  0.000 4  0.223   65.9
1984 12 06 -0.204  0.011 4  0.204   60.3
1984 12 07 -0.183  0.025 4  0.185   54.7
1984 12 08 -0.162  0.041 4  0.167   49.6
1984 12 09 -0.141  0.060 4  0.154   46.0
1984 12 10 -0.123  0.081 4  0.147   44.7
1984 12 11 -0.109  0.104 4  0.151   46.4
1984 12 12 -0.100  0.129 3  0.163   50.8
1984 12 13 -0.098  0.154 3  0.182   57.2
1984 12 14 -0.104  0.177 3  0.206   64.8
1984 12 15 -0.120  0.198 3  0.232   73.0
1984 12 16 -0.146  0.215 3  0.260   81.6
1984 12 17 -0.182  0.226 3  0.290   90.4
1984 12 18 -0.227  0.229 3  0.322   99.5
1984 12 19 -0.280  0.221 4  0.357  109.1
1984 12 20 -0.339  0.203 4  0.395  119.4
1984 12 21 -0.402  0.171 4  0.437  130.7
1984 12 22 -0.465  0.126 4  0.481  143.0
1984 12 23 -0.525  0.068 4  0.529  156.4
1984 12 24 -0.579 -0.004 5  0.579  170.9
1984 12 25 -0.623 -0.088 5  0.629  186.1
1984 12 26 -0.655 -0.183 5  0.680  202.1
1984 12 27 -0.671 -0.286 5  0.729  218.4
1984 12 28 -0.670 -0.394 5  0.777  234.8
1984 12 29 -0.649 -0.505 5  0.822  251.2
1984 12 30 -0.609 -0.614 6  0.865  267.1
1984 12 31 -0.550 -0.719 6  0.905  282.5
1985 01 01 -0.472 -0.815 6  0.942  296.9
1985 01 02 -0.379 -0.900 6  0.977  310.3
1985 01 03 -0.272 -0.971 6  1.008  322.3
1985 01 04 -0.155 -1.025 6  1.036  332.6
1985 01 05 -0.032 -1.060 6  1.061  341.1
1985 01 06  0.093 -1.077 7  1.081  347.4
1985 01 07  0.216 -1.074 7  1.096  351.3
1985 01 08  0.334 -1.053 7  1.105  352.8
1985 01 09  0.443 -1.015 7  1.108  351.6
1985 01 10  0.541 -0.961 7  1.103  347.9
1985 01 11  0.625 -0.895 7  1.091  341.8
1985 01 12  0.695 -0.817 7  1.073  333.4
1985 01 13  0.749 -0.733 8  1.048  323.2
1985 01 14  0.789 -0.643 8  1.018  311.5
1985 01 15  0.815 -0.552 8  0.984  298.8
1985 01 16  0.828 -0.460 8  0.947  285.7
1985 01 17  0.832 -0.370 8  0.910  272.8
1985 01 18  0.827 -0.283 8  0.874  260.6
1985 01 19  0.817 -0.199 8  0.841  249.6
1985 01 20  0.804 -0.120 8  0.813  240.4
1985 01 21  0.789 -0.043 8  0.790  233.4
1985 01 22  0.774  0.031 1  0.775  228.8
1985 01 23  0.760  0.104 1  0.767  226.9
1985 01 24  0.747  0.177 1  0.768  227.7
1985 01 25  0.734  0.253 1  0.777  231.5
1985 01 26  0.721  0.332 1  0.793  238.0
1985 01 27  0.705  0.415 1  0.818  247.2
1985 01 28  0.684  0.504 1  0.850  258.9
1985 01 29  0.656  0.598 1  0.888  272.9
1985 01 30  0.619  0.697 2  0.932  289.0
1985 01 31  0.569  0.799 2  0.981  307.1
1985 02 01  0.506  0.904 2  1.036  326.7
1985 02 02  0.426  1.007 2  1.094  347.6
1985 02 03  0.331  1.108 2  1.156  369.4
1985 02 04  0.219  1.201 2  1.221  391.6
1985 02 05  0.091  1.284 2  1.287  413.6
1985 02 06 -0.050  1.352 3  1.353  435.0
1985 02 07 -0.202  1.402 3  1.417  454.9
1985 02 08 -0.362  1.432 3  1.477  472.6
1985 02 09 -0.524  1.437 3  1.530  487.4
1985 02 10 -0.685  1.417 3  1.574  498.5
1985 02 11 -0.839  1.369 3  1.606  505.3
1985 02 12 -0.981  1.294 3  1.624  507.1
1985 02 13 -1.106  1.193 3  1.627  503.8
1985 02 14 -1.210  1.066 4  1.612  495.0
1985 02 15 -1.287  0.917 4  1.580  480.9
1985 02 16 -1.336  0.749 4  1.531  462.0
1985 02 17 -1.354  0.566 4  1.467  439.0
1985 02 18 -1.339  0.373 4  1.390  413.1
1985 02 19 -1.293  0.175 4  1.305  385.7
1985 02 20 -1.216 -0.022 5  1.216  359.0
1985 02 21 -1.111 -0.213 5  1.131  334.9
1985 02 22 -0.981 -0.392 5  1.056  315.8
1985 02 23 -0.831 -0.556 5  1.000  303.4
1985 02 24 -0.665 -0.699 6  0.965  298.5
1985 02 25 -0.490 -0.819 6  0.955  300.6
1985 02 26 -0.311 -0.913 6  0.965  307.7
1985 02 27 -0.134 -0.979 6  0.989  317.5
1985 02 28  0.035 -1.018 7  1.018  327.4
1985 03 01  0.192 -1.028 7  1.046  335.5
1985 03 02  0.331 -1.013 7  1.065  340.0
1985 03 03  0.450 -0.973 7  1.072  339.9
1985 03 04  0.545 -0.912 7  1.063  334.6
1985 03 05  0.614 -0.835 7  1.036  323.9
1985 03 06  0.658 -0.743 7  0.993  308.0
1985 03 07  0.676 -0.643 8  0.933  287.5
1985 03 08  0.670 -0.539 8  0.860  263.0
1985 03 09  0.642 -0.434 8  0.776  235.5
1985 03 10  0.596 -0.333 8  0.683  206.1
1985 03 11  0.535 -0.240 8  0.586  175.7
1985 03 12  0.462 -0.157 8  0.488  145.4
1985 03 13  0.383 -0.087 8  0.392  116.3
1985 03 14  0.300 -0.031 8  0.302   89.2
1985 03 15  0.220  0.009 1  0.220   64.9
1985 03 16  0.144  0.033 1  0.148   43.8
1985 03 17  0.077  0.043 1  0.088   26.5
1985 03 18  0.021  0.038 2  0.044   13.8
1985 03 19 -0.022  0.022 4  0.031    9.6
1985 03 20 -0.050 -0.004 5  0.051   14.9
1985 03 21 -0.064 -0.038 5  0.074   22.3
1985 03 22 -0.062 -0.075 6  0.097   30.2
1985 03 23 -0.046 -0.113 6  0.122   38.9
1985 03 24 -0.018 -0.150 6  0.151   48.5
1985 03 25  0.020 -0.182 7  0.183   58.7
1985 03 26  0.066 -0.206 7  0.216   69.1
1985 03 27  0.116 -0.222 7  0.250   79.0
1985 03 28  0.167 -0.226 7  0.281   88.0
1985 03 29  0.217 -0.219 7  0.308   95.2
1985 03 30  0.261 -0.200 8  0.329  100.5
1985 03 31  0.298 -0.169 8  0.343  103.4
1985 04 01  0.324 -0.128 8  0.348  104.0
1985 04 02  0.337 -0.077 8  0.346  102.5
1985 04 03  0.336 -0.018 8  0.337   99.4
1985 04 04  0.321  0.045 1  0.324   95.8
1985 04 05  0.291  0.111 1  0.311   93.0
1985 04 06  0.247  0.177 1  0.304   92.4
1985 04 07  0.190  0.239 2  0.305   95.2
1985 04 08  0.122  0.296 2  0.320  101.8
1985 04 09  0.046  0.344 2  0.347  111.5
1985 04 10 -0.035  0.382 3  0.384  123.3
1985 04 11 -0.119  0.407 3  0.424  135.6
1985 04 12 -0.201  0.419 3  0.465  147.4
1985 04 13 -0.279  0.417 3  0.502  157.5
1985 04 14 -0.350  0.401 3  0.532  165.1
1985 04 15 -0.410  0.370 4  0.552  169.7
1985 04 16 -0.456  0.327 4  0.562  170.9
1985 04 17 -0.488  0.273 4  0.559  168.7
1985 04 18 -0.504  0.208 4  0.545  163.1
1985 04 19 -0.502  0.137 4  0.520  154.6
1985 04 20 -0.483  0.060 4  0.487  143.9
1985 04 21 -0.447 -0.020 5  0.447  132.1
1985 04 22 -0.395 -0.099 5  0.407  120.8
1985 04 23 -0.328 -0.176 5  0.372  112.1
1985 04 24 -0.248 -0.248 5  0.351  108.3
1985 04 25 -0.158 -0.313 6  0.351  111.0
1985 04 26 -0.060 -0.369 6  0.374  120.0
1985 04 27  0.043 -0.415 7  0.417  133.9
1985 04 28  0.149 -0.448 7  0.472  150.7
1985 04 29  0.254 -0.469 7  0.534  168.5
1985 04 30  0.357 -0.476 7  0.595  185.9
1985 05 01  0.454 -0.470 7  0.654  202.0
1985 05 02  0.544 -0.450 8  0.706  216.1
1985 05 03  0.624 -0.416 8  0.750  227.6
1985 05 04  0.691 -0.370 8  0.784  236.3
1985 05 05  0.746 -0.313 8  0.809  242.0
1985 05 06  0.786 -0.245 8  0.823  244.9
1985 05 07  0.810 -0.168 8  0.827  245.0
1985 05 08  0.817 -0.084 8  0.821  242.7
1985 05 09  0.808  0.006 1  0.808  238.4
1985 05 10  0.781  0.099 1  0.787  232.7
1985 05 11  0.738  0.193 1  0.763  226.4
1985 05 12  0.678  0.286 1  0.736  220.3
1985 05 13  0.603  0.376 1  0.711  215.3
1985 05 14  0.514  0.461 1  0.691  212.3
1985 05 15  0.413  0.540 2  0.679  212.0
1985 05 16  0.301  0.609 2  0.679  215.0
1985 05 17  0.181  0.668 2  0.692  221.3
1985 05 18  0.055  0.715 2  0.717  230.6
1985 05 19 -0.073  0.750 3  0.754  242.2
1985 05 20 -0.201  0.772 3  0.798  255.2
1985 05 21 -0.326  0.780 3  0.846  268.8
1985 05 22 -0.444  0.776 3  0.894  281.9
1985 05 23 -0.553  0.759 3  0.939  293.7
1985 05 24 -0.649  0.731 3  0.978  303.4
1985 05 25 -0.731  0.694 4  1.008  310.4
1985 05 26 -0.797  0.648 4  1.027  314.2
1985 05 27 -0.844  0.596 4  1.034  314.4
1985 05 28 -0.873  0.540 4  1.026  310.7
1985 05 29 -0.882  0.482 4  1.006  303.1
1985 05 30 -0.873  0.424 4  0.971  291.7
1985 05 31 -0.847  0.367 4  0.923  276.6
1985 06 01 -0.806  0.313 4  0.864  258.3
1985 06 02 -0.751  0.263 4  0.796  237.2
1985 06 03 -0.685  0.218 4  0.719  214.1
1985 06 04 -0.612  0.178 4  0.638  189.5
1985 06 05 -0.535  0.142 4  0.553  164.3
1985 06 06 -0.456  0.110 4  0.469  139.3
1985 06 07 -0.380  0.081 4  0.388  115.0
1985 06 08 -0.307  0.053 4  0.312   92.2
1985 06 09 -0.241  0.025 4  0.243   71.6
1985 06 10 -0.184 -0.005 5  0.184   54.2
1985 06 11 -0.135 -0.039 5  0.140   41.7
1985 06 12 -0.096 -0.078 5  0.123   37.7
1985 06 13 -0.066 -0.123 6  0.140   44.1
1985 06 14 -0.043 -0.176 6  0.182   58.1
1985 06 15 -0.028 -0.237 6  0.239   76.8
1985 06 16 -0.016 -0.306 6  0.307   98.7
1985 06 17 -0.007 -0.383 6  0.383  123.1
1985 06 18  0.004 -0.465 7  0.465  149.6
1985 06 19  0.017 -0.552 7  0.552  177.6
1985 06 20  0.035 -0.641 7  0.642  206.5
1985 06 21  0.061 -0.730 7  0.732  235.4
1985 06 22  0.096 -0.815 7  0.820  263.6
1985 06 23  0.141 -0.893 7  0.904  290.2
1985 06 24  0.196 -0.962 7  0.981  314.6
1985 06 25  0.260 -1.017 7  1.050  336.0
1985 06 26  0.333 -1.057 7  1.108  353.9
1985 06 27  0.412 -1.079 7  1.155  367.7
1985 06 28  0.496 -1.081 7  1.189  377.1
1985 06 29  0.581 -1.061 7  1.209  381.8
1985 06 30  0.663 -1.019 7  1.216  381.8
1985 07 01  0.740 -0.956 7  1.209  377.2
1985 07 02  0.808 -0.872 7  1.188  368.0
1985 07 03  0.863 -0.768 8  1.155  354.8
1985 07 04  0.902 -0.648 8  1.111  338.1
1985 07 05  0.923 -0.513 8  1.056  318.5
1985 07 06  0.925 -0.367 8  0.995  297.3
1985 07 07  0.905 -0.213 8  0.929  275.6
1985 07 08  0.863 -0.055 8  0.864  255.2
1985 07 09  0.799  0.103 1  0.806  238.2
1985 07 10  0.715  0.257 1  0.760  226.7
1985 07 11  0.612  0.404 1  0.733  222.5
1985 07 12  0.493  0.540 2  0.731  226.5
1985 07 13  0.360  0.662 2  0.754  237.9
1985 07 14  0.216  0.768 2  0.798  255.1
1985 07 15  0.066  0.855 2  0.858  275.7
1985 07 16 -0.088  0.923 3  0.927  297.8
1985 07 17 -0.242  0.968 3  0.998  319.5
1985 07 18 -0.391  0.992 3  1.067  339.3
1985 07 19 -0.533  0.994 3  1.128  356.3
1985 07 20 -0.666  0.973 3  1.179  369.6
1985 07 21 -0.785  0.932 3  1.218  378.7
1985 07 22 -0.888  0.870 4  1.243  383.3
1985 07 23 -0.975  0.789 4  1.254  383.6
1985 07 24 -1.043  0.692 4  1.251  379.7
1985 07 25 -1.091  0.579 4  1.235  372.1
1985 07 26 -1.120  0.455 4  1.209  361.4
1985 07 27 -1.128  0.320 4  1.173  348.6
1985 07 28 -1.117  0.179 4  1.132  334.8
1985 07 29 -1.088  0.034 4  1.088  321.2
1985 07 30 -1.040 -0.112 5  1.046  309.1
1985 07 31 -0.976 -0.255 5  1.009  299.5
1985 08 01 -0.897 -0.393 5  0.979  293.2
1985 08 02 -0.804 -0.521 5  0.958  290.5
1985 08 03 -0.700 -0.637 5  0.947  291.0
1985 08 04 -0.587 -0.738 6  0.943  293.9
1985 08 05 -0.467 -0.821 6  0.945  297.9
1985 08 06 -0.342 -0.885 6  0.949  302.0
1985 08 07 -0.215 -0.927 6  0.951  304.7
1985 08 08 -0.088 -0.946 6  0.950  305.2
1985 08 09  0.037 -0.941 7  0.942  302.8
1985 08 10  0.157 -0.913 7  0.926  297.2
1985 08 11  0.270 -0.862 7  0.903  288.4
1985 08 12  0.375 -0.789 7  0.874  276.9
1985 08 13  0.468 -0.697 7  0.840  263.5
1985 08 14  0.550 -0.589 7  0.806  249.4
1985 08 15  0.619 -0.466 8  0.774  236.2
1985 08 16  0.673 -0.333 8  0.751  225.7
1985 08 17  0.713 -0.194 8  0.739  219.6
1985 08 18  0.740 -0.053 8  0.742  219.0
1985 08 19  0.752  0.088 1  0.757  223.8
1985 08 20  0.752  0.222 1  0.784  233.2
1985 08 21  0.740  0.348 1  0.818  245.4
1985 08 22  0.718  0.461 1  0.853  258.7
1985 08 23  0.687  0.560 1  0.886  271.1
1985 08 24  0.648  0.642 1  0.912  281.5
1985 08 25  0.604  0.705 2  0.929  288.5
1985 08 26  0.556  0.749 2  0.933  291.4
1985 08 27  0.506  0.773 2  0.924  289.9
1985 08 28  0.454  0.778 2  0.901  283.7
1985 08 29  0.402  0.764 2  0.864  272.9
1985 08 30  0.350  0.734 2  0.814  257.8
1985 08 31  0.300  0.689 2  0.752  238.7
1985 09 01  0.252  0.631 2  0.680  216.2
1985 09 02  0.207  0.563 2  0.599  191.0
1985 09 03  0.163  0.487 2  0.513  163.7
1985 09 04  0.123  0.405 2  0.423  135.1
1985 09 05  0.085  0.320 2  0.331  106.0
1985 09 06  0.049  0.235 2  0.241   77.1
1985 09 07  0.017  0.152 2  0.153   49.2
1985 09 08 -0.012  0.073 3  0.074   23.6
1985 09 09 -0.037 -0.001 5  0.037   11.0
1985 09 10 -0.059 -0.069 6  0.090   28.1
1985 09 11 -0.077 -0.128 6  0.149   46.8
1985 09 12 -0.090 -0.177 6  0.199   62.9
1985 09 13 -0.099 -0.217 6  0.238   75.6
1985 09 14 -0.103 -0.246 6  0.267   84.7
1985 09 15 -0.102 -0.264 6  0.283   90.1
1985 09 16 -0.098 -0.271 6  0.288   91.9
1985 09 17 -0.089 -0.268 6  0.282   90.0
1985 09 18 -0.077 -0.253 6  0.265   84.6
1985 09 19 -0.063 -0.229 6  0.238   76.1
1985 09 20 -0.049 -0.196 6  0.202   64.7
1985 09 21 -0.036 -0.155 6  0.159   50.9
1985 09 22 -0.025 -0.107 6  0.110   35.3
1985 09 23 -0.019 -0.054 6  0.058   18.4
1985 09 24 -0.020  0.001 4  0.020    6.0
1985 09 25 -0.029  0.058 3  0.065   20.6
1985 09 26 -0.049  0.113 3  0.123   39.1
1985 09 27 -0.079  0.164 3  0.182   57.7
1985 09 28 -0.120  0.209 3  0.241   76.0
1985 09 29 -0.174  0.244 3  0.300   93.7
1985 09 30 -0.238  0.268 3  0.358  111.1
1985 10 01 -0.311  0.277 4  0.417  128.1
1985 10 02 -0.393  0.271 4  0.477  145.0
1985 10 03 -0.478  0.247 4  0.538  162.0
1985 10 04 -0.565  0.205 4  0.601  179.3
1985 10 05 -0.648  0.145 4  0.664  196.9
1985 10 06 -0.724  0.067 4  0.727  214.8
1985 10 07 -0.788 -0.028 5  0.788  232.8
1985 10 08 -0.835 -0.137 5  0.846  250.4
1985 10 09 -0.861 -0.258 5  0.899  267.4
1985 10 10 -0.863 -0.387 5  0.945  283.3
1985 10 11 -0.836 -0.518 5  0.984  297.8
1985 10 12 -0.779 -0.649 5  1.014  310.5
1985 10 13 -0.691 -0.772 6  1.036  321.3
1985 10 14 -0.571 -0.884 6  1.052  330.4
1985 10 15 -0.422 -0.978 6  1.065  338.2
1985 10 16 -0.246 -1.049 6  1.077  345.0
1985 10 17 -0.047 -1.093 6  1.094  351.8
1985 10 18  0.170 -1.106 7  1.119  359.3
1985 10 19  0.397 -1.086 7  1.156  368.2
1985 10 20  0.627 -1.029 7  1.205  379.2
1985 10 21  0.852 -0.937 7  1.266  392.4
1985 10 22  1.065 -0.809 8  1.337  408.0
1985 10 23  1.256 -0.648 8  1.413  425.3
1985 10 24  1.418 -0.457 8  1.490  443.7
1985 10 25  1.544 -0.242 8  1.563  462.3
1985 10 26  1.627 -0.008 8  1.627  480.3
1985 10 27  1.663  0.238 1  1.680  496.8
1985 10 28  1.649  0.488 1  1.719  511.3
1985 10 29  1.583  0.733 1  1.745  523.4
1985 10 30  1.466  0.967 1  1.756  532.9
1985 10 31  1.301  1.180 1  1.757  539.9
1985 11 01  1.093  1.365 2  1.749  544.7
1985 11 02  0.847  1.516 2  1.736  547.8
1985 11 03  0.571  1.627 2  1.724  549.7
1985 11 04  0.275  1.694 2  1.716  550.7
1985 11 05 -0.031  1.714 3  1.714  551.2
1985 11 06 -0.336  1.686 3  1.719  551.2
1985 11 07 -0.631  1.612 3  1.731  550.7
1985 11 08 -0.904  1.493 3  1.745  549.2
1985 11 09 -1.145  1.334 3  1.758  546.2
1985 11 10 -1.347  1.141 4  1.765  541.0
1985 11 11 -1.502  0.920 4  1.761  533.0
1985 11 12 -1.605  0.679 4  1.743  521.8
1985 11 13 -1.653  0.428 4  1.708  507.0
1985 11 14 -1.645  0.174 4  1.654  488.8
1985 11 15 -1.582 -0.072 5  1.583  467.5
1985 11 16 -1.467 -0.304 5  1.498  443.9
1985 11 17 -1.306 -0.512 5  1.403  419.1
1985 11 18 -1.106 -0.690 5  1.303  394.6
1985 11 19 -0.875 -0.832 5  1.208  372.0
1985 11 20 -0.624 -0.935 6  1.124  352.7
1985 11 21 -0.362 -0.997 6  1.061  338.0
1985 11 22 -0.101 -1.016 6  1.021  328.2
1985 11 23  0.150 -0.994 7  1.006  322.8
1985 11 24  0.379 -0.934 7  1.009  320.7
1985 11 25  0.580 -0.841 7  1.021  319.9
1985 11 26  0.743 -0.719 8  1.034  318.6
1985 11 27  0.863 -0.576 8  1.038  315.0
1985 11 28  0.937 -0.420 8  1.027  307.7
1985 11 29  0.963 -0.258 8  0.997  296.0
1985 11 30  0.941 -0.099 8  0.946  279.6
1985 12 01  0.875  0.049 1  0.876  258.7
1985 12 02  0.768  0.179 1  0.789  233.9
1985 12 03  0.628  0.284 1  0.689  206.7
1985 12 04  0.462  0.360 1  0.586  178.9
1985 12 05  0.279  0.403 2  0.490  153.5
1985 12 06  0.089  0.410 2  0.420  134.5
1985 12 07 -0.098  0.381 3  0.394  126.0
1985 12 08 -0.274  0.318 3  0.420  130.3
1985 12 09 -0.428  0.223 4  0.483  145.2
1985 12 10 -0.553  0.101 4  0.562  166.4
1985 12 11 -0.642 -0.044 5  0.644  190.1
1985 12 12 -0.692 -0.203 5  0.721  214.3
1985 12 13 -0.698 -0.369 5  0.789  237.6
1985 12 14 -0.660 -0.535 5  0.849  259.8
1985 12 15 -0.579 -0.692 6  0.902  280.6
1985 12 16 -0.459 -0.833 6  0.951  300.3
1985 12 17 -0.304 -0.951 6  0.999  318.9
1985 12 18 -0.122 -1.040 6  1.047  336.4
1985 12 19  0.080 -1.094 7  1.097  352.7
1985 12 20  0.293 -1.111 7  1.149  367.6
1985 12 21  0.508 -1.088 7  1.200  380.5
1985 12 22  0.714 -1.025 7  1.249  391.2
1985 12 23  0.904 -0.923 7  1.292  399.1
1985 12 24  1.068 -0.785 8  1.326  403.9
1985 12 25  1.200 -0.616 8  1.349  405.7
1985 12 26  1.292 -0.421 8  1.359  404.8
1985 12 27  1.342 -0.207 8  1.358  401.7
1985 12 28  1.346  0.020 1  1.346  397.4
1985 12 29  1.304  0.250 1  1.328  393.3
1985 12 30  1.217  0.478 1  1.307  390.6
1985 12 31  1.087  0.694 1  1.290  390.9
1986 01 01  0.920  0.892 1  1.281  395.0
1986 01 02  0.721  1.066 2  1.287  403.4
1986 01 03  0.496  1.210 2  1.308  415.8
1986 01 04  0.255  1.321 2  1.345  431.3
1986 01 05  0.004  1.395 2  1.395  448.4
1986 01 06 -0.249  1.430 3  1.452  465.7
1986 01 07 -0.494  1.427 3  1.510  481.6
1986 01 08 -0.725  1.387 3  1.565  494.8
1986 01 09 -0.935  1.312 3  1.611  504.2
1986 01 10 -1.118  1.206 3  1.644  509.2
1986 01 11 -1.270  1.072 4  1.662  509.2
1986 01 12 -1.387  0.916 4  1.662  504.3
1986 01 13 -1.467  0.743 4  1.645  494.6
1986 01 14 -1.510  0.559 4  1.610  480.6
1986 01 15 -1.516  0.370 4  1.560  462.9
1986 01 16 -1.486  0.181 4  1.497  442.5
1986 01 17 -1.424 -0.001 5  1.424  420.2
1986 01 18 -1.332 -0.173 5  1.343  397.1
1986 01 19 -1.216 -0.330 5  1.259  374.1
1986 01 20 -1.079 -0.467 5  1.176  352.1
1986 01 21 -0.927 -0.584 5  1.095  331.8
1986 01 22 -0.765 -0.677 5  1.022  313.7
1986 01 23 -0.599 -0.745 6  0.956  297.8
1986 01 24 -0.432 -0.790 6  0.900  284.2
1986 01 25 -0.270 -0.810 6  0.854  272.5
1986 01 26 -0.117 -0.808 6  0.817  262.2
1986 01 27  0.024 -0.786 7  0.786  252.9
1986 01 28  0.151 -0.746 7  0.761  244.0
1986 01 29  0.261 -0.692 7  0.739  235.3
1986 01 30  0.352 -0.626 7  0.718  226.5
1986 01 31  0.425 -0.552 7  0.697  217.4
1986 02 01  0.480 -0.474 8  0.674  208.0
1986 02 02  0.517 -0.395 8  0.650  198.4
1986 02 03  0.537 -0.318 8  0.624  188.6
1986 02 04  0.542 -0.246 8  0.596  178.6
1986 02 05  0.535 -0.182 8  0.565  168.5
1986 02 06  0.518 -0.127 8  0.534  158.4
1986 02 07  0.494 -0.083 8  0.501  148.3
1986 02 08  0.465 -0.052 8  0.468  138.3
1986 02 09  0.434 -0.032 8  0.435  128.5
1986 02 10  0.403 -0.024 8  0.404  119.3
1986 02 11  0.376 -0.028 8  0.377  111.2
1986 02 12  0.352 -0.041 8  0.355  104.8
1986 02 13  0.335 -0.062 8  0.341  100.9
1986 02 14  0.325 -0.090 8  0.337  100.2
1986 02 15  0.322 -0.122 8  0.345  102.9
1986 02 16  0.328 -0.155 8  0.362  108.8
1986 02 17  0.340 -0.187 8  0.388  117.0
1986 02 18  0.359 -0.217 8  0.419  126.8
1986 02 19  0.382 -0.241 8  0.452  136.9
1986 02 20  0.409 -0.259 8  0.484  146.7
1986 02 21  0.438 -0.268 8  0.513  155.2
1986 02 22  0.465 -0.267 8  0.537  162.0
1986 02 23  0.490 -0.256 8  0.553  166.5
1986 02 24  0.510 -0.235 8  0.562  168.5
1986 02 25  0.524 -0.203 8  0.562  167.8
1986 02 26  0.529 -0.162 8  0.553  164.5
1986 02 27  0.523 -0.112 8  0.535  158.7
1986 02 28  0.507 -0.055 8  0.510  150.8
1986 03 01  0.480  0.007 1  0.480  141.7
1986 03 02  0.441  0.074 1  0.447  132.3
1986 03 03  0.391  0.142 1  0.416  124.1
1986 03 04  0.331  0.209 1  0.391  118.6
1986 03 05  0.262  0.275 2  0.380  117.4
1986 03 06  0.186  0.336 2  0.384  121.3
1986 03 07  0.105  0.392 2  0.406  130.0
1986 03 08  0.021  0.442 2  0.442  142.3
1986 03 09 -0.063  0.484 3  0.488  156.7
1986 03 10 -0.145  0.518 3  0.538  171.9
1986 03 11 -0.224  0.543 3  0.587  186.6
1986 03 12 -0.296  0.560 3  0.633  200.1
1986 03 13 -0.361  0.568 3  0.673  211.5
1986 03 14 -0.416  0.569 3  0.705  220.4
1986 03 15 -0.461  0.563 3  0.728  226.5
1986 03 16 -0.495  0.551 3  0.741  229.7
1986 03 17 -0.518  0.533 3  0.744  229.8
1986 03 18 -0.530  0.511 4  0.737  227.0
1986 03 19 -0.532  0.486 4  0.720  221.5
1986 03 20 -0.525  0.457 4  0.696  213.4
1986 03 21 -0.509  0.425 4  0.663  203.1
1986 03 22 -0.486  0.392 4  0.624  190.8
1986 03 23 -0.458  0.355 4  0.580  177.0
1986 03 24 -0.426  0.317 4  0.531  161.8
1986 03 25 -0.391  0.276 4  0.479  145.6
1986 03 26 -0.356  0.232 4  0.425  128.8
1986 03 27 -0.321  0.184 4  0.370  111.7
1986 03 28 -0.287  0.132 4  0.316   94.9
1986 03 29 -0.256  0.076 4  0.267   79.4
1986 03 30 -0.227  0.015 4  0.228   67.2
1986 03 31 -0.201 -0.051 5  0.207   61.5
1986 04 01 -0.178 -0.121 5  0.215   65.4
1986 04 02 -0.157 -0.197 6  0.252   78.4
1986 04 03 -0.137 -0.276 6  0.308   97.6
1986 04 04 -0.119 -0.358 6  0.377  120.3
1986 04 05 -0.100 -0.441 6  0.453  145.0
1986 04 06 -0.080 -0.525 6  0.531  170.4
1986 04 07 -0.058 -0.606 6  0.609  195.6
1986 04 08 -0.033 -0.683 6  0.684  219.8
1986 04 09 -0.005 -0.753 6  0.753  242.1
1986 04 10  0.029 -0.813 7  0.814  261.6
1986 04 11  0.066 -0.862 7  0.864  277.8
1986 04 12  0.108 -0.896 7  0.902  289.8
1986 04 13  0.153 -0.913 7  0.926  297.2
1986 04 14  0.202 -0.912 7  0.934  299.3
1986 04 15  0.251 -0.891 7  0.926  295.9
1986 04 16  0.301 -0.848 7  0.900  286.9
1986 04 17  0.349 -0.784 7  0.858  272.4
1986 04 18  0.392 -0.699 7  0.801  252.7
1986 04 19  0.428 -0.593 7  0.732  228.9
1986 04 20  0.456 -0.469 7  0.654  202.2
1986 04 21  0.473 -0.328 8  0.576  175.1
1986 04 22  0.477 -0.175 8  0.508  151.6
1986 04 23  0.466 -0.011 8  0.466  137.6
1986 04 24  0.439  0.157 1  0.466  139.1
1986 04 25  0.395  0.327 1  0.512  156.9
1986 04 26  0.334  0.492 2  0.595  186.4
1986 04 27  0.257  0.648 2  0.697  221.7
1986 04 28  0.164  0.790 2  0.807  258.8
1986 04 29  0.057  0.914 2  0.916  294.5
1986 04 30 -0.060  1.015 3  1.017  327.0
1986 05 01 -0.185  1.090 3  1.106  354.8
1986 05 02 -0.314  1.135 3  1.178  376.7
1986 05 03 -0.443  1.149 3  1.232  392.0
1986 05 04 -0.568  1.130 3  1.265  400.3
1986 05 05 -0.683  1.079 3  1.277  401.2
1986 05 06 -0.784  0.995 3  1.267  395.0
1986 05 07 -0.866  0.882 3  1.237  382.0
1986 05 08 -0.926  0.743 4  1.187  363.0
1986 05 09 -0.958  0.581 4  1.121  339.1
1986 05 10 -0.962  0.402 4  1.042  311.9
1986 05 11 -0.933  0.212 4  0.957  283.7
1986 05 12 -0.871  0.017 4  0.872  257.3
1986 05 13 -0.777 -0.177 5  0.797  236.3
1986 05 14 -0.650 -0.363 5  0.745  224.6
1986 05 15 -0.494 -0.533 6  0.727  225.1
1986 05 16 -0.310 -0.683 6  0.750  237.9
1986 05 17 -0.105 -0.805 6  0.812  260.7
1986 05 18  0.118 -0.896 7  0.903  290.1
1986 05 19  0.352 -0.951 7  1.014  322.9
1986 05 20  0.591 -0.967 7  1.134  356.6
1986 05 21  0.828 -0.944 7  1.256  389.7
1986 05 22  1.055 -0.881 8  1.375  421.0
1986 05 23  1.266 -0.779 8  1.487  449.9
1986 05 24  1.453 -0.642 8  1.589  476.0
1986 05 25  1.611 -0.472 8  1.679  499.3
1986 05 26  1.734 -0.275 8  1.756  519.5
1986 05 27  1.817 -0.057 8  1.818  536.7
1986 05 28  1.857  0.174 1  1.865  551.0
1986 05 29  1.851  0.413 1  1.896  562.1
1986 05 30  1.797  0.650 1  1.911  570.2
1986 05 31  1.697  0.878 1  1.911  575.0
1986 06 01  1.551  1.089 1  1.895  576.4
1986 06 02  1.362  1.275 1  1.866  574.3
1986 06 03  1.135  1.430 2  1.826  569.0
1986 06 04  0.874  1.548 2  1.778  560.8
1986 06 05  0.585  1.624 2  1.727  550.2
1986 06 06  0.277  1.654 2  1.677  538.3
1986 06 07 -0.044  1.637 3  1.637  526.5
1986 06 08 -0.369  1.570 3  1.613  516.6
1986 06 09 -0.690  1.456 3  1.611  510.5
1986 06 10 -0.997  1.296 3  1.635  510.2
1986 06 11 -1.283  1.094 4  1.686  516.9
1986 06 12 -1.539  0.856 4  1.761  531.0
1986 06 13 -1.757  0.587 4  1.853  552.0
1986 06 14 -1.933  0.295 4  1.955  578.4
1986 06 15 -2.060 -0.011 5  2.060  607.9
1986 06 16 -2.134 -0.322 5  2.158  638.3
1986 06 17 -2.153 -0.630 5  2.243  667.0
1986 06 18 -2.116 -0.925 5  2.310  691.9
1986 06 19 -2.025 -1.198 5  2.353  711.2
1986 06 20 -1.882 -1.441 5  2.371  723.5
1986 06 21 -1.692 -1.646 5  2.360  727.7
1986 06 22 -1.460 -1.807 6  2.323  723.4
1986 06 23 -1.194 -1.919 6  2.260  710.6
1986 06 24 -0.902 -1.979 6  2.175  689.9
1986 06 25 -0.594 -1.986 6  2.073  662.2
1986 06 26 -0.280 -1.939 6  1.959  629.1
1986 06 27  0.031 -1.842 7  1.842  592.3
1986 06 28  0.329 -1.697 7  1.729  554.3
1986 06 29  0.604 -1.511 7  1.627  517.5
1986 06 30  0.848 -1.289 7  1.543  484.3
1986 07 01  1.054 -1.041 8  1.482  457.1
1986 07 02  1.217 -0.775 8  1.443  437.2
1986 07 03  1.333 -0.499 8  1.423  424.9
1986 07 04  1.400 -0.224 8  1.418  419.4
1986 07 05  1.418  0.042 1  1.419  418.9
1986 07 06  1.391  0.291 1  1.421  421.0
1986 07 07  1.320  0.515 1  1.418  423.5
1986 07 08  1.213  0.709 1  1.405  424.6
1986 07 09  1.076  0.868 1  1.382  422.8
1986 07 10  0.915  0.989 2  1.348  417.4
1986 07 11  0.741  1.071 2  1.302  408.0
1986 07 12  0.560  1.115 2  1.247  394.7
1986 07 13  0.380  1.121 2  1.184  377.6
1986 07 14  0.210  1.095 2  1.115  357.4
1986 07 15  0.056  1.039 2  1.041  334.6
1986 07 16 -0.079  0.961 3  0.964  309.8
1986 07 17 -0.190  0.865 3  0.885  283.7
1986 07 18 -0.275  0.758 3  0.806  256.8
1986 07 19 -0.334  0.646 3  0.727  229.9
1986 07 20 -0.369  0.534 3  0.649  203.3
1986 07 21 -0.382  0.428 3  0.574  177.9
1986 07 22 -0.378  0.331 4  0.503  154.2
1986 07 23 -0.362  0.246 4  0.438  132.9
1986 07 24 -0.340  0.174 4  0.381  114.8
1986 07 25 -0.316  0.116 4  0.336  100.4
1986 07 26 -0.297  0.070 4  0.305   90.5
1986 07 27 -0.288  0.036 4  0.290   85.7
1986 07 28 -0.292  0.009 4  0.292   86.3
1986 07 29 -0.313 -0.014 5  0.313   92.5
1986 07 30 -0.352 -0.037 5  0.354  104.5
1986 07 31 -0.408 -0.063 5  0.413  122.1
1986 08 01 -0.480 -0.097 5  0.490  145.0
1986 08 02 -0.564 -0.141 5  0.582  172.7
1986 08 03 -0.657 -0.198 5  0.686  204.0
1986 08 04 -0.751 -0.270 5  0.798  238.0
1986 08 05 -0.840 -0.356 5  0.913  273.2
1986 08 06 -0.918 -0.455 5  1.025  308.1
1986 08 07 -0.978 -0.565 5  1.129  341.1
1986 08 08 -1.012 -0.683 5  1.221  370.7
1986 08 09 -1.015 -0.804 5  1.294  395.5
1986 08 10 -0.982 -0.922 5  1.346  414.5
1986 08 11 -0.910 -1.031 6  1.375  426.7
1986 08 12 -0.798 -1.126 6  1.380  431.9
1986 08 13 -0.647 -1.199 6  1.363  430.3
1986 08 14 -0.459 -1.246 6  1.328  423.0
1986 08 15 -0.238 -1.261 6  1.284  411.6
1986 08 16  0.009 -1.241 7  1.241  399.0
1986 08 17  0.273 -1.182 7  1.213  388.6
1986 08 18  0.547 -1.084 7  1.214  384.1
1986 08 19  0.819 -0.947 7  1.252  388.9
1986 08 20  1.080 -0.774 8  1.329  404.5
1986 08 21  1.319 -0.569 8  1.437  430.3
1986 08 22  1.528 -0.337 8  1.564  463.7
1986 08 23  1.696 -0.085 8  1.698  501.3
1986 08 24  1.817  0.178 1  1.825  539.2
1986 08 25  1.885  0.444 1  1.936  574.3
1986 08 26  1.897  0.704 1  2.023  603.9
1986 08 27  1.851  0.948 1  2.080  625.8
1986 08 28  1.750  1.168 1  2.104  638.5
1986 08 29  1.595  1.355 1  2.093  641.4
1986 08 30  1.393  1.502 2  2.048  634.3
1986 08 31  1.151  1.604 2  1.974  617.5
1986 09 01  0.877  1.656 2  1.874  592.3
1986 09 02  0.583  1.658 2  1.757  560.2
1986 09 03  0.279  1.608 2  1.632  523.6
1986 09 04 -0.025  1.509 3  1.509  485.2
1986 09 05 -0.316  1.364 3  1.400  448.4
1986 09 06 -0.585  1.179 3  1.316  416.5
1986 09 07 -0.822  0.960 3  1.264  392.8
1986 09 08 -1.020  0.717 4  1.247  379.3
1986 09 09 -1.172  0.458 4  1.259  376.1
1986 09 10 -1.275  0.193 4  1.290  381.4
1986 09 11 -1.326 -0.068 5  1.328  392.1
1986 09 12 -1.326 -0.316 5  1.364  404.5
1986 09 13 -1.278 -0.542 5  1.388  415.6
1986 09 14 -1.185 -0.739 5  1.397  422.9
1986 09 15 -1.054 -0.899 5  1.385  424.7
1986 09 16 -0.893 -1.017 6  1.354  420.1
1986 09 17 -0.710 -1.092 6  1.302  408.9
1986 09 18 -0.513 -1.121 6  1.233  391.0
1986 09 19 -0.314 -1.105 6  1.149  367.3
1986 09 20 -0.120 -1.047 6  1.054  338.5
1986 09 21  0.060 -0.951 7  0.953  306.2
1986 09 22  0.218 -0.822 7  0.850  271.9
1986 09 23  0.348 -0.667 7  0.752  237.8
1986 09 24  0.445 -0.494 7  0.665  206.3
1986 09 25  0.507 -0.312 8  0.596  180.3
1986 09 26  0.533 -0.129 8  0.549  162.7
1986 09 27  0.524  0.048 1  0.526  155.3
1986 09 28  0.482  0.209 1  0.525  157.2
1986 09 29  0.411  0.349 1  0.539  165.3
1986 09 30  0.317  0.462 2  0.560  175.6
1986 10 01  0.208  0.543 2  0.582  185.1
1986 10 02  0.090  0.591 2  0.597  191.7
1986 10 03 -0.029  0.603 3  0.604  194.1
1986 10 04 -0.142  0.581 3  0.598  191.5
1986 10 05 -0.239  0.528 3  0.580  183.9
1986 10 06 -0.317  0.447 3  0.548  171.5
1986 10 07 -0.368  0.344 4  0.504  155.0
1986 10 08 -0.388  0.226 4  0.449  135.7
1986 10 09 -0.377  0.099 4  0.390  115.7
1986 10 10 -0.332 -0.028 5  0.333   98.4
1986 10 11 -0.255 -0.148 5  0.295   89.2
1986 10 12 -0.150 -0.254 6  0.295   92.8
1986 10 13 -0.020 -0.338 6  0.339  108.9
1986 10 14  0.128 -0.395 7  0.416  132.7
1986 10 15  0.287 -0.422 7  0.510  159.8
1986 10 16  0.449 -0.414 8  0.610  187.7
1986 10 17  0.605 -0.371 8  0.710  214.7
1986 10 18  0.747 -0.294 8  0.803  239.9
1986 10 19  0.868 -0.184 8  0.887  262.9
1986 10 20  0.959 -0.047 8  0.960  283.4
1986 10 21  1.015  0.113 1  1.021  301.7
1986 10 22  1.030  0.289 1  1.070  318.0
1986 10 23  1.004  0.473 1  1.109  332.9
1986 10 24  0.933  0.656 1  1.141  347.0
1986 10 25  0.820  0.832 2  1.168  360.7
1986 10 26  0.667  0.990 2  1.194  374.4
1986 10 27  0.479  1.125 2  1.223  388.4
1986 10 28  0.263  1.229 2  1.257  402.7
1986 10 29  0.027  1.296 2  1.296  416.9
1986 10 30 -0.222  1.324 3  1.342  430.7
1986 10 31 -0.473  1.309 3  1.392  443.5
1986 11 01 -0.717  1.252 3  1.442  454.7
1986 11 02 -0.944  1.153 3  1.490  463.8
1986 11 03 -1.147  1.016 4  1.532  470.4
1986 11 04 -1.317  0.845 4  1.564  474.2
1986 11 05 -1.448  0.646 4  1.585  475.1
1986 11 06 -1.535  0.426 4  1.593  473.4
1986 11 07 -1.576  0.193 4  1.588  469.2
1986 11 08 -1.569 -0.044 5  1.569  463.3
1986 11 09 -1.515 -0.279 5  1.540  456.1
1986 11 10 -1.417 -0.503 5  1.504  448.5
1986 11 11 -1.279 -0.709 5  1.463  441.1
1986 11 12 -1.108 -0.891 5  1.421  434.7
1986 11 13 -0.909 -1.043 6  1.383  429.5
1986 11 14 -0.691 -1.163 6  1.352  425.8
1986 11 15 -0.461 -1.247 6  1.329  423.4
1986 11 16 -0.228 -1.295 6  1.315  421.9
1986 11 17 -0.000 -1.308 6  1.308  420.7
1986 11 18  0.215 -1.288 7  1.305  418.9
1986 11 19  0.412 -1.237 7  1.304  415.9
1986 11 20  0.585 -1.160 7  1.299  410.9
1986 11 21  0.729 -1.061 7  1.287  403.4
1986 11 22  0.841 -0.947 7  1.267  392.9
1986 11 23  0.921 -0.822 8  1.234  379.1
1986 11 24  0.968 -0.692 8  1.190  362.1
1986 11 25  0.983 -0.562 8  1.132  341.8
1986 11 26  0.968 -0.437 8  1.063  318.5
1986 11 27  0.927 -0.322 8  0.982  292.6
1986 11 28  0.864 -0.218 8  0.891  264.6
1986 11 29  0.783 -0.130 8  0.794  234.8
1986 11 30  0.688 -0.058 8  0.691  204.1
1986 12 01  0.586 -0.003 8  0.586  172.9
1986 12 02  0.479  0.035 1  0.480  141.9
1986 12 03  0.373  0.057 1  0.378  111.7
1986 12 04  0.272  0.064 1  0.280   83.0
1986 12 05  0.179  0.060 1  0.189   56.2
1986 12 06  0.097  0.045 1  0.107   32.0
1986 12 07  0.026  0.024 1  0.036   10.9
1986 12 08 -0.030 -0.002 5  0.030    8.8
1986 12 09 -0.072 -0.030 5  0.077   23.2
1986 12 10 -0.099 -0.056 5  0.114   34.4
1986 12 11 -0.113 -0.080 5  0.138   42.0
1986 12 12 -0.114 -0.099 5  0.151   46.2
1986 12 13 -0.104 -0.111 6  0.152   47.0
1986 12 14 -0.084 -0.116 6  0.143   44.7
1986 12 15 -0.056 -0.113 6  0.126   39.9
1986 12 16 -0.023 -0.102 6  0.105   33.5
1986 12 17  0.014 -0.083 7  0.084   27.1
1986 12 18  0.053 -0.058 7  0.078   24.2
1986 12 19  0.093 -0.025 8  0.096   28.5
1986 12 20  0.131  0.012 1  0.132   38.9
1986 12 21  0.167  0.053 1  0.176   52.3
1986 12 22  0.200  0.098 1  0.223   66.9
1986 12 23  0.229  0.143 1  0.270   81.7
1986 12 24  0.252  0.190 1  0.316   96.2
1986 12 25  0.270  0.235 1  0.358  109.9
1986 12 26  0.282  0.279 1  0.397  122.4
1986 12 27  0.288  0.320 2  0.431  133.5
1986 12 28  0.287  0.358 2  0.459  142.9
1986 12 29  0.280  0.392 2  0.481  150.7
1986 12 30  0.267  0.421 2  0.498  156.5
1986 12 31  0.247  0.445 2  0.509  160.6
1987 01 01  0.222  0.464 2  0.514  162.9
1987 01 02  0.190  0.478 2  0.514  163.6
1987 01 03  0.154  0.487 2  0.510  162.9
1987 01 04  0.113  0.490 2  0.503  161.1
1987 01 05  0.069  0.488 2  0.493  158.4
1987 01 06  0.021  0.482 2  0.483  155.2
1987 01 07 -0.028  0.472 3  0.473  152.0
1987 01 08 -0.079  0.458 3  0.464  149.0
1987 01 09 -0.130  0.440 3  0.459  146.7
1987 01 10 -0.180  0.421 3  0.458  145.4
1987 01 11 -0.229  0.399 3  0.460  145.0
1987 01 12 -0.275  0.376 3  0.466  145.8
1987 01 13 -0.319  0.353 3  0.476  147.5
1987 01 14 -0.358  0.331 4  0.487  149.9
1987 01 15 -0.393  0.309 4  0.500  152.7
1987 01 16 -0.423  0.289 4  0.513  155.7
1987 01 17 -0.449  0.271 4  0.525  158.6
1987 01 18 -0.471  0.254 4  0.535  161.2
1987 01 19 -0.487  0.240 4  0.543  163.2
1987 01 20 -0.500  0.227 4  0.549  164.5
1987 01 21 -0.508  0.216 4  0.552  165.2
1987 01 22 -0.512  0.205 4  0.552  165.0
1987 01 23 -0.513  0.195 4  0.549  164.0
1987 01 24 -0.511  0.183 4  0.543  162.0
1987 01 25 -0.506  0.170 4  0.534  159.0
1987 01 26 -0.498  0.153 4  0.521  155.0
1987 01 27 -0.486  0.134 4  0.504  149.9
1987 01 28 -0.472  0.109 4  0.484  143.7
1987 01 29 -0.454  0.080 4  0.461  136.5
1987 01 30 -0.433  0.045 4  0.435  128.5
1987 01 31 -0.408  0.005 4  0.408  120.3
1987 02 01 -0.378 -0.041 5  0.381  112.5
1987 02 02 -0.345 -0.092 5  0.357  106.1
1987 02 03 -0.308 -0.148 5  0.342  102.7
1987 02 04 -0.268 -0.207 5  0.338  103.3
1987 02 05 -0.224 -0.269 6  0.350  108.7
1987 02 06 -0.177 -0.332 6  0.376  118.8
1987 02 07 -0.129 -0.394 6  0.415  132.4
1987 02 08 -0.080 -0.456 6  0.463  148.4
1987 02 09 -0.031 -0.514 6  0.515  165.6
1987 02 10  0.017 -0.568 7  0.568  182.8
1987 02 11  0.062 -0.617 7  0.620  199.1
1987 02 12  0.104 -0.658 7  0.667  213.9
1987 02 13  0.141 -0.693 7  0.707  226.6
1987 02 14  0.173 -0.719 7  0.739  236.8
1987 02 15  0.200 -0.736 7  0.763  244.0
1987 02 16  0.220 -0.745 7  0.777  248.2
1987 02 17  0.234 -0.745 7  0.781  249.2
1987 02 18  0.243 -0.735 7  0.775  247.1
1987 02 19  0.247 -0.718 7  0.759  242.0
1987 02 20  0.246 -0.692 7  0.735  234.1
1987 02 21  0.243 -0.659 7  0.702  223.6
1987 02 22  0.238 -0.618 7  0.662  210.9
1987 02 23  0.232 -0.572 7  0.617  196.1
1987 02 24  0.226 -0.519 7  0.566  179.8
1987 02 25  0.222 -0.461 7  0.512  162.2
1987 02 26  0.220 -0.399 7  0.456  143.9
1987 02 27  0.221 -0.333 7  0.400  125.5
1987 02 28  0.226 -0.264 7  0.348  108.0
1987 03 01  0.234 -0.192 8  0.303   92.7
1987 03 02  0.246 -0.119 8  0.273   81.9
1987 03 03  0.260 -0.044 8  0.263   78.0
1987 03 04  0.276  0.031 1  0.278   82.1
1987 03 05  0.293  0.106 1  0.312   93.1
1987 03 06  0.311  0.180 1  0.359  108.4
1987 03 07  0.327  0.251 1  0.412  125.7
1987 03 08  0.340  0.319 1  0.466  143.5
1987 03 09  0.350  0.383 2  0.519  160.7
1987 03 10  0.354  0.442 2  0.567  176.6
1987 03 11  0.353  0.496 2  0.609  190.6
1987 03 12  0.346  0.543 2  0.644  202.2
1987 03 13  0.331  0.582 2  0.670  211.2
1987 03 14  0.309  0.614 2  0.687  217.4
1987 03 15  0.280  0.636 2  0.695  220.6
1987 03 16  0.244  0.649 2  0.693  220.8
1987 03 17  0.201  0.653 2  0.683  218.0
1987 03 18  0.152  0.646 2  0.664  212.5
1987 03 19  0.099  0.629 2  0.637  204.5
1987 03 20  0.043  0.603 2  0.604  194.2
1987 03 21 -0.016  0.566 3  0.566  182.0
1987 03 22 -0.075  0.520 3  0.525  168.6
1987 03 23 -0.133  0.465 3  0.483  154.5
1987 03 24 -0.188  0.401 3  0.443  140.5
1987 03 25 -0.239  0.331 3  0.408  127.7
1987 03 26 -0.285  0.254 4  0.382  117.2
1987 03 27 -0.324  0.171 4  0.367  110.5
1987 03 28 -0.356  0.085 4  0.366  108.5
1987 03 29 -0.378 -0.003 5  0.378  111.5
1987 03 30 -0.390 -0.092 5  0.401  118.8
1987 03 31 -0.391 -0.181 5  0.431  129.3
1987 04 01 -0.382 -0.266 5  0.466  141.5
1987 04 02 -0.362 -0.346 5  0.501  154.3
1987 04 03 -0.330 -0.420 6  0.534  166.6
1987 04 04 -0.288 -0.485 6  0.564  177.7
1987 04 05 -0.236 -0.540 6  0.589  187.0
1987 04 06 -0.174 -0.582 6  0.608  194.1
1987 04 07 -0.105 -0.611 6  0.620  198.8
1987 04 08 -0.029 -0.624 6  0.624  200.8
1987 04 09  0.052 -0.621 7  0.623  200.2
1987 04 10  0.135 -0.601 7  0.616  197.2
1987 04 11  0.219 -0.563 7  0.604  192.3
1987 04 12  0.300 -0.508 7  0.591  186.0
1987 04 13  0.377 -0.437 7  0.578  179.4
1987 04 14  0.447 -0.351 8  0.568  173.6
1987 04 15  0.508 -0.250 8  0.566  170.1
1987 04 16  0.556 -0.138 8  0.573  170.1
1987 04 17  0.590 -0.017 8  0.591  174.4
1987 04 18  0.609  0.111 1  0.619  183.2
1987 04 19  0.609  0.241 1  0.655  195.9
1987 04 20  0.591  0.371 1  0.698  211.4
1987 04 21  0.554  0.496 1  0.744  228.4
1987 04 22  0.498  0.613 2  0.790  245.8
1987 04 23  0.424  0.717 2  0.833  262.4
1987 04 24  0.332  0.806 2  0.872  277.2
1987 04 25  0.225  0.877 2  0.905  289.7
1987 04 26  0.106  0.926 2  0.932  299.4
1987 04 27 -0.023  0.951 3  0.951  305.9
1987 04 28 -0.156  0.951 3  0.964  309.3
1987 04 29 -0.291  0.925 3  0.970  309.8
1987 04 30 -0.422  0.874 3  0.971  307.5
1987 05 01 -0.545  0.798 3  0.966  302.9
1987 05 02 -0.655  0.699 3  0.958  296.6
1987 05 03 -0.748  0.580 4  0.946  289.0
1987 05 04 -0.818  0.445 4  0.931  280.7
1987 05 05 -0.863  0.298 4  0.913  272.1
1987 05 06 -0.879  0.143 4  0.890  263.5
1987 05 07 -0.864 -0.013 5  0.864  255.1
1987 05 08 -0.818 -0.165 5  0.834  247.2
1987 05 09 -0.740 -0.307 5  0.801  239.8
1987 05 10 -0.633 -0.434 5  0.767  233.2
1987 05 11 -0.498 -0.542 6  0.735  227.8
1987 05 12 -0.339 -0.624 6  0.711  224.4
1987 05 13 -0.162 -0.679 6  0.698  223.6
1987 05 14  0.027 -0.704 7  0.704  226.4
1987 05 15  0.221 -0.696 7  0.730  233.1
1987 05 16  0.414 -0.656 7  0.776  243.9
1987 05 17  0.597 -0.586 8  0.836  258.0
1987 05 18  0.763 -0.488 8  0.905  274.4
1987 05 19  0.905 -0.365 8  0.976  291.7
1987 05 20  1.016 -0.223 8  1.040  308.4
1987 05 21  1.092 -0.068 8  1.094  323.1
1987 05 22  1.129  0.094 1  1.133  334.6
1987 05 23  1.124  0.256 1  1.152  341.7
1987 05 24  1.076  0.411 1  1.152  344.0
1987 05 25  0.987  0.552 1  1.130  341.0
1987 05 26  0.859  0.672 1  1.090  333.0
1987 05 27  0.697  0.765 2  1.035  320.7
1987 05 28  0.507  0.828 2  0.971  305.3
1987 05 29  0.296  0.856 2  0.906  288.9
1987 05 30  0.073  0.849 2  0.852  273.7
1987 05 31 -0.154  0.805 3  0.819  262.8
1987 06 01 -0.375  0.727 3  0.818  258.6
1987 06 02 -0.583  0.617 3  0.848  262.5
1987 06 03 -0.768  0.479 4  0.905  274.1
1987 06 04 -0.924  0.321 4  0.978  291.5
1987 06 05 -1.044  0.148 4  1.054  311.7
1987 06 06 -1.124 -0.032 5  1.125  332.1
1987 06 07 -1.163 -0.212 5  1.182  350.0
1987 06 08 -1.159 -0.383 5  1.221  363.6
1987 06 09 -1.114 -0.537 5  1.237  371.4
1987 06 10 -1.031 -0.668 5  1.229  372.6
1987 06 11 -0.915 -0.771 5  1.197  366.7
1987 06 12 -0.773 -0.840 6  1.142  353.7
1987 06 13 -0.613 -0.873 6  1.067  334.0
1987 06 14 -0.441 -0.869 6  0.975  308.3
1987 06 15 -0.269 -0.827 6  0.870  277.7
1987 06 16 -0.103 -0.751 6  0.758  243.5
1987 06 17  0.047 -0.644 7  0.646  207.7
1987 06 18  0.175 -0.512 7  0.541  172.5
1987 06 19  0.273 -0.361 7  0.453  141.4
1987 06 20  0.339 -0.199 8  0.393  118.7
1987 06 21  0.368 -0.033 8  0.369  109.1
1987 06 22  0.360  0.126 1  0.382  113.8
1987 06 23  0.316  0.273 1  0.417  128.0
1987 06 24  0.239  0.398 2  0.464  146.1
1987 06 25  0.133  0.495 2  0.513  164.0
1987 06 26  0.004  0.559 2  0.559  179.8
1987 06 27 -0.140  0.585 3  0.602  192.7
1987 06 28 -0.292  0.572 3  0.642  203.1
1987 06 29 -0.442  0.518 3  0.681  211.7
1987 06 30 -0.583  0.425 4  0.722  219.8
1987 07 01 -0.707  0.296 4  0.766  229.3
1987 07 02 -0.805  0.136 4  0.816  241.6
1987 07 03 -0.873 -0.051 5  0.874  258.1
1987 07 04 -0.905 -0.256 5  0.940  279.4
1987 07 05 -0.898 -0.471 5  1.014  305.3
1987 07 06 -0.851 -0.689 5  1.095  334.9
1987 07 07 -0.764 -0.900 6  1.181  366.9
1987 07 08 -0.639 -1.097 6  1.270  400.0
1987 07 09 -0.480 -1.271 6  1.359  432.6
1987 07 10 -0.293 -1.416 6  1.446  463.4
1987 07 11 -0.083 -1.525 6  1.527  490.9
1987 07 12  0.142 -1.594 7  1.600  514.3
1987 07 13  0.375 -1.620 7  1.663  532.6
1987 07 14  0.607 -1.602 7  1.713  545.4
1987 07 15  0.831 -1.539 7  1.749  552.4
1987 07 16  1.040 -1.433 7  1.771  553.7
1987 07 17  1.227 -1.287 7  1.778  550.0
1987 07 18  1.387 -1.105 8  1.773  542.1
1987 07 19  1.515 -0.892 8  1.758  531.2
1987 07 20  1.608 -0.654 8  1.736  519.1
1987 07 21  1.664 -0.399 8  1.711  507.5
1987 07 22  1.683 -0.132 8  1.688  498.5
1987 07 23  1.665  0.140 1  1.671  493.5
1987 07 24  1.613  0.408 1  1.664  493.8
1987 07 25  1.529  0.668 1  1.668  499.7
1987 07 26  1.416  0.912 1  1.685  510.7
1987 07 27  1.279  1.137 1  1.711  525.5
1987 07 28  1.122  1.336 2  1.745  542.6
1987 07 29  0.950  1.507 2  1.782  560.1
1987 07 30  0.767  1.648 2  1.818  576.2
1987 07 31  0.578  1.755 2  1.848  589.6
1987 08 01  0.386  1.829 2  1.869  599.1
1987 08 02  0.195  1.869 2  1.879  603.8
1987 08 03  0.008  1.876 2  1.876  603.3
1987 08 04 -0.172  1.852 3  1.859  597.6
1987 08 05 -0.343  1.797 3  1.830  586.7
1987 08 06 -0.504  1.716 3  1.788  571.4
1987 08 07 -0.653  1.609 3  1.737  552.3
1987 08 08 -0.791  1.482 3  1.679  530.5
1987 08 09 -0.915  1.335 3  1.619  507.3
1987 08 10 -1.026  1.174 3  1.559  484.0
1987 08 11 -1.124  1.001 4  1.505  462.2
1987 08 12 -1.209  0.818 4  1.460  443.3
1987 08 13 -1.279  0.630 4  1.426  428.6
1987 08 14 -1.336  0.439 4  1.407  419.0
1987 08 15 -1.379  0.248 4  1.401  414.7
1987 08 16 -1.407  0.058 4  1.408  415.7
1987 08 17 -1.420 -0.127 5  1.426  421.1
1987 08 18 -1.417 -0.307 5  1.450  429.8
1987 08 19 -1.398 -0.479 5  1.478  440.4
1987 08 20 -1.362 -0.641 5  1.506  451.9
1987 08 21 -1.309 -0.793 5  1.531  463.0
1987 08 22 -1.239 -0.933 5  1.551  473.1
1987 08 23 -1.151 -1.061 5  1.565  481.4
1987 08 24 -1.045 -1.175 6  1.572  487.7
1987 08 25 -0.923 -1.274 6  1.573  492.0
1987 08 26 -0.785 -1.358 6  1.568  494.3
1987 08 27 -0.633 -1.425 6  1.559  494.9
1987 08 28 -0.467 -1.476 6  1.548  494.3
1987 08 29 -0.292 -1.509 6  1.537  492.9
1987 08 30 -0.108 -1.524 6  1.528  491.3
1987 08 31  0.082 -1.521 7  1.523  489.8
1987 09 01  0.273 -1.499 7  1.524  488.7
1987 09 02  0.463 -1.458 7  1.530  488.3
1987 09 03  0.648 -1.398 7  1.541  488.5
1987 09 04  0.825 -1.319 7  1.556  489.1
1987 09 05  0.990 -1.222 7  1.573  489.8
1987 09 06  1.140 -1.108 8  1.590  490.0
1987 09 07  1.271 -0.978 8  1.604  489.5
1987 09 08  1.380 -0.834 8  1.613  487.8
1987 09 09  1.467 -0.677 8  1.615  484.5
1987 09 10  1.527 -0.510 8  1.610  479.6
1987 09 11  1.560 -0.336 8  1.596  473.0
1987 09 12  1.566 -0.157 8  1.573  464.8
1987 09 13  1.543  0.024 1  1.543  455.5
1987 09 14  1.493  0.203 1  1.507  445.4
1987 09 15  1.416  0.376 1  1.466  435.2
1987 09 16  1.315  0.541 1  1.423  425.5
1987 09 17  1.192  0.695 1  1.380  416.9
1987 09 18  1.050  0.834 1  1.341  409.8
1987 09 19  0.891  0.956 2  1.307  404.5
1987 09 20  0.720  1.058 2  1.280  401.1
1987 09 21  0.540  1.139 2  1.260  399.3
1987 09 22  0.355  1.196 2  1.248  398.7
1987 09 23  0.169  1.230 2  1.242  398.8
1987 09 24 -0.013  1.240 3  1.240  398.8
1987 09 25 -0.190  1.226 3  1.241  398.3
1987 09 26 -0.356  1.189 3  1.241  396.6
1987 09 27 -0.510  1.130 3  1.240  393.5
1987 09 28 -0.648  1.052 3  1.235  388.6
1987 09 29 -0.768  0.955 3  1.226  381.8
1987 09 30 -0.869  0.843 4  1.211  373.4
1987 10 01 -0.949  0.719 4  1.191  363.3
1987 10 02 -1.007  0.586 4  1.165  351.9
1987 10 03 -1.043  0.446 4  1.134  339.6
1987 10 04 -1.057  0.303 4  1.099  326.8
1987 10 05 -1.049  0.160 4  1.061  313.8
1987 10 06 -1.019  0.020 4  1.020  301.0
1987 10 07 -0.970 -0.114 5  0.977  288.7
1987 10 08 -0.902 -0.239 5  0.933  277.2
1987 10 09 -0.817 -0.353 5  0.890  266.6
1987 10 10 -0.718 -0.453 5  0.849  257.1
1987 10 11 -0.605 -0.539 5  0.810  248.7
1987 10 12 -0.481 -0.607 6  0.774  241.3
1987 10 13 -0.349 -0.657 6  0.744  235.1
1987 10 14 -0.212 -0.688 6  0.720  229.8
1987 10 15 -0.073 -0.698 6  0.702  225.6
1987 10 16  0.067 -0.689 7  0.692  222.4
1987 10 17  0.203 -0.659 7  0.690  220.4
1987 10 18  0.333 -0.610 7  0.695  219.4
1987 10 19  0.454 -0.541 7  0.707  219.7
1987 10 20  0.562 -0.455 8  0.723  221.2
1987 10 21  0.655 -0.352 8  0.744  224.1
1987 10 22  0.730 -0.234 8  0.767  228.3
1987 10 23  0.785 -0.104 8  0.792  234.0
1987 10 24  0.817  0.035 1  0.817  241.3
1987 10 25  0.824  0.181 1  0.844  250.1
1987 10 26  0.806  0.330 1  0.871  260.5
1987 10 27  0.762  0.478 1  0.899  272.4
1987 10 28  0.691  0.622 1  0.930  285.7
1987 10 29  0.596  0.757 2  0.963  300.2
1987 10 30  0.476  0.879 2  0.999  315.6
1987 10 31  0.336  0.984 2  1.039  331.4
1987 11 01  0.177  1.068 2  1.082  347.3
1987 11 02  0.004  1.127 2  1.127  362.5
1987 11 03 -0.179  1.159 3  1.173  376.5
1987 11 04 -0.366  1.161 3  1.218  388.8
1987 11 05 -0.552  1.132 3  1.259  398.8
1987 11 06 -0.731  1.070 3  1.296  406.0
1987 11 07 -0.896  0.975 3  1.325  410.3
1987 11 08 -1.042  0.850 4  1.345  411.5
1987 11 09 -1.164  0.695 4  1.356  409.8
1987 11 10 -1.255  0.514 4  1.357  405.8
1987 11 11 -1.313  0.312 4  1.349  400.2
1987 11 12 -1.332  0.094 4  1.335  394.3
1987 11 13 -1.311 -0.135 5  1.318  389.4
1987 11 14 -1.249 -0.368 5  1.302  387.2
1987 11 15 -1.147 -0.597 5  1.293  389.1
1987 11 16 -1.005 -0.816 5  1.295  396.1
1987 11 17 -0.828 -1.017 6  1.312  408.3
1987 11 18 -0.620 -1.194 6  1.346  425.4
1987 11 19 -0.387 -1.341 6  1.396  446.1
1987 11 20 -0.136 -1.452 6  1.459  468.7
1987 11 21  0.126 -1.524 7  1.529  491.5
1987 11 22  0.389 -1.553 7  1.601  512.5
1987 11 23  0.645 -1.538 7  1.668  530.1
1987 11 24  0.886 -1.480 7  1.725  543.0
1987 11 25  1.102 -1.379 7  1.766  550.1
1987 11 26  1.287 -1.240 8  1.787  550.7
1987 11 27  1.434 -1.066 8  1.787  544.6
1987 11 28  1.537 -0.864 8  1.763  531.9
1987 11 29  1.593 -0.640 8  1.717  513.3
1987 11 30  1.600 -0.403 8  1.650  489.6
1987 12 01  1.557 -0.159 8  1.565  462.5
1987 12 02  1.467  0.082 1  1.469  433.8
1987 12 03  1.332  0.312 1  1.368  405.8
1987 12 04  1.157  0.524 1  1.270  380.9
1987 12 05  0.950  0.710 1  1.186  361.6
1987 12 06  0.716  0.866 2  1.123  349.5
1987 12 07  0.465  0.985 2  1.089  345.3
1987 12 08  0.205  1.066 2  1.086  348.1
1987 12 09 -0.055  1.106 3  1.107  356.1
1987 12 10 -0.305  1.106 3  1.147  366.8
1987 12 11 -0.539  1.066 3  1.194  377.8
1987 12 12 -0.747  0.989 3  1.240  387.2
1987 12 13 -0.926  0.881 4  1.278  393.5
1987 12 14 -1.069  0.744 4  1.303  396.1
1987 12 15 -1.174  0.587 4  1.312  394.5
1987 12 16 -1.238  0.414 4  1.306  389.1
1987 12 17 -1.263  0.234 4  1.285  380.3
1987 12 18 -1.249  0.051 4  1.250  369.1
1987 12 19 -1.199 -0.128 5  1.206  356.4
1987 12 20 -1.118 -0.297 5  1.156  343.4
1987 12 21 -1.009 -0.450 5  1.105  331.2
1987 12 22 -0.879 -0.585 5  1.056  320.5
1987 12 23 -0.733 -0.698 5  1.012  311.8
1987 12 24 -0.577 -0.788 6  0.976  305.2
1987 12 25 -0.417 -0.852 6  0.949  300.4
1987 12 26 -0.257 -0.893 6  0.929  296.9
1987 12 27 -0.103 -0.909 6  0.915  293.9
1987 12 28  0.041 -0.903 7  0.904  290.8
1987 12 29  0.173 -0.878 7  0.895  286.9
1987 12 30  0.290 -0.835 7  0.884  282.0
1987 12 31  0.392 -0.778 7  0.872  275.8
1988 01 01  0.478 -0.710 7  0.856  268.4
1988 01 02  0.548 -0.633 7  0.837  260.0
1988 01 03  0.604 -0.550 8  0.816  251.0
1988 01 04  0.646 -0.462 8  0.794  241.8
1988 01 05  0.677 -0.373 8  0.773  233.0
1988 01 06  0.698 -0.283 8  0.753  225.1
1988 01 07  0.711 -0.192 8  0.736  218.7
1988 01 08  0.717 -0.103 8  0.725  214.3
1988 01 09  0.719 -0.013 8  0.719  212.3
1988 01 10  0.716  0.075 1  0.720  212.8
1988 01 11  0.710  0.164 1  0.729  216.1
1988 01 12  0.700  0.254 1  0.744  222.0
1988 01 13  0.685  0.344 1  0.767  230.5
1988 01 14  0.666  0.435 1  0.796  241.4
1988 01 15  0.642  0.527 1  0.831  254.3
1988 01 16  0.610  0.621 2  0.870  268.9
1988 01 17  0.571  0.714 2  0.914  284.8
1988 01 18  0.522  0.807 2  0.961  301.7
1988 01 19  0.462  0.897 2  1.009  319.1
1988 01 20  0.392  0.983 2  1.058  336.7
1988 01 21  0.310  1.063 2  1.107  353.9
1988 01 22  0.217  1.134 2  1.155  370.2
1988 01 23  0.113  1.194 2  1.199  385.3
1988 01 24 -0.001  1.239 3  1.239  398.4
1988 01 25 -0.123  1.268 3  1.274  409.3
1988 01 26 -0.251  1.277 3  1.302  417.4
1988 01 27 -0.382  1.266 3  1.322  422.3
1988 01 28 -0.514  1.231 3  1.334  424.0
1988 01 29 -0.644  1.172 3  1.337  422.1
1988 01 30 -0.768  1.089 3  1.332  417.0
1988 01 31 -0.882  0.981 3  1.319  409.0
1988 02 01 -0.984  0.849 4  1.300  398.7
1988 02 02 -1.071  0.696 4  1.277  387.2
1988 02 03 -1.139  0.522 4  1.253  375.8
1988 02 04 -1.187  0.332 4  1.233  366.3
1988 02 05 -1.212  0.129 4  1.219  360.2
1988 02 06 -1.214 -0.082 5  1.217  359.4
1988 02 07 -1.192 -0.299 5  1.229  364.7
1988 02 08 -1.146 -0.514 5  1.256  376.4
1988 02 09 -1.076 -0.725 5  1.297  393.9
1988 02 10 -0.985 -0.925 5  1.351  415.8
1988 02 11 -0.874 -1.110 6  1.412  440.3
1988 02 12 -0.745 -1.276 6  1.478  465.5
1988 02 13 -0.602 -1.419 6  1.542  489.7
1988 02 14 -0.449 -1.536 6  1.600  511.4
1988 02 15 -0.288 -1.624 6  1.650  529.2
1988 02 16 -0.124 -1.682 6  1.687  542.2
1988 02 17  0.040 -1.709 7  1.709  549.6
1988 02 18  0.200 -1.704 7  1.716  551.1
1988 02 19  0.354 -1.668 7  1.705  546.6
1988 02 20  0.496 -1.604 7  1.679  536.1
1988 02 21  0.626 -1.512 7  1.636  520.1
1988 02 22  0.741 -1.395 7  1.580  499.2
1988 02 23  0.840 -1.257 7  1.512  474.3
1988 02 24  0.921 -1.102 7  1.436  446.5
1988 02 25  0.983 -0.932 8  1.355  417.2
1988 02 26  1.027 -0.753 8  1.273  387.9
1988 02 27  1.053 -0.567 8  1.196  360.2
1988 02 28  1.061 -0.378 8  1.126  335.9
1988 02 29  1.053 -0.191 8  1.070  316.7
1988 03 01  1.029 -0.008 8  1.029  303.7
1988 03 02  0.991  0.167 1  1.005  297.5
1988 03 03  0.941  0.332 1  0.998  297.7
1988 03 04  0.880  0.485 1  1.005  303.1
1988 03 05  0.810  0.624 1  1.022  312.1
1988 03 06  0.731  0.748 2  1.046  323.0
1988 03 07  0.646  0.854 2  1.071  334.3
1988 03 08  0.555  0.944 2  1.095  344.9
1988 03 09  0.459  1.016 2  1.115  353.7
1988 03 10  0.360  1.070 2  1.129  360.2
1988 03 11  0.259  1.107 2  1.137  364.0
1988 03 12  0.156  1.126 2  1.137  365.1
1988 03 13  0.053  1.129 2  1.130  363.3
1988 03 14 -0.051  1.115 3  1.116  358.9
1988 03 15 -0.153  1.086 3  1.097  352.2
1988 03 16 -0.253  1.043 3  1.073  343.6
1988 03 17 -0.351  0.986 3  1.046  333.4
1988 03 18 -0.443  0.916 3  1.017  322.2
1988 03 19 -0.531  0.834 3  0.989  310.7
1988 03 20 -0.611  0.743 3  0.962  299.3
1988 03 21 -0.683  0.642 4  0.937  288.5
1988 03 22 -0.745  0.534 4  0.916  278.9
1988 03 23 -0.795  0.420 4  0.899  270.7
1988 03 24 -0.832  0.303 4  0.885  264.1
1988 03 25 -0.855  0.183 4  0.874  259.1
1988 03 26 -0.862  0.063 4  0.864  255.3
1988 03 27 -0.853 -0.055 5  0.855  252.4
1988 03 28 -0.827 -0.169 5  0.844  250.0
1988 03 29 -0.784 -0.276 5  0.831  247.8
1988 03 30 -0.724 -0.374 5  0.815  245.3
1988 03 31 -0.649 -0.462 5  0.796  242.3
1988 04 01 -0.559 -0.537 5  0.775  238.9
1988 04 02 -0.456 -0.599 6  0.753  235.0
1988 04 03 -0.343 -0.645 6  0.731  231.0
1988 04 04 -0.223 -0.676 6  0.712  227.1
1988 04 05 -0.098 -0.690 6  0.697  223.8
1988 04 06  0.028 -0.688 7  0.689  221.4
1988 04 07  0.151 -0.671 7  0.687  220.2
1988 04 08  0.270 -0.639 7  0.693  220.3
1988 04 09  0.380 -0.594 7  0.705  221.5
1988 04 10  0.478 -0.539 7  0.721  223.5
1988 04 11  0.563 -0.475 8  0.737  225.8
1988 04 12  0.633 -0.405 8  0.752  227.9
1988 04 13  0.686 -0.332 8  0.763  229.1
1988 04 14  0.723 -0.258 8  0.767  228.9
1988 04 15  0.742 -0.186 8  0.765  227.0
1988 04 16  0.745 -0.118 8  0.754  223.2
1988 04 17  0.733 -0.056 8  0.735  217.2
1988 04 18  0.708 -0.001 8  0.708  209.0
1988 04 19  0.672  0.046 1  0.674  198.9
1988 04 20  0.627  0.083 1  0.633  187.1
1988 04 21  0.576  0.112 1  0.587  173.8
1988 04 22  0.520  0.133 1  0.537  159.5
1988 04 23  0.463  0.147 1  0.486  144.6
1988 04 24  0.405  0.155 1  0.434  129.6
1988 04 25  0.348  0.160 1  0.383  114.9
1988 04 26  0.293  0.162 1  0.335  101.1
1988 04 27  0.241  0.165 1  0.292   88.7
1988 04 28  0.191  0.169 1  0.255   78.3
1988 04 29  0.142  0.177 2  0.227   70.8
1988 04 30  0.095  0.190 2  0.212   67.2
1988 05 01  0.047  0.208 2  0.214   68.4
1988 05 02 -0.001  0.233 3  0.233   74.8
1988 05 03 -0.052  0.263 3  0.268   85.9
1988 05 04 -0.107  0.298 3  0.317  100.9
1988 05 05 -0.165  0.338 3  0.376  119.0
1988 05 06 -0.227  0.380 3  0.442  139.2
1988 05 07 -0.293  0.422 3  0.514  160.9
1988 05 08 -0.362  0.463 3  0.588  183.2
1988 05 09 -0.432  0.500 3  0.661  205.3
1988 05 10 -0.502  0.531 3  0.731  226.2
1988 05 11 -0.570  0.554 4  0.795  245.1
1988 05 12 -0.632  0.568 4  0.849  261.0
1988 05 13 -0.685  0.570 4  0.892  273.1
1988 05 14 -0.728  0.561 4  0.919  280.7
1988 05 15 -0.758  0.539 4  0.930  283.1
1988 05 16 -0.772  0.506 4  0.923  279.9
1988 05 17 -0.768  0.461 4  0.896  270.9
1988 05 18 -0.746  0.407 4  0.849  256.0
1988 05 19 -0.704  0.344 4  0.784  235.5
1988 05 20 -0.645  0.275 4  0.701  209.9
1988 05 21 -0.569  0.202 4  0.604  180.0
1988 05 22 -0.478  0.126 4  0.495  146.9
1988 05 23 -0.376  0.052 4  0.379  112.2
1988 05 24 -0.266 -0.021 5  0.266   78.6
1988 05 25 -0.151 -0.089 5  0.175   53.0
1988 05 26 -0.037 -0.152 6  0.156   50.0
1988 05 27  0.073 -0.208 7  0.220   70.3
1988 05 28  0.173 -0.258 7  0.311   97.4
1988 05 29  0.262 -0.300 7  0.398  123.7
1988 05 30  0.335 -0.337 7  0.475  146.5
1988 05 31  0.389 -0.367 8  0.535  164.8
1988 06 01  0.425 -0.393 8  0.579  178.1
1988 06 02  0.441 -0.416 8  0.606  186.6
1988 06 03  0.437 -0.437 8  0.618  190.7
1988 06 04  0.416 -0.457 7  0.618  191.5
1988 06 05  0.380 -0.477 7  0.610  190.1
1988 06 06  0.332 -0.499 7  0.600  188.1
1988 06 07  0.277 -0.523 7  0.592  186.9
1988 06 08  0.218 -0.548 7  0.590  187.7
1988 06 09  0.160 -0.575 7  0.597  190.9
1988 06 10  0.108 -0.603 7  0.612  196.4
1988 06 11  0.066 -0.629 7  0.633  203.2
1988 06 12  0.037 -0.653 7  0.654  210.2
1988 06 13  0.025 -0.671 7  0.672  216.0
1988 06 14  0.031 -0.683 7  0.683  219.7
1988 06 15  0.056 -0.684 7  0.687  220.7
1988 06 16  0.100 -0.674 7  0.681  218.6
1988 06 17  0.161 -0.649 7  0.669  214.0
1988 06 18  0.237 -0.608 7  0.653  207.7
1988 06 19  0.324 -0.550 7  0.639  201.2
1988 06 20  0.419 -0.475 7  0.633  196.5
1988 06 21  0.516 -0.381 8  0.642  195.5
1988 06 22  0.610 -0.271 8  0.668  200.1
1988 06 23  0.696 -0.146 8  0.711  210.7
1988 06 24  0.768 -0.008 8  0.768  226.7
1988 06 25  0.823  0.139 1  0.834  246.9
1988 06 26  0.855  0.292 1  0.903  269.3
1988 06 27  0.862  0.447 1  0.971  292.3
1988 06 28  0.841  0.600 1  1.033  314.5
1988 06 29  0.792  0.745 1  1.088  334.8
1988 06 30  0.715  0.879 2  1.133  352.7
1988 07 01  0.610  0.997 2  1.168  367.6
1988 07 02  0.480  1.095 2  1.195  379.4
1988 07 03  0.328  1.169 2  1.215  388.3
1988 07 04  0.159  1.219 2  1.229  394.7
1988 07 05 -0.023  1.240 3  1.240  398.9
1988 07 06 -0.213  1.233 3  1.251  401.4
1988 07 07 -0.405  1.197 3  1.263  402.9
1988 07 08 -0.593  1.132 3  1.278  403.9
1988 07 09 -0.773  1.040 3  1.296  404.8
1988 07 10 -0.938  0.923 4  1.316  406.0
1988 07 11 -1.085  0.784 4  1.339  407.6
1988 07 12 -1.209  0.626 4  1.362  409.8
1988 07 13 -1.308  0.452 4  1.384  412.5
1988 07 14 -1.378  0.267 4  1.404  415.7
1988 07 15 -1.418  0.075 4  1.420  419.3
1988 07 16 -1.428 -0.121 5  1.433  423.2
1988 07 17 -1.406 -0.315 5  1.441  427.3
1988 07 18 -1.355 -0.504 5  1.446  431.6
1988 07 19 -1.275 -0.685 5  1.447  436.0
1988 07 20 -1.168 -0.853 5  1.446  440.6
1988 07 21 -1.037 -1.006 5  1.444  445.3
1988 07 22 -0.884 -1.140 6  1.443  450.0
1988 07 23 -0.714 -1.253 6  1.442  454.8
1988 07 24 -0.530 -1.343 6  1.444  459.4
1988 07 25 -0.335 -1.409 6  1.449  463.9
1988 07 26 -0.135 -1.450 6  1.456  467.8
1988 07 27  0.067 -1.464 7  1.465  471.1
1988 07 28  0.267 -1.452 7  1.476  473.4
1988 07 29  0.459 -1.414 7  1.487  474.5
1988 07 30  0.640 -1.352 7  1.496  474.1
1988 07 31  0.806 -1.267 7  1.502  471.8
1988 08 01  0.953 -1.161 7  1.502  467.4
1988 08 02  1.077 -1.037 8  1.495  460.7
1988 08 03  1.175 -0.898 8  1.479  451.3
1988 08 04  1.245 -0.747 8  1.453  439.2
1988 08 05  1.287 -0.589 8  1.415  424.4
1988 08 06  1.297 -0.427 8  1.366  406.8
1988 08 07  1.278 -0.264 8  1.305  386.7
1988 08 08  1.229 -0.106 8  1.234  364.5
1988 08 09  1.153  0.045 1  1.154  340.7
1988 08 10  1.052  0.184 1  1.068  316.0
1988 08 11  0.929  0.309 1  0.979  291.6
1988 08 12  0.788  0.418 1  0.892  268.7
1988 08 13  0.635  0.508 1  0.813  248.6
1988 08 14  0.473  0.579 2  0.747  232.7
1988 08 15  0.308  0.631 2  0.702  222.2
1988 08 16  0.144  0.663 2  0.678  217.4
1988 08 17 -0.012  0.677 3  0.677  217.8
1988 08 18 -0.157  0.675 3  0.693  222.1
1988 08 19 -0.287  0.660 3  0.720  228.5
1988 08 20 -0.398  0.634 3  0.748  235.2
1988 08 21 -0.488  0.599 3  0.773  240.6
1988 08 22 -0.555  0.561 3  0.789  243.6
1988 08 23 -0.599  0.521 4  0.794  243.5
1988 08 24 -0.619  0.483 4  0.785  239.8
1988 08 25 -0.617  0.449 4  0.763  232.5
1988 08 26 -0.595  0.422 4  0.730  222.0
1988 08 27 -0.555  0.404 4  0.687  209.2
1988 08 28 -0.500  0.396 4  0.638  195.1
1988 08 29 -0.434  0.399 4  0.590  181.4
1988 08 30 -0.361  0.412 3  0.548  170.0
1988 08 31 -0.284  0.434 3  0.519  163.0
1988 09 01 -0.208  0.465 3  0.510  161.8
1988 09 02 -0.135  0.503 3  0.521  166.6
1988 09 03 -0.070  0.545 3  0.549  176.4
1988 09 04 -0.014  0.588 3  0.589  189.3
1988 09 05  0.030  0.631 2  0.632  203.1
1988 09 06  0.060  0.670 2  0.672  216.1
1988 09 07  0.076  0.702 2  0.706  226.8
1988 09 08  0.078  0.725 2  0.729  234.3
1988 09 09  0.066  0.737 2  0.740  237.8
1988 09 10  0.041  0.736 2  0.737  237.0
1988 09 11  0.006  0.721 2  0.721  232.0
1988 09 12 -0.039  0.692 3  0.693  222.8
1988 09 13 -0.090  0.648 3  0.654  209.9
1988 09 14 -0.145  0.589 3  0.607  194.3
1988 09 15 -0.201  0.518 3  0.556  176.8
1988 09 16 -0.257  0.435 3  0.505  159.1
1988 09 17 -0.308  0.343 3  0.461  142.9
1988 09 18 -0.353  0.244 4  0.429  130.5
1988 09 19 -0.391  0.140 4  0.416  124.0
1988 09 20 -0.420  0.035 4  0.421  124.5
1988 09 21 -0.439 -0.069 5  0.444  131.3
1988 09 22 -0.447 -0.170 5  0.478  142.7
1988 09 23 -0.444 -0.264 5  0.517  156.1
1988 09 24 -0.431 -0.350 5  0.555  169.9
1988 09 25 -0.409 -0.426 6  0.590  182.6
1988 09 26 -0.378 -0.491 6  0.619  193.2
1988 09 27 -0.340 -0.543 6  0.641  201.4
1988 09 28 -0.296 -0.583 6  0.654  206.9
1988 09 29 -0.249 -0.610 6  0.659  209.5
1988 09 30 -0.199 -0.626 6  0.656  209.6
1988 10 01 -0.148 -0.630 6  0.647  207.2
1988 10 02 -0.097 -0.625 6  0.632  202.9
1988 10 03 -0.049 -0.611 6  0.613  197.1
1988 10 04 -0.003 -0.591 6  0.591  190.1
1988 10 05  0.039 -0.567 7  0.568  182.6
1988 10 06  0.078 -0.540 7  0.545  175.1
1988 10 07  0.112 -0.512 7  0.524  167.9
1988 10 08  0.143 -0.485 7  0.506  161.6
1988 10 09  0.170 -0.461 7  0.491  156.5
1988 10 10  0.195 -0.440 7  0.481  152.8
1988 10 11  0.217 -0.425 7  0.477  150.8
1988 10 12  0.239 -0.414 7  0.478  150.7
1988 10 13  0.260 -0.409 7  0.485  152.3
1988 10 14  0.283 -0.409 7  0.497  155.8
1988 10 15  0.307 -0.414 7  0.515  161.0
1988 10 16  0.333 -0.423 7  0.538  167.8
1988 10 17  0.361 -0.434 7  0.565  175.8
1988 10 18  0.393 -0.447 7  0.595  184.8
1988 10 19  0.427 -0.460 7  0.627  194.3
1988 10 20  0.462 -0.471 7  0.660  203.9
1988 10 21  0.499 -0.479 8  0.692  213.1
1988 10 22  0.537 -0.481 8  0.721  221.4
1988 10 23  0.573 -0.477 8  0.745  228.3
1988 10 24  0.607 -0.465 8  0.764  233.3
1988 10 25  0.637 -0.444 8  0.776  236.0
1988 10 26  0.661 -0.414 8  0.780  236.1
1988 10 27  0.678 -0.373 8  0.774  233.3
1988 10 28  0.686 -0.323 8  0.758  227.6
1988 10 29  0.685 -0.263 8  0.733  219.0
1988 10 30  0.672 -0.194 8  0.699  207.9
1988 10 31  0.647 -0.117 8  0.658  194.8
1988 11 01  0.611 -0.033 8  0.612  180.6
1988 11 02  0.562  0.055 1  0.564  166.7
1988 11 03  0.501  0.147 1  0.522  155.2
1988 11 04  0.429  0.240 1  0.491  148.2
1988 11 05  0.347  0.331 1  0.479  147.7
1988 11 06  0.257  0.419 2  0.491  154.6
1988 11 07  0.161  0.501 2  0.527  168.1
1988 11 08  0.060  0.577 2  0.580  186.3
1988 11 09 -0.042  0.642 3  0.644  207.0
1988 11 10 -0.144  0.698 3  0.712  228.3
1988 11 11 -0.242  0.741 3  0.780  248.8
1988 11 12 -0.334  0.772 3  0.841  267.1
1988 11 13 -0.419  0.790 3  0.894  282.4
1988 11 14 -0.493  0.794 3  0.935  294.0
1988 11 15 -0.557  0.786 3  0.963  301.6
1988 11 16 -0.607  0.767 3  0.978  304.8
1988 11 17 -0.644  0.736 3  0.978  303.7
1988 11 18 -0.668  0.696 3  0.965  298.4
1988 11 19 -0.678  0.649 4  0.939  289.2
1988 11 20 -0.676  0.595 4  0.901  276.5
1988 11 21 -0.662  0.537 4  0.853  260.9
1988 11 22 -0.639  0.477 4  0.797  243.0
1988 11 23 -0.607  0.415 4  0.735  223.4
1988 11 24 -0.569  0.354 4  0.670  202.9
1988 11 25 -0.527  0.295 4  0.604  182.2
1988 11 26 -0.483  0.238 4  0.538  161.8
1988 11 27 -0.439  0.184 4  0.476  142.5
1988 11 28 -0.397  0.134 4  0.419  124.7
1988 11 29 -0.358  0.087 4  0.368  109.2
1988 11 30 -0.323  0.043 4  0.326   96.4
1988 12 01 -0.294  0.001 4  0.294   86.7
1988 12 02 -0.270 -0.038 5  0.273   80.6
1988 12 03 -0.251 -0.077 5  0.263   78.2
1988 12 04 -0.237 -0.116 5  0.264   79.4
1988 12 05 -0.227 -0.157 5  0.276   83.9
1988 12 06 -0.220 -0.199 5  0.296   91.1
1988 12 07 -0.213 -0.243 6  0.324  100.4
1988 12 08 -0.206 -0.291 6  0.357  111.6
1988 12 09 -0.196 -0.342 6  0.394  124.3
1988 12 10 -0.182 -0.396 6  0.436  138.3
1988 12 11 -0.162 -0.453 6  0.481  153.4
1988 12 12 -0.134 -0.512 6  0.529  169.4
1988 12 13 -0.098 -0.572 6  0.580  186.2
1988 12 14 -0.053 -0.631 6  0.634  203.7
1988 12 15  0.002 -0.689 7  0.689  221.5
1988 12 16  0.066 -0.743 7  0.746  239.6
1988 12 17  0.139 -0.791 7  0.803  257.7
1988 12 18  0.220 -0.832 7  0.861  275.3
1988 12 19  0.308 -0.863 7  0.917  292.1
1988 12 20  0.401 -0.884 7  0.970  307.8
1988 12 21  0.496 -0.891 7  1.020  321.9
1988 12 22  0.592 -0.885 7  1.065  333.9
1988 12 23  0.686 -0.863 7  1.103  343.6
1988 12 24  0.776 -0.825 7  1.133  350.5
1988 12 25  0.858 -0.771 8  1.154  354.5
1988 12 26  0.932 -0.700 8  1.165  355.4
1988 12 27  0.993 -0.614 8  1.167  353.3
1988 12 28  1.040 -0.512 8  1.159  348.2
1988 12 29  1.070 -0.397 8  1.141  340.7
1988 12 30  1.083 -0.269 8  1.116  331.2
1988 12 31  1.076 -0.132 8  1.084  320.5
1989 01 01  1.049  0.012 1  1.049  309.6
1989 01 02  1.001  0.161 1  1.014  299.9
1989 01 03  0.931  0.311 1  0.982  292.4
1989 01 04  0.841  0.459 1  0.958  288.6
1989 01 05  0.730  0.601 1  0.946  289.4
1989 01 06  0.600  0.735 2  0.949  295.3
1989 01 07  0.454  0.856 2  0.969  306.2
1989 01 08  0.292  0.963 2  1.006  321.4
1989 01 09  0.119  1.051 2  1.058  339.9
1989 01 10 -0.064  1.119 3  1.121  360.3
1989 01 11 -0.251  1.164 3  1.191  381.6
1989 01 12 -0.440  1.185 3  1.264  402.6
1989 01 13 -0.626  1.181 3  1.336  422.2
1989 01 14 -0.804  1.151 3  1.404  439.7
1989 01 15 -0.971  1.096 3  1.465  454.4
1989 01 16 -1.122  1.018 4  1.515  465.6
1989 01 17 -1.253  0.917 4  1.553  473.0
1989 01 18 -1.361  0.796 4  1.576  476.3
1989 01 19 -1.441  0.658 4  1.585  475.2
1989 01 20 -1.492  0.507 4  1.576  469.7
1989 01 21 -1.512  0.347 4  1.551  459.9
1989 01 22 -1.498  0.182 4  1.509  446.1
1989 01 23 -1.452  0.016 4  1.452  428.5
1989 01 24 -1.372 -0.146 5  1.380  407.8
1989 01 25 -1.262 -0.299 5  1.297  384.6
1989 01 26 -1.122 -0.439 5  1.205  360.1
1989 01 27 -0.958 -0.562 5  1.110  335.5
1989 01 28 -0.771 -0.665 5  1.018  312.3
1989 01 29 -0.568 -0.744 6  0.936  292.3
1989 01 30 -0.354 -0.798 6  0.874  277.3
1989 01 31 -0.135 -0.826 6  0.837  268.7
1989 02 01  0.084 -0.827 7  0.831  267.2
1989 02 02  0.296 -0.802 7  0.855  272.2
1989 02 03  0.496 -0.751 7  0.900  282.5
1989 02 04  0.678 -0.678 8  0.959  295.9
1989 02 05  0.837 -0.584 8  1.021  310.4
1989 02 06  0.970 -0.474 8  1.080  324.3
1989 02 07  1.072 -0.352 8  1.129  336.1
1989 02 08  1.143 -0.222 8  1.164  344.7
1989 02 09  1.180 -0.088 8  1.183  349.4
1989 02 10  1.184  0.045 1  1.185  349.8
1989 02 11  1.156  0.172 1  1.169  345.7
1989 02 12  1.098  0.289 1  1.136  337.2
1989 02 13  1.013  0.394 1  1.087  324.8
1989 02 14  0.905  0.483 1  1.026  309.0
1989 02 15  0.778  0.553 1  0.955  290.6
1989 02 16  0.637  0.604 1  0.878  270.4
1989 02 17  0.487  0.634 2  0.800  249.5
1989 02 18  0.333  0.644 2  0.725  229.1
1989 02 19  0.179  0.634 2  0.658  210.5
1989 02 20  0.029  0.605 2  0.606  194.9
1989 02 21 -0.111  0.561 3  0.572  183.3
1989 02 22 -0.240  0.502 3  0.556  176.3
1989 02 23 -0.354  0.432 3  0.559  173.8
1989 02 24 -0.453  0.353 4  0.574  175.3
1989 02 25 -0.533  0.268 4  0.597  179.5
1989 02 26 -0.597  0.180 4  0.623  185.4
1989 02 27 -0.643  0.091 4  0.649  191.9
1989 02 28 -0.672  0.004 4  0.672  198.3
1989 03 01 -0.686 -0.080 5  0.690  204.0
1989 03 02 -0.686 -0.160 5  0.704  208.9
1989 03 03 -0.674 -0.234 5  0.713  212.6
1989 03 04 -0.651 -0.301 5  0.717  215.2
1989 03 05 -0.619 -0.362 5  0.718  216.8
1989 03 06 -0.580 -0.417 5  0.714  217.5
1989 03 07 -0.535 -0.464 5  0.708  217.3
1989 03 08 -0.484 -0.505 6  0.700  216.4
1989 03 09 -0.429 -0.540 6  0.690  215.0
1989 03 10 -0.370 -0.569 6  0.679  213.1
1989 03 11 -0.307 -0.592 6  0.667  210.7
1989 03 12 -0.240 -0.609 6  0.654  208.1
1989 03 13 -0.169 -0.619 6  0.642  205.3
1989 03 14 -0.095 -0.623 6  0.630  202.4
1989 03 15 -0.018 -0.620 6  0.620  199.5
1989 03 16  0.062 -0.609 7  0.612  196.7
1989 03 17  0.144 -0.590 7  0.607  194.3
1989 03 18  0.227 -0.561 7  0.605  192.5
1989 03 19  0.310 -0.523 7  0.608  191.4
1989 03 20  0.390 -0.475 7  0.615  191.3
1989 03 21  0.467 -0.417 8  0.626  192.3
1989 03 22  0.538 -0.349 8  0.641  194.4
1989 03 23  0.601 -0.272 8  0.659  197.7
1989 03 24  0.653 -0.187 8  0.680  202.1
1989 03 25  0.694 -0.096 8  0.701  207.2
1989 03 26  0.721  0.001 1  0.721  212.9
1989 03 27  0.733  0.100 1  0.740  218.7
1989 03 28  0.728  0.200 1  0.755  224.2
1989 03 29  0.706  0.297 1  0.766  229.2
1989 03 30  0.666  0.390 1  0.772  233.2
1989 03 31  0.610  0.475 1  0.773  236.0
1989 04 01  0.537  0.550 2  0.769  237.5
1989 04 02  0.450  0.612 2  0.760  237.4
1989 04 03  0.350  0.660 2  0.747  235.9
1989 04 04  0.240  0.690 2  0.731  233.0
1989 04 05  0.122  0.704 2  0.714  229.1
1989 04 06 -0.000  0.698 3  0.698  224.4
1989 04 07 -0.124  0.673 3  0.685  219.6
1989 04 08 -0.244  0.630 3  0.676  215.1
1989 04 09 -0.359  0.569 3  0.673  211.6
1989 04 10 -0.465  0.492 3  0.677  209.5
1989 04 11 -0.557  0.401 4  0.687  209.1
1989 04 12 -0.635  0.299 4  0.701  210.5
1989 04 13 -0.694  0.187 4  0.718  213.4
1989 04 14 -0.732  0.070 4  0.735  217.3
1989 04 15 -0.749 -0.048 5  0.750  221.5
1989 04 16 -0.742 -0.165 5  0.760  225.4
1989 04 17 -0.712 -0.276 5  0.764  228.2
1989 04 18 -0.660 -0.377 5  0.760  229.4
1989 04 19 -0.585 -0.466 5  0.748  228.7
1989 04 20 -0.491 -0.539 6  0.729  225.9
1989 04 21 -0.379 -0.594 6  0.704  221.3
1989 04 22 -0.253 -0.628 6  0.677  215.2
1989 04 23 -0.117 -0.640 6  0.650  208.5
1989 04 24  0.026 -0.629 7  0.629  202.3
1989 04 25  0.170 -0.595 7  0.619  197.9
1989 04 26  0.312 -0.540 7  0.624  196.5
1989 04 27  0.446 -0.465 7  0.644  199.0
1989 04 28  0.567 -0.371 8  0.678  205.6
1989 04 29  0.672 -0.264 8  0.722  215.8
1989 04 30  0.757 -0.145 8  0.771  228.3
1989 05 01  0.819 -0.019 8  0.819  241.7
1989 05 02  0.855  0.108 1  0.862  254.8
1989 05 03  0.865  0.234 1  0.896  266.1
1989 05 04  0.847  0.353 1  0.918  274.7
1989 05 05  0.804  0.462 1  0.927  279.9
1989 05 06  0.736  0.556 1  0.922  281.2
1989 05 07  0.646  0.632 1  0.904  278.7
1989 05 08  0.538  0.688 2  0.874  272.4
1989 05 09  0.417  0.722 2  0.834  262.9
1989 05 10  0.286  0.735 2  0.788  250.9
1989 05 11  0.151  0.725 2  0.740  237.3
1989 05 12  0.017  0.694 2  0.694  223.3
1989 05 13 -0.111  0.645 3  0.654  209.9
1989 05 14 -0.228  0.580 3  0.623  198.2
1989 05 15 -0.331  0.502 3  0.601  188.7
1989 05 16 -0.417  0.415 4  0.589  181.7
1989 05 17 -0.484  0.324 4  0.582  176.8
1989 05 18 -0.529  0.233 4  0.578  173.2
1989 05 19 -0.554  0.145 4  0.573  170.0
1989 05 20 -0.559  0.063 4  0.563  166.2
1989 05 21 -0.546 -0.008 5  0.546  161.1
1989 05 22 -0.517 -0.068 5  0.521  154.1
1989 05 23 -0.476 -0.114 5  0.489  145.1
1989 05 24 -0.426 -0.147 5  0.450  134.2
1989 05 25 -0.371 -0.165 5  0.406  121.7
1989 05 26 -0.315 -0.171 5  0.359  108.1
1989 05 27 -0.262 -0.167 5  0.311   94.1
1989 05 28 -0.215 -0.154 5  0.265   80.5
1989 05 29 -0.177 -0.136 5  0.223   68.0
1989 05 30 -0.149 -0.116 5  0.188   57.6
1989 05 31 -0.132 -0.097 5  0.164   50.0
1989 06 01 -0.128 -0.083 5  0.152   46.2
1989 06 02 -0.134 -0.076 5  0.155   46.6
1989 06 03 -0.151 -0.079 5  0.170   51.3
1989 06 04 -0.175 -0.093 5  0.198   59.8
1989 06 05 -0.204 -0.120 5  0.237   71.6
1989 06 06 -0.234 -0.160 5  0.284   86.2
1989 06 07 -0.263 -0.212 5  0.338  103.3
1989 06 08 -0.287 -0.274 5  0.396  122.1
1989 06 09 -0.302 -0.344 6  0.457  142.0
1989 06 10 -0.305 -0.419 6  0.519  162.2
1989 06 11 -0.295 -0.497 6  0.578  181.9
1989 06 12 -0.269 -0.572 6  0.632  200.3
1989 06 13 -0.226 -0.641 6  0.680  216.7
1989 06 14 -0.167 -0.700 6  0.720  230.5
1989 06 15 -0.091 -0.746 6  0.751  241.3
1989 06 16 -0.002 -0.774 6  0.774  248.9
1989 06 17  0.100 -0.782 7  0.789  253.3
1989 06 18  0.211 -0.768 7  0.797  254.8
1989 06 19  0.326 -0.731 7  0.801  254.1
1989 06 20  0.443 -0.670 7  0.803  252.1
1989 06 21  0.556 -0.586 7  0.808  249.9
1989 06 22  0.662 -0.480 8  0.817  248.8
1989 06 23  0.755 -0.353 8  0.834  250.2
1989 06 24  0.832 -0.210 8  0.858  254.8
1989 06 25  0.890 -0.054 8  0.891  263.2
1989 06 26  0.924  0.111 1  0.931  275.0
1989 06 27  0.933  0.281 1  0.974  289.7
1989 06 28  0.914  0.450 1  1.019  306.2
1989 06 29  0.868  0.614 1  1.063  323.4
1989 06 30  0.793  0.768 1  1.104  340.3
1989 07 01  0.691  0.908 2  1.141  356.1
1989 07 02  0.563  1.028 2  1.172  370.1
1989 07 03  0.412  1.126 2  1.199  382.1
1989 07 04  0.241  1.199 2  1.223  391.9
1989 07 05  0.055  1.242 2  1.244  399.9
1989 07 06 -0.143  1.257 3  1.265  406.3
1989 07 07 -0.346  1.240 3  1.287  411.6
1989 07 08 -0.550  1.192 3  1.313  416.5
1989 07 09 -0.749  1.115 3  1.343  421.2
1989 07 10 -0.936  1.010 3  1.376  426.2
1989 07 11 -1.106  0.878 4  1.412  431.5
1989 07 12 -1.253  0.724 4  1.447  437.0
1989 07 13 -1.372  0.552 4  1.479  442.2
1989 07 14 -1.460  0.366 4  1.505  446.6
1989 07 15 -1.511  0.171 4  1.521  449.4
1989 07 16 -1.524 -0.027 5  1.524  450.0
1989 07 17 -1.497 -0.224 5  1.514  447.7
1989 07 18 -1.430 -0.412 5  1.488  442.4
1989 07 19 -1.323 -0.588 5  1.448  433.9
1989 07 20 -1.179 -0.745 5  1.395  422.6
1989 07 21 -1.002 -0.880 5  1.334  409.3
1989 07 22 -0.795 -0.989 6  1.269  395.2
1989 07 23 -0.565 -1.068 6  1.208  381.8
1989 07 24 -0.319 -1.116 6  1.160  370.9
1989 07 25 -0.064 -1.131 6  1.133  364.2
1989 07 26  0.192 -1.114 7  1.130  362.7
1989 07 27  0.441 -1.066 7  1.154  366.8
1989 07 28  0.676 -0.990 7  1.199  375.7
1989 07 29  0.889 -0.888 8  1.256  387.8
1989 07 30  1.073 -0.765 8  1.318  401.1
1989 07 31  1.222 -0.627 8  1.374  413.3
1989 08 01  1.334 -0.477 8  1.417  422.5
1989 08 02  1.403 -0.323 8  1.440  427.1
1989 08 03  1.430 -0.170 8  1.440  425.6
1989 08 04  1.414 -0.022 8  1.414  417.5
1989 08 05  1.357  0.113 1  1.362  402.3
1989 08 06  1.262  0.233 1  1.284  380.1
1989 08 07  1.134  0.334 1  1.182  351.5
1989 08 08  0.978  0.412 1  1.061  317.5
1989 08 09  0.800  0.466 1  0.926  279.6
1989 08 10  0.607  0.496 1  0.784  239.8
1989 08 11  0.406  0.502 2  0.645  201.0
1989 08 12  0.204  0.485 2  0.526  167.1
1989 08 13  0.009  0.447 2  0.448  143.9
1989 08 14 -0.176  0.393 3  0.430  136.5
1989 08 15 -0.343  0.324 4  0.472  145.3
1989 08 16 -0.489  0.245 4  0.547  164.5
1989 08 17 -0.611  0.160 4  0.632  187.6
1989 08 18 -0.707  0.072 4  0.711  209.9
1989 08 19 -0.776 -0.014 5  0.776  229.0
1989 08 20 -0.817 -0.097 5  0.823  243.2
1989 08 21 -0.833 -0.173 5  0.851  252.0
1989 08 22 -0.824 -0.241 5  0.859  255.3
1989 08 23 -0.793 -0.300 5  0.848  253.2
1989 08 24 -0.743 -0.348 5  0.821  246.3
1989 08 25 -0.677 -0.386 5  0.779  235.2
1989 08 26 -0.596 -0.415 5  0.727  220.9
1989 08 27 -0.506 -0.434 5  0.667  204.5
1989 08 28 -0.407 -0.446 6  0.604  187.2
1989 08 29 -0.303 -0.451 6  0.543  170.4
1989 08 30 -0.196 -0.450 6  0.491  155.8
1989 08 31 -0.088 -0.444 6  0.452  145.0
1989 09 01  0.020 -0.433 7  0.433  139.4
1989 09 02  0.126 -0.418 7  0.437  139.5
1989 09 03  0.229 -0.399 7  0.460  145.0
1989 09 04  0.327 -0.375 7  0.498  154.5
1989 09 05  0.419 -0.346 8  0.543  166.3
1989 09 06  0.503 -0.311 8  0.591  178.9
1989 09 07  0.577 -0.269 8  0.637  191.2
1989 09 08  0.642 -0.220 8  0.678  202.1
1989 09 09  0.693 -0.163 8  0.712  211.2
1989 09 10  0.731 -0.097 8  0.737  218.0
1989 09 11  0.753 -0.024 8  0.754  222.5
1989 09 12  0.759  0.057 1  0.761  224.8
1989 09 13  0.747  0.144 1  0.761  225.4
1989 09 14  0.718  0.235 1  0.755  224.9
1989 09 15  0.671  0.328 1  0.746  224.3
1989 09 16  0.606  0.420 1  0.738  224.3
1989 09 17  0.527  0.509 1  0.732  225.7
1989 09 18  0.434  0.591 2  0.733  229.1
1989 09 19  0.330  0.663 2  0.741  234.4
1989 09 20  0.219  0.722 2  0.755  241.2
1989 09 21  0.105  0.767 2  0.774  248.5
1989 09 22 -0.009  0.794 3  0.794  255.4
1989 09 23 -0.118  0.803 3  0.812  260.5
1989 09 24 -0.218  0.793 3  0.822  262.9
1989 09 25 -0.305  0.764 3  0.823  261.7
1989 09 26 -0.377  0.717 3  0.810  256.1
1989 09 27 -0.430  0.655 3  0.783  245.8
1989 09 28 -0.463  0.579 3  0.741  230.9
1989 09 29 -0.475  0.492 3  0.684  211.5
1989 09 30 -0.467  0.399 4  0.614  188.1
1989 10 01 -0.439  0.302 4  0.532  161.7
1989 10 02 -0.393  0.205 4  0.443  133.4
1989 10 03 -0.333  0.113 4  0.352  104.7
1989 10 04 -0.262  0.027 4  0.263   77.8
1989 10 05 -0.184 -0.048 5  0.191   56.6
1989 10 06 -0.104 -0.112 6  0.153   47.3
1989 10 07 -0.025 -0.162 6  0.164   52.6
1989 10 08  0.048 -0.198 7  0.204   65.2
1989 10 09  0.112 -0.220 7  0.247   78.1
1989 10 10  0.164 -0.228 7  0.281   88.0
1989 10 11  0.202 -0.225 7  0.302   93.7
1989 10 12  0.224 -0.211 8  0.308   94.8
1989 10 13  0.230 -0.190 8  0.298   91.4
1989 10 14  0.221 -0.163 8  0.275   83.7
1989 10 15  0.198 -0.133 8  0.239   72.4
1989 10 16  0.163 -0.102 8  0.192   58.3
1989 10 17  0.119 -0.073 8  0.140   42.2
1989 10 18  0.069 -0.047 8  0.083   25.3
1989 10 19  0.016 -0.025 7  0.030    9.4
1989 10 20 -0.036 -0.008 5  0.037   10.9
1989 10 21 -0.084  0.003 4  0.084   24.8
1989 10 22 -0.126  0.010 4  0.126   37.2
1989 10 23 -0.159  0.012 4  0.159   47.0
1989 10 24 -0.181  0.011 4  0.182   53.7
1989 10 25 -0.194  0.008 4  0.194   57.2
1989 10 26 -0.195  0.005 4  0.195   57.6
1989 10 27 -0.187  0.003 4  0.187   55.1
1989 10 28 -0.170  0.002 4  0.170   50.1
1989 10 29 -0.147  0.005 4  0.147   43.4
1989 10 30 -0.121  0.012 4  0.121   35.8
1989 10 31 -0.094  0.022 4  0.096   28.5
1989 11 01 -0.069  0.036 4  0.078   23.3
1989 11 02 -0.049  0.053 3  0.072   22.2
1989 11 03 -0.036  0.071 3  0.080   25.2
1989 11 04 -0.032  0.090 3  0.095   30.3
1989 11 05 -0.039  0.106 3  0.113   36.1
1989 11 06 -0.058  0.120 3  0.133   42.1
1989 11 07 -0.086  0.128 3  0.154   48.3
1989 11 08 -0.125  0.128 3  0.179   55.4
1989 11 09 -0.172  0.120 4  0.210   63.8
1989 11 10 -0.225  0.102 4  0.247   74.1
1989 11 11 -0.281  0.073 4  0.291   86.3
1989 11 12 -0.337  0.034 4  0.339  100.1
1989 11 13 -0.390 -0.016 5  0.390  115.2
1989 11 14 -0.436 -0.075 5  0.442  130.9
1989 11 15 -0.472 -0.141 5  0.493  146.5
1989 11 16 -0.496 -0.212 5  0.540  161.6
1989 11 17 -0.506 -0.285 5  0.581  175.3
1989 11 18 -0.500 -0.359 5  0.615  187.4
1989 11 19 -0.477 -0.429 5  0.642  197.3
1989 11 20 -0.438 -0.494 6  0.660  204.8
1989 11 21 -0.383 -0.549 6  0.670  209.8
1989 11 22 -0.315 -0.594 6  0.672  212.3
1989 11 23 -0.235 -0.625 6  0.667  212.5
1989 11 24 -0.145 -0.641 6  0.657  210.6
1989 11 25 -0.050 -0.642 6  0.644  207.0
1989 11 26  0.047 -0.627 7  0.629  202.2
1989 11 27  0.143 -0.598 7  0.614  196.8
1989 11 28  0.235 -0.554 7  0.602  191.2
1989 11 29  0.320 -0.498 7  0.592  185.9
1989 11 30  0.395 -0.432 7  0.585  181.3
1989 12 01  0.457 -0.358 8  0.581  177.5
1989 12 02  0.507 -0.280 8  0.579  174.6
1989 12 03  0.542 -0.200 8  0.578  172.4
1989 12 04  0.562 -0.122 8  0.575  170.6
1989 12 05  0.569 -0.046 8  0.571  168.7
1989 12 06  0.563  0.023 1  0.563  166.3
1989 12 07  0.546  0.083 1  0.552  163.2
1989 12 08  0.519  0.135 1  0.536  159.1
1989 12 09  0.485  0.176 1  0.515  153.8
1989 12 10  0.446  0.206 1  0.491  147.3
1989 12 11  0.404  0.225 1  0.463  139.6
1989 12 12  0.363  0.235 1  0.432  131.1
1989 12 13  0.323  0.236 1  0.400  122.0
1989 12 14  0.288  0.230 1  0.368  112.6
1989 12 15  0.257  0.219 1  0.337  103.4
1989 12 16  0.232  0.204 1  0.309   94.9
1989 12 17  0.214  0.189 1  0.285   87.6
1989 12 18  0.202  0.174 1  0.266   81.7
1989 12 19  0.195  0.162 1  0.254   77.8
1989 12 20  0.194  0.155 1  0.248   75.9
1989 12 21  0.195  0.154 1  0.248   75.9
1989 12 22  0.199  0.159 1  0.254   77.8
1989 12 23  0.202  0.171 1  0.265   81.2
1989 12 24  0.204  0.190 1  0.279   85.9
1989 12 25  0.202  0.216 2  0.296   91.6
1989 12 26  0.195  0.248 2  0.315   98.3
1989 12 27  0.182  0.284 2  0.337  105.9
1989 12 28  0.160  0.323 2  0.361  114.1
1989 12 29  0.130  0.363 2  0.386  122.9
1989 12 30  0.091  0.403 2  0.413  132.3
1989 12 31  0.043  0.439 2  0.442  141.9
1990 01 01 -0.013  0.471 3  0.472  151.7
1990 01 02 -0.077  0.497 3  0.503  161.4
1990 01 03 -0.148  0.514 3  0.535  171.0
1990 01 04 -0.224  0.522 3  0.568  180.3
1990 01 05 -0.302  0.519 3  0.600  189.2
1990 01 06 -0.382  0.504 3  0.633  197.6
1990 01 07 -0.461  0.478 3  0.664  205.3
1990 01 08 -0.537  0.440 4  0.694  212.4
1990 01 09 -0.608  0.390 4  0.722  218.9
1990 01 10 -0.670  0.330 4  0.747  224.5
1990 01 11 -0.724  0.261 4  0.769  229.5
1990 01 12 -0.766  0.183 4  0.787  233.6
1990 01 13 -0.795  0.100 4  0.802  236.9
1990 01 14 -0.811  0.012 4  0.811  239.4
1990 01 15 -0.812 -0.078 5  0.816  241.0
1990 01 16 -0.799 -0.167 5  0.816  241.8
1990 01 17 -0.771 -0.254 5  0.812  241.7
1990 01 18 -0.729 -0.337 5  0.803  240.9
1990 01 19 -0.674 -0.414 5  0.791  239.3
1990 01 20 -0.607 -0.482 5  0.775  237.0
1990 01 21 -0.531 -0.541 6  0.758  234.2
1990 01 22 -0.448 -0.589 6  0.740  231.1
1990 01 23 -0.358 -0.627 6  0.722  227.6
1990 01 24 -0.266 -0.652 6  0.704  223.9
1990 01 25 -0.173 -0.666 6  0.688  220.1
1990 01 26 -0.081 -0.668 6  0.673  216.2
1990 01 27  0.008 -0.660 7  0.660  212.2
1990 01 28  0.091 -0.642 7  0.648  208.2
1990 01 29  0.168 -0.615 7  0.638  204.0
1990 01 30  0.238 -0.582 7  0.628  199.8
1990 01 31  0.299 -0.542 7  0.619  195.3
1990 02 01  0.352 -0.498 7  0.609  190.8
1990 02 02  0.397 -0.450 7  0.600  186.1
1990 02 03  0.434 -0.400 8  0.590  181.5
1990 02 04  0.465 -0.348 8  0.581  177.2
1990 02 05  0.491 -0.295 8  0.573  173.2
1990 02 06  0.512 -0.242 8  0.566  170.0
1990 02 07  0.530 -0.188 8  0.563  167.8
1990 02 08  0.547 -0.133 8  0.563  167.1
1990 02 09  0.563 -0.077 8  0.568  168.0
1990 02 10  0.579 -0.018 8  0.579  170.9
1990 02 11  0.594  0.043 1  0.596  176.0
1990 02 12  0.610  0.107 1  0.619  183.3
1990 02 13  0.625  0.175 1  0.649  192.8
1990 02 14  0.638  0.246 1  0.684  204.2
1990 02 15  0.647  0.321 1  0.723  217.2
1990 02 16  0.652  0.400 1  0.765  231.4
1990 02 17  0.650  0.480 1  0.808  246.2
1990 02 18  0.638  0.562 1  0.850  261.0
1990 02 19  0.615  0.642 2  0.890  275.1
1990 02 20  0.580  0.720 2  0.924  287.9
1990 02 21  0.530  0.791 2  0.952  298.7
1990 02 22  0.466  0.854 2  0.972  307.0
1990 02 23  0.385  0.904 2  0.983  312.3
1990 02 24  0.290  0.940 2  0.984  314.3
1990 02 25  0.181  0.959 2  0.976  312.9
1990 02 26  0.060  0.957 2  0.959  308.2
1990 02 27 -0.070  0.933 3  0.935  300.7
1990 02 28 -0.206  0.885 3  0.909  291.0
1990 03 01 -0.344  0.813 3  0.883  280.5
1990 03 02 -0.480  0.717 3  0.863  270.6
1990 03 03 -0.610  0.597 4  0.853  263.2
1990 03 04 -0.728  0.456 4  0.859  260.1
1990 03 05 -0.830  0.297 4  0.881  262.8
1990 03 06 -0.912  0.122 4  0.920  272.0
1990 03 07 -0.971 -0.063 5  0.973  287.2
1990 03 08 -1.003 -0.254 5  1.035  307.1
1990 03 09 -1.007 -0.446 5  1.101  329.9
1990 03 10 -0.981 -0.633 5  1.167  354.0
1990 03 11 -0.925 -0.810 5  1.230  377.5
1990 03 12 -0.842 -0.971 6  1.285  399.1
1990 03 13 -0.731 -1.112 6  1.331  417.6
1990 03 14 -0.598 -1.227 6  1.365  432.2
1990 03 15 -0.445 -1.313 6  1.386  442.2
1990 03 16 -0.277 -1.368 6  1.396  447.4
1990 03 17 -0.100 -1.389 6  1.393  447.7
1990 03 18  0.082 -1.376 7  1.378  443.1
1990 03 19  0.261 -1.328 7  1.354  434.0
1990 03 20  0.433 -1.248 7  1.321  421.0
1990 03 21  0.591 -1.136 7  1.281  404.9
1990 03 22  0.732 -0.997 7  1.237  386.6
1990 03 23  0.851 -0.833 8  1.191  367.2
1990 03 24  0.944 -0.650 8  1.146  348.3
1990 03 25  1.008 -0.453 8  1.105  331.1
1990 03 26  1.041 -0.246 8  1.070  317.3
1990 03 27  1.043 -0.035 8  1.044  308.2
1990 03 28  1.014  0.174 1  1.029  304.5
1990 03 29  0.955  0.375 1  1.026  306.6
1990 03 30  0.867  0.565 1  1.035  313.9
1990 03 31  0.753  0.738 1  1.055  325.3
1990 04 01  0.617  0.891 2  1.084  339.5
1990 04 02  0.463  1.019 2  1.119  355.0
1990 04 03  0.294  1.120 2  1.158  370.5
1990 04 04  0.115  1.192 2  1.198  385.0
1990 04 05 -0.068  1.234 3  1.236  397.4
1990 04 06 -0.251  1.245 3  1.270  407.3
1990 04 07 -0.429  1.225 3  1.298  413.9
1990 04 08 -0.597  1.176 3  1.319  417.1
1990 04 09 -0.750  1.098 3  1.330  416.8
1990 04 10 -0.884  0.995 3  1.331  412.9
1990 04 11 -0.996  0.869 4  1.322  405.6
1990 04 12 -1.082  0.723 4  1.302  395.1
1990 04 13 -1.140  0.563 4  1.271  382.0
1990 04 14 -1.166  0.392 4  1.231  366.7
1990 04 15 -1.161  0.216 4  1.181  349.7
1990 04 16 -1.124  0.040 4  1.124  331.9
1990 04 17 -1.054 -0.132 5  1.062  314.0
1990 04 18 -0.954 -0.293 5  0.998  296.9
1990 04 19 -0.825 -0.440 5  0.935  281.5
1990 04 20 -0.671 -0.566 5  0.878  269.0
1990 04 21 -0.496 -0.669 6  0.833  260.2
1990 04 22 -0.304 -0.745 6  0.805  255.8
1990 04 23 -0.102 -0.791 6  0.798  256.2
1990 04 24  0.105 -0.806 7  0.813  261.1
1990 04 25  0.310 -0.789 7  0.848  269.8
1990 04 26  0.507 -0.741 7  0.898  281.5
1990 04 27  0.689 -0.664 8  0.957  294.9
1990 04 28  0.849 -0.561 8  1.018  308.8
1990 04 29  0.982 -0.436 8  1.075  322.0
1990 04 30  1.084 -0.293 8  1.123  333.6
1990 05 01  1.151 -0.139 8  1.159  342.7
1990 05 02  1.180  0.020 1  1.180  348.4
1990 05 03  1.171  0.177 1  1.184  350.2
1990 05 04  1.123  0.326 1  1.170  347.7
1990 05 05  1.040  0.460 1  1.137  340.7
1990 05 06  0.924  0.573 1  1.088  329.2
1990 05 07  0.781  0.660 1  1.023  313.4
1990 05 08  0.617  0.718 2  0.946  293.9
1990 05 09  0.438  0.742 2  0.862  271.5
1990 05 10  0.251  0.734 2  0.775  247.3
1990 05 11  0.066  0.691 2  0.694  223.1
1990 05 12 -0.110  0.617 3  0.627  201.0
1990 05 13 -0.271  0.514 3  0.581  183.7
1990 05 14 -0.409  0.388 4  0.564  173.6
1990 05 15 -0.520  0.243 4  0.574  172.3
1990 05 16 -0.599  0.087 4  0.606  179.1
1990 05 17 -0.644 -0.072 5  0.648  191.6
1990 05 18 -0.654 -0.229 5  0.693  206.7
1990 05 19 -0.631 -0.374 5  0.733  221.7
1990 05 20 -0.576 -0.502 5  0.764  234.3
1990 05 21 -0.494 -0.605 6  0.781  243.1
1990 05 22 -0.390 -0.679 6  0.783  246.9
1990 05 23 -0.271 -0.720 6  0.770  245.1
1990 05 24 -0.143 -0.726 6  0.741  237.4
1990 05 25 -0.015 -0.697 6  0.697  224.1
1990 05 26  0.106 -0.632 7  0.641  205.7
1990 05 27  0.214 -0.536 7  0.577  183.5
1990 05 28  0.302 -0.411 7  0.510  159.4
1990 05 29  0.365 -0.264 8  0.450  137.2
1990 05 30  0.399 -0.101 8  0.412  122.2
1990 05 31  0.402  0.070 1  0.408  120.7
1990 06 01  0.372  0.242 1  0.444  134.6
1990 06 02  0.312  0.407 2  0.513  160.0
1990 06 03  0.222  0.558 2  0.600  190.9
1990 06 04  0.107  0.687 2  0.695  223.1
1990 06 05 -0.028  0.789 3  0.789  253.7
1990 06 06 -0.177  0.858 3  0.876  280.8
1990 06 07 -0.333  0.891 3  0.951  303.0
1990 06 08 -0.488  0.887 3  1.013  319.6
1990 06 09 -0.637  0.845 3  1.058  330.3
1990 06 10 -0.770  0.765 4  1.086  335.0
1990 06 11 -0.883  0.651 4  1.097  334.3
1990 06 12 -0.968  0.507 4  1.093  329.0
1990 06 13 -1.022  0.339 4  1.076  320.6
1990 06 14 -1.040  0.152 4  1.051  310.9
1990 06 15 -1.022 -0.046 5  1.023  301.9
1990 06 16 -0.966 -0.248 5  0.997  296.0
1990 06 17 -0.873 -0.446 5  0.981  295.0
1990 06 18 -0.747 -0.633 5  0.979  300.0
1990 06 19 -0.590 -0.801 6  0.995  311.0
1990 06 20 -0.409 -0.945 6  1.030  327.0
1990 06 21 -0.209 -1.059 6  1.079  346.1
1990 06 22  0.002 -1.139 7  1.139  366.3
1990 06 23  0.218 -1.183 7  1.203  385.8
1990 06 24  0.430 -1.189 7  1.264  402.9
1990 06 25  0.632 -1.157 7  1.318  416.3
1990 06 26  0.815 -1.090 7  1.361  425.1
1990 06 27  0.973 -0.990 7  1.388  428.7
1990 06 28  1.101 -0.861 8  1.397  426.9
1990 06 29  1.193 -0.709 8  1.388  419.6
1990 06 30  1.248 -0.541 8  1.360  407.3
1990 07 01  1.262 -0.362 8  1.313  390.3
1990 07 02  1.237 -0.180 8  1.250  369.6
1990 07 03  1.172 -0.002 8  1.172  346.1
1990 07 04  1.072  0.166 1  1.085  320.9
1990 07 05  0.940  0.316 1  0.992  295.6
1990 07 06  0.782  0.444 1  0.899  271.4
1990 07 07  0.605  0.545 1  0.814  250.1
1990 07 08  0.415  0.616 2  0.743  232.9
1990 07 09  0.221  0.656 2  0.692  220.7
1990 07 10  0.030  0.663 2  0.664  213.5
1990 07 11 -0.149  0.640 3  0.657  210.6
1990 07 12 -0.310  0.589 3  0.666  210.3
1990 07 13 -0.445  0.514 3  0.680  211.1
1990 07 14 -0.550  0.419 4  0.692  211.0
1990 07 15 -0.621  0.312 4  0.695  208.9
1990 07 16 -0.655  0.197 4  0.684  203.5
1990 07 17 -0.652  0.083 4  0.658  194.4
1990 07 18 -0.614 -0.024 5  0.614  181.3
1990 07 19 -0.542 -0.117 5  0.554  164.3
1990 07 20 -0.442 -0.190 5  0.481  144.1
1990 07 21 -0.320 -0.239 5  0.399  121.6
1990 07 22 -0.182 -0.259 6  0.316   99.1
1990 07 23 -0.037 -0.249 6  0.251   80.7
1990 07 24  0.107 -0.207 7  0.233   73.6
1990 07 25  0.241 -0.135 8  0.276   83.3
1990 07 26  0.357 -0.034 8  0.359  106.0
1990 07 27  0.448  0.090 1  0.457  135.3
1990 07 28  0.507  0.233 1  0.558  167.3
1990 07 29  0.529  0.387 1  0.656  199.8
1990 07 30  0.512  0.546 2  0.749  231.8
1990 07 31  0.454  0.702 2  0.836  262.5
1990 08 01  0.357  0.846 2  0.918  291.7
1990 08 02  0.223  0.971 2  0.996  318.9
1990 08 03  0.056  1.069 2  1.070  344.1
1990 08 04 -0.135  1.135 3  1.143  367.1
1990 08 05 -0.344  1.163 3  1.213  387.6
1990 08 06 -0.560  1.151 3  1.280  405.5
1990 08 07 -0.775  1.098 3  1.344  420.6
1990 08 08 -0.978  1.002 3  1.401  432.7
1990 08 09 -1.160  0.868 4  1.449  441.7
1990 08 10 -1.312  0.698 4  1.486  447.6
1990 08 11 -1.426  0.499 4  1.511  450.5
1990 08 12 -1.497  0.277 4  1.522  450.8
1990 08 13 -1.520  0.040 4  1.521  449.0
1990 08 14 -1.494 -0.203 5  1.508  445.9
1990 08 15 -1.419 -0.444 5  1.487  442.7
1990 08 16 -1.298 -0.674 5  1.463  440.2
1990 08 17 -1.134 -0.885 5  1.439  439.4
1990 08 18 -0.934 -1.071 6  1.421  441.1
1990 08 19 -0.706 -1.224 6  1.413  445.4
1990 08 20 -0.459 -1.341 6  1.418  452.1
1990 08 21 -0.202 -1.420 6  1.434  460.5
1990 08 22  0.055 -1.459 7  1.460  469.5
1990 08 23  0.304 -1.459 7  1.491  477.8
1990 08 24  0.535 -1.423 7  1.521  484.2
1990 08 25  0.742 -1.354 7  1.544  487.5
1990 08 26  0.918 -1.257 7  1.557  486.8
1990 08 27  1.060 -1.138 7  1.555  481.5
1990 08 28  1.165 -1.003 8  1.537  471.5
1990 08 29  1.233 -0.857 8  1.502  456.6
1990 08 30  1.266 -0.708 8  1.450  437.5
1990 08 31  1.265 -0.560 8  1.384  414.6
1990 09 01  1.237 -0.417 8  1.305  388.9
1990 09 02  1.185 -0.285 8  1.218  361.5
1990 09 03  1.115 -0.165 8  1.127  333.4
1990 09 04  1.034 -0.058 8  1.036  305.8
1990 09 05  0.947  0.036 1  0.948  279.9
1990 09 06  0.860  0.117 1  0.868  256.6
1990 09 07  0.776  0.186 1  0.798  236.9
1990 09 08  0.699  0.247 1  0.742  221.2
1990 09 09  0.631  0.302 1  0.700  210.1
1990 09 10  0.571  0.354 1  0.672  203.5
1990 09 11  0.520  0.405 1  0.659  201.3
1990 09 12  0.475  0.457 1  0.659  203.1
1990 09 13  0.434  0.511 2  0.671  208.4
1990 09 14  0.393  0.568 2  0.691  216.4
1990 09 15  0.348  0.628 2  0.718  226.5
1990 09 16  0.296  0.688 2  0.749  237.9
1990 09 17  0.232  0.747 2  0.782  249.7
1990 09 18  0.156  0.800 2  0.815  261.4
1990 09 19  0.065  0.845 2  0.847  272.3
1990 09 20 -0.042  0.876 3  0.877  281.9
1990 09 21 -0.162  0.890 3  0.904  290.1
1990 09 22 -0.295  0.882 3  0.930  296.8
1990 09 23 -0.436  0.850 3  0.955  302.0
1990 09 24 -0.580  0.790 3  0.980  306.3
1990 09 25 -0.722  0.701 4  1.006  310.2
1990 09 26 -0.855  0.583 4  1.035  314.3
1990 09 27 -0.972  0.437 4  1.066  319.5
1990 09 28 -1.067  0.266 4  1.100  326.4
1990 09 29 -1.134  0.075 4  1.136  335.5
1990 09 30 -1.166 -0.131 5  1.174  346.8
1990 10 01 -1.161 -0.345 5  1.211  360.2
1990 10 02 -1.115 -0.560 5  1.247  375.1
1990 10 03 -1.027 -0.767 5  1.282  390.7
1990 10 04 -0.899 -0.956 6  1.312  406.1
1990 10 05 -0.732 -1.121 6  1.339  420.4
1990 10 06 -0.533 -1.253 6  1.362  432.7
1990 10 07 -0.307 -1.346 6  1.380  442.1
1990 10 08 -0.061 -1.392 6  1.394  448.1
1990 10 09  0.194 -1.390 7  1.403  450.6
1990 10 10  0.451 -1.336 7  1.410  449.8
1990 10 11  0.698 -1.230 7  1.414  446.1
1990 10 12  0.926 -1.075 7  1.419  440.6
1990 10 13  1.125 -0.873 8  1.424  434.9
1990 10 14  1.288 -0.631 8  1.434  430.9
1990 10 15  1.406 -0.357 8  1.451  430.6
1990 10 16  1.475 -0.058 8  1.477  435.9
1990 10 17  1.492  0.255 1  1.514  447.9
1990 10 18  1.454  0.572 1  1.563  467.0
1990 10 19  1.363  0.881 1  1.623  492.1
1990 10 20  1.222  1.173 1  1.693  521.7
1990 10 21  1.034  1.436 2  1.770  553.6
1990 10 22  0.807  1.663 2  1.849  585.5
1990 10 23  0.549  1.845 2  1.925  615.1
1990 10 24  0.268  1.976 2  1.995  640.5
1990 10 25 -0.024  2.052 3  2.053  660.0
1990 10 26 -0.319  2.071 3  2.095  672.6
1990 10 27 -0.606  2.031 3  2.120  677.3
1990 10 28 -0.875  1.935 3  2.124  673.9
1990 10 29 -1.118  1.787 3  2.108  662.6
1990 10 30 -1.326  1.591 3  2.071  644.1
1990 10 31 -1.494  1.353 4  2.016  619.6
1990 11 01 -1.617  1.083 4  1.946  590.8
1990 11 02 -1.691  0.789 4  1.866  559.9
1990 11 03 -1.716  0.479 4  1.782  529.5
1990 11 04 -1.693  0.163 4  1.701  502.5
1990 11 05 -1.623 -0.149 5  1.630  481.5
1990 11 06 -1.511 -0.449 5  1.576  468.7
1990 11 07 -1.360 -0.730 5  1.544  465.1
1990 11 08 -1.178 -0.984 5  1.535  470.1
1990 11 09 -0.971 -1.205 6  1.548  482.0
1990 11 10 -0.746 -1.390 6  1.578  498.3
1990 11 11 -0.510 -1.535 6  1.618  516.1
1990 11 12 -0.271 -1.639 6  1.661  533.1
1990 11 13 -0.036 -1.701 6  1.702  547.2
1990 11 14  0.190 -1.723 7  1.733  556.9
1990 11 15  0.400 -1.706 7  1.752  561.2
1990 11 16  0.590 -1.653 7  1.756  559.5
1990 11 17  0.757 -1.569 7  1.742  551.9
1990 11 18  0.898 -1.457 7  1.712  538.4
1990 11 19  1.011 -1.323 7  1.665  519.5
1990 11 20  1.095 -1.170 7  1.603  496.0
1990 11 21  1.151 -1.005 8  1.528  468.8
1990 11 22  1.179 -0.831 8  1.443  438.8
1990 11 23  1.182 -0.653 8  1.351  407.3
1990 11 24  1.162 -0.476 8  1.255  375.4
1990 11 25  1.120 -0.302 8  1.160  344.6
1990 11 26  1.060 -0.135 8  1.069  316.0
1990 11 27  0.985  0.022 1  0.986  290.9
1990 11 28  0.898  0.167 1  0.914  270.5
1990 11 29  0.802  0.299 1  0.856  255.5
1990 11 30  0.698  0.417 1  0.813  245.9
1990 12 01  0.591  0.519 1  0.786  241.4
1990 12 02  0.481  0.606 2  0.774  241.1
1990 12 03  0.371  0.677 2  0.772  243.6
1990 12 04  0.262  0.732 2  0.777  247.7
1990 12 05  0.157  0.772 2  0.787  252.4
1990 12 06  0.055  0.796 2  0.798  256.6
1990 12 07 -0.042  0.807 3  0.808  259.8
1990 12 08 -0.133  0.804 3  0.815  261.5
1990 12 09 -0.217  0.788 3  0.818  261.5
1990 12 10 -0.295  0.760 3  0.815  259.5
1990 12 11 -0.365  0.721 3  0.808  255.7
1990 12 12 -0.427  0.672 3  0.796  250.2
1990 12 13 -0.481  0.613 3  0.779  243.0
1990 12 14 -0.526  0.546 3  0.758  234.5
1990 12 15 -0.562  0.472 4  0.734  224.9
1990 12 16 -0.588  0.392 4  0.707  214.6
1990 12 17 -0.605  0.307 4  0.678  204.1
1990 12 18 -0.611  0.219 4  0.649  193.6
1990 12 19 -0.607  0.129 4  0.620  183.9
1990 12 20 -0.592  0.038 4  0.593  175.2
1990 12 21 -0.567 -0.051 5  0.569  168.2
1990 12 22 -0.532 -0.138 5  0.549  163.1
1990 12 23 -0.486 -0.221 5  0.534  160.2
1990 12 24 -0.431 -0.299 5  0.525  159.5
1990 12 25 -0.368 -0.369 6  0.521  160.8
1990 12 26 -0.296 -0.430 6  0.522  163.7
1990 12 27 -0.218 -0.482 6  0.529  167.7
1990 12 28 -0.134 -0.522 6  0.539  172.4
1990 12 29 -0.046 -0.550 6  0.552  177.3
1990 12 30  0.045 -0.564 7  0.566  182.0
1990 12 31  0.136 -0.565 7  0.581  186.1
1991 01 01  0.226 -0.552 7  0.596  189.4
1991 01 02  0.312 -0.523 7  0.609  191.8
1991 01 03  0.393 -0.481 7  0.621  193.2
1991 01 04  0.466 -0.425 8  0.630  193.7
1991 01 05  0.529 -0.355 8  0.637  193.5
1991 01 06  0.581 -0.274 8  0.642  192.8
1991 01 07  0.619 -0.183 8  0.646  192.0
1991 01 08  0.643 -0.084 8  0.648  191.6
1991 01 09  0.650  0.022 1  0.650  191.9
1991 01 10  0.640  0.130 1  0.653  193.4
1991 01 11  0.612  0.240 1  0.657  196.4
1991 01 12  0.567  0.347 1  0.664  201.1
1991 01 13  0.504  0.449 1  0.675  207.3
1991 01 14  0.426  0.543 2  0.690  215.0
1991 01 15  0.333  0.625 2  0.708  223.7
1991 01 16  0.227  0.694 2  0.730  233.0
1991 01 17  0.112  0.746 2  0.755  242.2
1991 01 18 -0.009  0.780 3  0.781  251.0
1991 01 19 -0.133  0.795 3  0.807  258.8
1991 01 20 -0.257  0.790 3  0.831  265.2
1991 01 21 -0.377  0.765 3  0.852  269.9
1991 01 22 -0.488  0.720 3  0.870  272.6
1991 01 23 -0.588  0.656 3  0.881  273.2
1991 01 24 -0.672  0.577 4  0.886  271.7
1991 01 25 -0.739  0.484 4  0.884  268.0
1991 01 26 -0.786  0.381 4  0.873  262.3
1991 01 27 -0.811  0.271 4  0.856  254.9
1991 01 28 -0.815  0.159 4  0.830  245.9
1991 01 29 -0.797  0.048 4  0.798  235.7
1991 01 30 -0.758 -0.058 5  0.760  224.5
1991 01 31 -0.700 -0.155 5  0.717  212.6
1991 02 01 -0.626 -0.240 5  0.671  200.4
1991 02 02 -0.540 -0.310 5  0.622  187.9
1991 02 03 -0.444 -0.363 5  0.573  175.4
1991 02 04 -0.343 -0.397 6  0.525  163.0
1991 02 05 -0.241 -0.413 6  0.478  150.5
1991 02 06 -0.142 -0.409 6  0.433  138.1
1991 02 07 -0.050 -0.389 6  0.392  125.9
1991 02 08  0.032 -0.352 7  0.354  113.7
1991 02 09  0.101 -0.303 7  0.319  101.9
1991 02 10  0.154 -0.244 7  0.288   90.6
1991 02 11  0.190 -0.178 8  0.261   80.2
1991 02 12  0.210 -0.109 8  0.237   71.2
1991 02 13  0.213 -0.042 8  0.217   64.2
1991 02 14  0.200  0.022 1  0.201   59.3
1991 02 15  0.173  0.077 1  0.189   56.7
1991 02 16  0.135  0.121 1  0.181   55.8
1991 02 17  0.088  0.153 2  0.177   55.7
1991 02 18  0.036  0.170 2  0.174   55.8
1991 02 19 -0.018  0.172 3  0.173   55.6
1991 02 20 -0.070  0.159 3  0.173   55.0
1991 02 21 -0.118  0.130 3  0.175   54.4
1991 02 22 -0.158  0.088 4  0.181   54.6
1991 02 23 -0.189  0.034 4  0.192   56.8
1991 02 24 -0.208 -0.029 5  0.210   62.2
1991 02 25 -0.215 -0.099 5  0.237   71.0
1991 02 26 -0.208 -0.173 5  0.271   82.8
1991 02 27 -0.189 -0.247 6  0.311   97.0
1991 02 28 -0.157 -0.319 6  0.355  112.4
1991 03 01 -0.113 -0.385 6  0.402  128.3
1991 03 02 -0.061 -0.444 6  0.448  143.9
1991 03 03 -0.001 -0.493 6  0.493  158.5
1991 03 04  0.064 -0.530 7  0.534  171.6
1991 03 05  0.131 -0.555 7  0.570  182.6
1991 03 06  0.199 -0.566 7  0.600  191.4
1991 03 07  0.264 -0.564 7  0.623  197.5
1991 03 08  0.325 -0.549 7  0.638  201.0
1991 03 09  0.380 -0.522 7  0.646  201.9
1991 03 10  0.426 -0.485 7  0.645  200.3
1991 03 11  0.464 -0.438 8  0.638  196.4
1991 03 12  0.491 -0.384 8  0.623  190.4
1991 03 13  0.507 -0.325 8  0.603  182.7
1991 03 14  0.513 -0.264 8  0.577  173.7
1991 03 15  0.509 -0.201 8  0.547  163.6
1991 03 16  0.495 -0.140 8  0.514  152.8
1991 03 17  0.472 -0.082 8  0.479  141.7
1991 03 18  0.441 -0.028 8  0.442  130.4
1991 03 19  0.404  0.019 1  0.404  119.3
1991 03 20  0.362  0.060 1  0.367  108.5
1991 03 21  0.316  0.093 1  0.330   98.1
1991 03 22  0.269  0.119 1  0.294   88.2
1991 03 23  0.222  0.137 1  0.261   79.0
1991 03 24  0.177  0.147 1  0.230   70.5
1991 03 25  0.135  0.151 2  0.203   62.9
1991 03 26  0.096  0.150 2  0.179   56.1
1991 03 27  0.064  0.145 2  0.159   50.3
1991 03 28  0.037  0.137 2  0.142   45.5
1991 03 29  0.018  0.128 2  0.130   41.6
1991 03 30  0.006  0.120 2  0.120   38.6
1991 03 31  0.001  0.114 2  0.114   36.6
1991 04 01  0.003  0.111 2  0.111   35.8
1991 04 02  0.012  0.114 2  0.115   36.8
1991 04 03  0.026  0.123 2  0.125   40.2
1991 04 04  0.045  0.138 2  0.145   46.3
1991 04 05  0.066  0.161 2  0.174   55.3
1991 04 06  0.088  0.191 2  0.210   66.7
1991 04 07  0.108  0.229 2  0.253   80.2
1991 04 08  0.125  0.272 2  0.300   95.0
1991 04 09  0.136  0.321 2  0.349  110.7
1991 04 10  0.140  0.373 2  0.398  126.7
1991 04 11  0.135  0.425 2  0.446  142.5
1991 04 12  0.118  0.477 2  0.492  157.4
1991 04 13  0.090  0.526 2  0.533  171.1
1991 04 14  0.049  0.568 2  0.570  183.1
1991 04 15 -0.004  0.601 3  0.601  193.3
1991 04 16 -0.070  0.623 3  0.627  201.3
1991 04 17 -0.146  0.631 3  0.648  207.4
1991 04 18 -0.231  0.623 3  0.665  211.7
1991 04 19 -0.322  0.599 3  0.680  214.8
1991 04 20 -0.417  0.556 3  0.695  217.1
1991 04 21 -0.512  0.495 4  0.712  219.5
1991 04 22 -0.604  0.416 4  0.733  222.7
1991 04 23 -0.688  0.319 4  0.758  227.4
1991 04 24 -0.760  0.207 4  0.788  234.0
1991 04 25 -0.817  0.082 4  0.821  242.7
1991 04 26 -0.856 -0.054 5  0.858  253.2
1991 04 27 -0.873 -0.197 5  0.895  265.3
1991 04 28 -0.865 -0.343 5  0.931  278.3
1991 04 29 -0.832 -0.489 5  0.965  291.5
1991 04 30 -0.771 -0.629 5  0.995  304.5
1991 05 01 -0.684 -0.759 6  1.022  316.8
1991 05 02 -0.570 -0.876 6  1.045  328.1
1991 05 03 -0.431 -0.975 6  1.066  338.4
1991 05 04 -0.270 -1.053 6  1.087  347.8
1991 05 05 -0.091 -1.105 6  1.109  356.5
1991 05 06  0.102 -1.131 7  1.136  364.9
1991 05 07  0.305 -1.127 7  1.168  373.5
1991 05 08  0.512 -1.093 7  1.207  382.7
1991 05 09  0.718 -1.029 7  1.254  392.8
1991 05 10  0.916 -0.934 7  1.308  404.0
1991 05 11  1.100 -0.810 8  1.366  416.3
1991 05 12  1.265 -0.660 8  1.427  429.5
1991 05 13  1.406 -0.485 8  1.487  443.3
1991 05 14  1.517 -0.290 8  1.544  457.3
1991 05 15  1.593 -0.080 8  1.595  470.9
1991 05 16  1.632  0.142 1  1.638  483.8
1991 05 17  1.630  0.369 1  1.671  495.5
1991 05 18  1.586  0.596 1  1.694  505.8
1991 05 19  1.499  0.817 1  1.707  514.5
1991 05 20  1.369  1.026 1  1.711  521.7
1991 05 21  1.199  1.217 2  1.708  527.7
1991 05 22  0.991  1.385 2  1.703  532.8
1991 05 23  0.749  1.524 2  1.698  537.6
1991 05 24  0.479  1.629 2  1.698  542.7
1991 05 25  0.186  1.698 2  1.708  548.7
1991 05 26 -0.122  1.725 3  1.730  556.0
1991 05 27 -0.436  1.711 3  1.766  565.0
1991 05 28 -0.750  1.653 3  1.815  575.7
1991 05 29 -1.053  1.551 3  1.875  587.7
1991 05 30 -1.337  1.407 3  1.942  600.6
1991 05 31 -1.594  1.225 4  2.010  613.5
1991 06 01 -1.814  1.007 4  2.075  625.7
1991 06 02 -1.991  0.758 4  2.131  636.3
1991 06 03 -2.118  0.486 4  2.173  644.3
1991 06 04 -2.189  0.196 4  2.198  649.3
1991 06 05 -2.202 -0.103 5  2.204  650.7
1991 06 06 -2.153 -0.403 5  2.191  648.6
1991 06 07 -2.044 -0.694 5  2.159  643.3
1991 06 08 -1.875 -0.970 5  2.111  635.3
1991 06 09 -1.651 -1.221 5  2.053  625.8
1991 06 10 -1.377 -1.439 6  1.992  616.0
1991 06 11 -1.061 -1.618 6  1.935  607.3
1991 06 12 -0.712 -1.751 6  1.891  601.2
1991 06 13 -0.341 -1.835 6  1.866  598.6
1991 06 14  0.042 -1.866 7  1.866  600.1
1991 06 15  0.424 -1.842 7  1.891  605.6
1991 06 16  0.793 -1.765 7  1.935  614.0
1991 06 17  1.138 -1.636 7  1.993  624.2
1991 06 18  1.446 -1.460 7  2.055  634.5
1991 06 19  1.708 -1.241 8  2.112  643.1
1991 06 20  1.916 -0.987 8  2.155  648.5
1991 06 21  2.062 -0.706 8  2.179  649.5
1991 06 22  2.142 -0.407 8  2.180  645.5
1991 06 23  2.153 -0.099 8  2.155  636.3
1991 06 24  2.096  0.208 1  2.106  622.3
1991 06 25  1.973  0.504 1  2.036  604.4
1991 06 26  1.788  0.779 1  1.951  584.3
1991 06 27  1.549  1.026 1  1.858  563.8
1991 06 28  1.264  1.236 1  1.768  545.1
1991 06 29  0.943  1.403 2  1.691  530.2
1991 06 30  0.598  1.523 2  1.637  520.7
1991 07 01  0.240  1.593 2  1.611  517.3
1991 07 02 -0.118  1.612 3  1.616  519.5
1991 07 03 -0.465  1.579 3  1.646  526.0
1991 07 04 -0.788  1.497 3  1.692  534.8
1991 07 05 -1.079  1.371 3  1.744  543.8
1991 07 06 -1.327  1.204 4  1.792  550.8
1991 07 07 -1.526  1.005 4  1.827  554.3
1991 07 08 -1.670  0.779 4  1.843  553.0
1991 07 09 -1.757  0.535 4  1.837  546.6
1991 07 10 -1.786  0.283 4  1.808  534.9
1991 07 11 -1.757  0.029 4  1.757  518.6
1991 07 12 -1.673 -0.217 5  1.687  498.7
1991 07 13 -1.540 -0.448 5  1.604  476.8
1991 07 14 -1.364 -0.656 5  1.513  454.4
1991 07 15 -1.152 -0.835 5  1.423  433.3
1991 07 16 -0.914 -0.981 6  1.341  415.0
1991 07 17 -0.659 -1.089 6  1.273  400.6
1991 07 18 -0.396 -1.158 6  1.224  390.2
1991 07 19 -0.134 -1.186 6  1.194  383.4
1991 07 20  0.116 -1.174 7  1.180  379.2
1991 07 21  0.348 -1.124 7  1.177  375.9
1991 07 22  0.554 -1.040 7  1.178  372.2
1991 07 23  0.729 -0.924 7  1.177  366.9
1991 07 24  0.866 -0.783 8  1.168  358.9
1991 07 25  0.965 -0.623 8  1.148  348.2
1991 07 26  1.023 -0.449 8  1.117  334.6
1991 07 27  1.040 -0.269 8  1.074  319.0
1991 07 28  1.019 -0.088 8  1.023  302.2
1991 07 29  0.962  0.085 1  0.966  285.4
1991 07 30  0.874  0.247 1  0.908  270.0
1991 07 31  0.760  0.390 1  0.854  257.1
1991 08 01  0.626  0.512 1  0.808  247.4
1991 08 02  0.478  0.607 2  0.773  240.9
1991 08 03  0.323  0.675 2  0.748  237.0
1991 08 04  0.168  0.713 2  0.733  234.6
1991 08 05  0.019  0.722 2  0.722  232.2
1991 08 06 -0.118  0.703 3  0.713  228.6
1991 08 07 -0.239  0.657 3  0.699  222.8
1991 08 08 -0.339  0.589 3  0.680  214.3
1991 08 09 -0.416  0.502 3  0.652  202.8
1991 08 10 -0.468  0.400 4  0.616  188.8
1991 08 11 -0.495  0.288 4  0.573  173.1
1991 08 12 -0.498  0.172 4  0.527  157.0
1991 08 13 -0.477  0.057 4  0.481  142.1
1991 08 14 -0.437 -0.053 5  0.441  130.2
1991 08 15 -0.382 -0.153 5  0.411  122.9
1991 08 16 -0.314 -0.240 5  0.396  120.7
1991 08 17 -0.240 -0.311 6  0.393  122.6
1991 08 18 -0.164 -0.364 6  0.399  126.7
1991 08 19 -0.092 -0.398 6  0.408  130.7
1991 08 20 -0.026 -0.413 6  0.413  132.9
1991 08 21  0.028 -0.410 7  0.411  132.0
1991 08 22  0.068 -0.391 7  0.397  127.3
1991 08 23  0.091 -0.359 7  0.370  118.5
1991 08 24  0.097 -0.317 7  0.331  105.8
1991 08 25  0.086 -0.268 7  0.282   89.9
1991 08 26  0.058 -0.217 7  0.225   71.8
1991 08 27  0.016 -0.167 7  0.167   53.8
1991 08 28 -0.038 -0.121 6  0.126   40.4
1991 08 29 -0.099 -0.082 5  0.128   39.3
1991 08 30 -0.163 -0.053 5  0.172   51.2
1991 08 31 -0.227 -0.035 5  0.230   68.0
1991 09 01 -0.286 -0.030 5  0.287   84.9
1991 09 02 -0.336 -0.037 5  0.338   99.7
1991 09 03 -0.373 -0.055 5  0.377  111.4
1991 09 04 -0.394 -0.083 5  0.403  119.5
1991 09 05 -0.399 -0.120 5  0.417  123.9
1991 09 06 -0.386 -0.162 5  0.418  125.2
1991 09 07 -0.354 -0.207 5  0.410  123.9
1991 09 08 -0.305 -0.252 5  0.396  121.2
1991 09 09 -0.241 -0.295 6  0.381  118.6
1991 09 10 -0.165 -0.332 6  0.371  117.3
1991 09 11 -0.079 -0.362 6  0.371  118.7
1991 09 12  0.013 -0.383 7  0.383  123.2
1991 09 13  0.106 -0.394 7  0.408  130.5
1991 09 14  0.197 -0.394 7  0.441  139.6
1991 09 15  0.284 -0.385 7  0.478  149.4
1991 09 16  0.362 -0.366 7  0.515  158.9
1991 09 17  0.430 -0.338 8  0.547  167.2
1991 09 18  0.487 -0.304 8  0.574  173.7
1991 09 19  0.531 -0.264 8  0.593  178.3
1991 09 20  0.563 -0.221 8  0.605  180.8
1991 09 21  0.584 -0.177 8  0.610  181.4
1991 09 22  0.594 -0.133 8  0.609  180.5
1991 09 23  0.597 -0.090 8  0.604  178.6
1991 09 24  0.594 -0.049 8  0.596  176.2
1991 09 25  0.589 -0.010 8  0.589  173.8
1991 09 26  0.582  0.027 1  0.583  172.0
1991 09 27  0.576  0.063 1  0.580  171.3
1991 09 28  0.573  0.098 1  0.582  172.1
1991 09 29  0.574  0.133 1  0.589  174.6
1991 09 30  0.577  0.171 1  0.602  179.0
1991 10 01  0.584  0.212 1  0.621  185.2
1991 10 02  0.591  0.257 1  0.645  193.1
1991 10 03  0.598  0.308 1  0.673  202.4
1991 10 04  0.602  0.364 1  0.703  212.7
1991 10 05  0.599  0.425 1  0.734  223.4
1991 10 06  0.586  0.491 1  0.765  234.2
1991 10 07  0.561  0.560 1  0.792  244.6
1991 10 08  0.520  0.629 2  0.817  254.1
1991 10 09  0.463  0.697 2  0.837  262.5
1991 10 10  0.386  0.760 2  0.853  269.7
1991 10 11  0.290  0.815 2  0.865  275.8
1991 10 12  0.176  0.859 2  0.876  280.9
1991 10 13  0.046  0.887 2  0.888  285.6
1991 10 14 -0.098  0.898 3  0.903  290.2
1991 10 15 -0.252  0.889 3  0.924  295.3
1991 10 16 -0.410  0.858 3  0.951  301.3
1991 10 17 -0.567  0.805 3  0.985  308.2
1991 10 18 -0.717  0.730 3  1.023  316.1
1991 10 19 -0.855  0.634 4  1.064  324.3
1991 10 20 -0.974  0.520 4  1.103  332.4
1991 10 21 -1.069  0.390 4  1.138  339.4
1991 10 22 -1.136  0.249 4  1.163  344.7
1991 10 23 -1.171  0.101 4  1.176  347.3
1991 10 24 -1.174 -0.048 5  1.175  346.8
1991 10 25 -1.142 -0.194 5  1.158  342.7
1991 10 26 -1.077 -0.330 5  1.126  335.0
1991 10 27 -0.980 -0.453 5  1.080  324.0
1991 10 28 -0.857 -0.558 5  1.023  310.1
1991 10 29 -0.710 -0.642 5  0.958  294.3
1991 10 30 -0.547 -0.703 6  0.890  277.7
1991 10 31 -0.373 -0.738 6  0.827  261.6
1991 11 01 -0.195 -0.748 6  0.773  247.4
1991 11 02 -0.020 -0.734 6  0.734  236.1
1991 11 03  0.146 -0.698 7  0.713  228.5
1991 11 04  0.296 -0.643 7  0.708  224.4
1991 11 05  0.427 -0.572 7  0.714  223.0
1991 11 06  0.534 -0.490 8  0.725  223.0
1991 11 07  0.615 -0.402 8  0.735  222.9
1991 11 08  0.668 -0.312 8  0.737  221.2
1991 11 09  0.693 -0.226 8  0.728  216.9
1991 11 10  0.691 -0.145 8  0.706  209.3
1991 11 11  0.665 -0.076 8  0.670  197.9
1991 11 12  0.618 -0.019 8  0.619  182.6
1991 11 13  0.555  0.023 1  0.555  163.8
1991 11 14  0.478  0.049 1  0.481  142.0
1991 11 15  0.394  0.059 1  0.398  117.8
1991 11 16  0.306  0.054 1  0.311   92.1
1991 11 17  0.220  0.037 1  0.223   66.1
1991 11 18  0.139  0.008 1  0.139   41.1
1991 11 19  0.066 -0.028 8  0.072   21.5
1991 11 20  0.004 -0.069 7  0.069   22.1
1991 11 21 -0.045 -0.111 6  0.120   38.2
1991 11 22 -0.081 -0.153 6  0.173   54.6
1991 11 23 -0.104 -0.190 6  0.216   68.3
1991 11 24 -0.113 -0.220 6  0.248   78.3
1991 11 25 -0.111 -0.242 6  0.266   84.5
1991 11 26 -0.098 -0.255 6  0.273   86.8
1991 11 27 -0.077 -0.257 6  0.268   85.6
1991 11 28 -0.049 -0.248 6  0.253   81.1
1991 11 29 -0.017 -0.230 6  0.230   74.1
1991 11 30  0.018 -0.202 7  0.203   65.2
1991 12 01  0.054 -0.167 7  0.175   55.9
1991 12 02  0.089 -0.125 7  0.153   47.9
1991 12 03  0.122 -0.078 8  0.145   43.8
1991 12 04  0.152 -0.028 8  0.155   45.8
1991 12 05  0.180  0.024 1  0.181   53.6
1991 12 06  0.203  0.077 1  0.217   64.9
1991 12 07  0.223  0.129 1  0.258   77.8
1991 12 08  0.238  0.180 1  0.299   91.1
1991 12 09  0.249  0.230 1  0.339  104.1
1991 12 10  0.255  0.277 2  0.376  116.5
1991 12 11  0.255  0.322 2  0.411  128.0
1991 12 12  0.249  0.365 2  0.442  138.4
1991 12 13  0.237  0.405 2  0.469  147.8
1991 12 14  0.216  0.443 2  0.493  156.2
1991 12 15  0.188  0.479 2  0.514  163.5
1991 12 16  0.149  0.511 2  0.532  170.0
1991 12 17  0.101  0.539 2  0.548  175.9
1991 12 18  0.042  0.563 2  0.564  181.4
1991 12 19 -0.027  0.580 3  0.581  186.8
1991 12 20 -0.107  0.591 3  0.601  192.7
1991 12 21 -0.197  0.593 3  0.625  199.3
1991 12 22 -0.294  0.585 3  0.655  207.2
1991 12 23 -0.398  0.565 3  0.691  216.4
1991 12 24 -0.505  0.533 3  0.734  227.2
1991 12 25 -0.614  0.487 4  0.783  239.4
1991 12 26 -0.719  0.427 4  0.836  252.8
1991 12 27 -0.819  0.353 4  0.892  267.0
1991 12 28 -0.908  0.266 4  0.946  281.3
1991 12 29 -0.984  0.166 4  0.998  295.3
1991 12 30 -1.043  0.055 4  1.044  308.3
1991 12 31 -1.082 -0.065 5  1.084  320.0
1992 01 01 -1.098 -0.190 5  1.114  329.8
1992 01 02 -1.090 -0.318 5  1.135  337.5
1992 01 03 -1.056 -0.445 5  1.146  343.1
1992 01 04 -0.997 -0.568 5  1.148  346.5
1992 01 05 -0.914 -0.683 5  1.141  347.9
1992 01 06 -0.807 -0.787 5  1.127  347.6
1992 01 07 -0.679 -0.877 6  1.109  346.0
1992 01 08 -0.534 -0.949 6  1.089  343.5
1992 01 09 -0.375 -1.002 6  1.070  340.7
1992 01 10 -0.206 -1.034 6  1.054  337.9
1992 01 11 -0.032 -1.043 6  1.044  335.7
1992 01 12  0.142 -1.031 7  1.040  334.1
1992 01 13  0.312 -0.996 7  1.044  333.3
1992 01 14  0.474 -0.940 7  1.053  333.2
1992 01 15  0.623 -0.866 7  1.067  333.6
1992 01 16  0.757 -0.774 7  1.082  334.4
1992 01 17  0.872 -0.668 8  1.098  335.1
1992 01 18  0.965 -0.550 8  1.111  335.5
1992 01 19  1.037 -0.425 8  1.121  335.2
1992 01 20  1.086 -0.294 8  1.125  334.1
1992 01 21  1.111 -0.162 8  1.123  332.1
1992 01 22  1.115 -0.030 8  1.115  329.2
1992 01 23  1.097  0.097 1  1.101  325.3
1992 01 24  1.060  0.218 1  1.082  320.7
1992 01 25  1.006  0.331 1  1.059  315.5
1992 01 26  0.937  0.434 1  1.033  309.8
1992 01 27  0.856  0.526 1  1.004  304.0
1992 01 28  0.765  0.605 1  0.975  298.1
1992 01 29  0.667  0.672 2  0.947  292.3
1992 01 30  0.565  0.726 2  0.919  286.8
1992 01 31  0.460  0.767 2  0.894  281.5
1992 02 01  0.354  0.796 2  0.871  276.4
1992 02 02  0.250  0.813 2  0.850  271.5
1992 02 03  0.149  0.818 2  0.832  266.8
1992 02 04  0.052  0.813 2  0.815  262.0
1992 02 05 -0.040  0.799 3  0.800  257.1
1992 02 06 -0.126  0.775 3  0.785  252.0
1992 02 07 -0.206  0.743 3  0.771  246.6
1992 02 08 -0.278  0.704 3  0.757  240.7
1992 02 09 -0.343  0.658 3  0.742  234.4
1992 02 10 -0.400  0.605 3  0.726  227.7
1992 02 11 -0.449  0.548 3  0.708  220.4
1992 02 12 -0.489  0.486 4  0.690  212.8
1992 02 13 -0.521  0.421 4  0.670  204.9
1992 02 14 -0.545  0.353 4  0.649  196.9
1992 02 15 -0.561  0.283 4  0.628  188.9
1992 02 16 -0.569  0.212 4  0.607  181.2
1992 02 17 -0.570  0.141 4  0.587  174.1
1992 02 18 -0.563  0.071 4  0.568  167.8
1992 02 19 -0.551  0.002 4  0.551  162.5
1992 02 20 -0.533 -0.064 5  0.536  158.6
1992 02 21 -0.510 -0.127 5  0.526  156.0
1992 02 22 -0.484 -0.186 5  0.519  155.0
1992 02 23 -0.456 -0.242 5  0.516  155.3
1992 02 24 -0.425 -0.293 5  0.517  157.0
1992 02 25 -0.394 -0.340 5  0.521  159.7
1992 02 26 -0.363 -0.383 6  0.528  163.2
1992 02 27 -0.333 -0.421 6  0.537  167.4
1992 02 28 -0.303 -0.457 6  0.548  171.9
1992 02 29 -0.274 -0.488 6  0.560  176.6
1992 03 01 -0.246 -0.517 6  0.572  181.3
1992 03 02 -0.218 -0.542 6  0.585  185.9
1992 03 03 -0.190 -0.565 6  0.596  190.3
1992 03 04 -0.161 -0.586 6  0.608  194.3
1992 03 05 -0.131 -0.603 6  0.617  197.8
1992 03 06 -0.098 -0.618 6  0.626  200.8
1992 03 07 -0.062 -0.629 6  0.632  203.0
1992 03 08 -0.022 -0.635 6  0.636  204.5
1992 03 09  0.022 -0.637 7  0.638  205.0
1992 03 10  0.070 -0.633 7  0.637  204.5
1992 03 11  0.122 -0.622 7  0.633  203.1
1992 03 12  0.178 -0.602 7  0.628  200.7
1992 03 13  0.236 -0.574 7  0.621  197.4
1992 03 14  0.297 -0.536 7  0.613  193.4
1992 03 15  0.357 -0.489 7  0.605  189.1
1992 03 16  0.415 -0.430 7  0.598  184.8
1992 03 17  0.470 -0.361 8  0.593  180.9
1992 03 18  0.518 -0.283 8  0.590  177.9
1992 03 19  0.559 -0.195 8  0.592  176.5
1992 03 20  0.589 -0.100 8  0.598  176.9
1992 03 21  0.608  0.002 1  0.608  179.5
1992 03 22  0.613  0.107 1  0.622  184.2
1992 03 23  0.604  0.213 1  0.640  191.0
1992 03 24  0.579  0.318 1  0.661  199.3
1992 03 25  0.540  0.419 1  0.683  208.6
1992 03 26  0.485  0.512 2  0.705  218.2
1992 03 27  0.416  0.595 2  0.726  227.5
1992 03 28  0.336  0.665 2  0.745  235.8
1992 03 29  0.245  0.720 2  0.760  242.5
1992 03 30  0.147  0.757 2  0.771  247.2
1992 03 31  0.045  0.775 2  0.776  249.5
1992 04 01 -0.059  0.773 3  0.775  249.1
1992 04 02 -0.160  0.750 3  0.767  245.8
1992 04 03 -0.256  0.707 3  0.752  239.6
1992 04 04 -0.342  0.645 3  0.730  230.8
1992 04 05 -0.417  0.566 3  0.703  219.6
1992 04 06 -0.477  0.471 4  0.670  206.7
1992 04 07 -0.521  0.363 4  0.634  192.9
1992 04 08 -0.545  0.246 4  0.598  179.3
1992 04 09 -0.550  0.123 4  0.564  167.1
1992 04 10 -0.535 -0.002 5  0.535  157.9
1992 04 11 -0.500 -0.125 5  0.515  153.0
1992 04 12 -0.446 -0.242 5  0.507  152.9
1992 04 13 -0.375 -0.349 5  0.512  157.6
1992 04 14 -0.289 -0.443 6  0.529  166.0
1992 04 15 -0.190 -0.521 6  0.554  176.6
1992 04 16 -0.082 -0.580 6  0.586  188.0
1992 04 17  0.032 -0.618 7  0.619  199.1
1992 04 18  0.148 -0.635 7  0.652  208.8
1992 04 19  0.261 -0.630 7  0.682  216.7
1992 04 20  0.369 -0.602 7  0.706  222.2
1992 04 21  0.467 -0.554 7  0.725  225.2
1992 04 22  0.552 -0.487 8  0.736  225.9
1992 04 23  0.620 -0.403 8  0.740  224.3
1992 04 24  0.670 -0.306 8  0.736  220.8
1992 04 25  0.698 -0.199 8  0.726  215.7
1992 04 26  0.704 -0.085 8  0.709  209.5
1992 04 27  0.686  0.029 1  0.687  202.7
1992 04 28  0.645  0.142 1  0.660  195.8
1992 04 29  0.581  0.248 1  0.632  189.2
1992 04 30  0.497  0.344 1  0.604  183.5
1992 05 01  0.393  0.425 2  0.579  179.2
1992 05 02  0.273  0.489 2  0.560  176.8
1992 05 03  0.142  0.534 2  0.552  176.6
1992 05 04  0.002  0.556 2  0.556  179.0
1992 05 05 -0.142  0.557 3  0.575  183.9
1992 05 06 -0.285  0.534 3  0.605  191.3
1992 05 07 -0.422  0.489 3  0.646  200.7
1992 05 08 -0.548  0.424 4  0.693  211.5
1992 05 09 -0.658  0.340 4  0.741  222.9
1992 05 10 -0.749  0.240 4  0.786  234.1
1992 05 11 -0.815  0.128 4  0.825  244.1
1992 05 12 -0.854  0.009 4  0.854  252.2
1992 05 13 -0.864 -0.113 5  0.871  257.6
1992 05 14 -0.842 -0.234 5  0.874  259.7
1992 05 15 -0.788 -0.348 5  0.862  258.2
1992 05 16 -0.703 -0.450 5  0.835  253.0
1992 05 17 -0.588 -0.535 5  0.795  244.4
1992 05 18 -0.445 -0.600 6  0.747  233.6
1992 05 19 -0.279 -0.641 6  0.699  222.0
1992 05 20 -0.094 -0.654 6  0.661  212.2
1992 05 21  0.104 -0.638 7  0.646  207.4
1992 05 22  0.310 -0.591 7  0.667  210.9
1992 05 23  0.516 -0.513 8  0.727  224.4
1992 05 24  0.714 -0.405 8  0.821  247.8
1992 05 25  0.898 -0.269 8  0.938  278.9
1992 05 26  1.061 -0.108 8  1.066  315.0
1992 05 27  1.195  0.073 1  1.197  353.4
1992 05 28  1.294  0.270 1  1.322  391.6
1992 05 29  1.353  0.477 1  1.434  427.7
1992 05 30  1.368  0.686 1  1.530  460.1
1992 05 31  1.335  0.892 1  1.606  487.5
1992 06 01  1.255  1.086 1  1.660  509.1
1992 06 02  1.126  1.262 2  1.691  524.5
1992 06 03  0.950  1.412 2  1.702  533.7
1992 06 04  0.733  1.530 2  1.696  537.3
1992 06 05  0.477  1.609 2  1.678  536.2
1992 06 06  0.192  1.645 2  1.656  531.9
1992 06 07 -0.116  1.634 3  1.638  526.5
1992 06 08 -0.437  1.574 3  1.633  522.3
1992 06 09 -0.760  1.464 3  1.649  521.5
1992 06 10 -1.075  1.305 3  1.691  526.0
1992 06 11 -1.370  1.099 4  1.757  537.2
1992 06 12 -1.636  0.852 4  1.845  555.2
1992 06 13 -1.861  0.569 4  1.946  579.0
1992 06 14 -2.037  0.258 4  2.054  607.1
1992 06 15 -2.157 -0.073 5  2.158  637.1
1992 06 16 -2.214 -0.414 5  2.253  667.0
1992 06 17 -2.205 -0.754 5  2.331  694.6
1992 06 18 -2.129 -1.082 5  2.388  718.3
1992 06 19 -1.986 -1.388 5  2.423  736.7
1992 06 20 -1.780 -1.661 5  2.435  749.2
1992 06 21 -1.516 -1.892 6  2.425  755.3
1992 06 22 -1.203 -2.073 6  2.397  755.3
1992 06 23 -0.850 -2.197 6  2.355  749.6
1992 06 24 -0.468 -2.259 6  2.307  739.4
1992 06 25 -0.071 -2.257 6  2.258  726.0
1992 06 26  0.330 -2.190 7  2.214  710.8
1992 06 27  0.719 -2.060 7  2.182  695.6
1992 06 28  1.086 -1.871 7  2.163  681.7
1992 06 29  1.416 -1.630 7  2.159  670.4
1992 06 30  1.700 -1.344 8  2.167  662.3
1992 07 01  1.928 -1.024 8  2.183  657.5
1992 07 02  2.094 -0.679 8  2.201  655.5
1992 07 03  2.192 -0.323 8  2.216  655.4
1992 07 04  2.222  0.033 1  2.222  655.9
1992 07 05  2.183  0.377 1  2.215  655.5
1992 07 06  2.078  0.698 1  2.192  653.1
1992 07 07  1.914  0.985 1  2.152  647.5
1992 07 08  1.697  1.229 1  2.095  638.0
1992 07 09  1.438  1.423 1  2.023  624.2
1992 07 10  1.147  1.563 2  1.939  606.0
1992 07 11  0.835  1.646 2  1.846  583.8
1992 07 12  0.515  1.670 2  1.748  558.2
1992 07 13  0.199  1.638 2  1.650  530.1
1992 07 14 -0.102  1.554 3  1.557  500.7
1992 07 15 -0.380  1.423 3  1.473  471.2
1992 07 16 -0.624  1.253 3  1.400  443.1
1992 07 17 -0.828  1.053 3  1.339  417.5
1992 07 18 -0.989  0.831 4  1.292  395.7
1992 07 19 -1.103  0.597 4  1.255  378.1
1992 07 20 -1.171  0.363 4  1.226  364.8
1992 07 21 -1.195  0.135 4  1.202  355.3
1992 07 22 -1.177 -0.076 5  1.180  348.4
1992 07 23 -1.125 -0.265 5  1.156  342.8
1992 07 24 -1.044 -0.424 5  1.127  337.0
1992 07 25 -0.942 -0.552 5  1.092  329.8
1992 07 26 -0.827 -0.644 5  1.048  320.2
1992 07 27 -0.707 -0.701 5  0.996  307.3
1992 07 28 -0.590 -0.725 6  0.934  290.9
1992 07 29 -0.482 -0.717 6  0.864  270.9
1992 07 30 -0.388 -0.683 6  0.785  247.7
1992 07 31 -0.314 -0.627 6  0.701  221.9
1992 08 01 -0.261 -0.555 6  0.614  194.5
1992 08 02 -0.231 -0.475 6  0.528  167.1
1992 08 03 -0.222 -0.391 6  0.449  141.7
1992 08 04 -0.234 -0.309 6  0.388  121.1
1992 08 05 -0.262 -0.236 5  0.352  108.3
1992 08 06 -0.301 -0.175 5  0.349  105.3
1992 08 07 -0.348 -0.130 5  0.371  110.7
1992 08 08 -0.394 -0.102 5  0.407  121.0
1992 08 09 -0.436 -0.093 5  0.446  132.2
1992 08 10 -0.468 -0.101 5  0.479  142.0
1992 08 11 -0.485 -0.126 5  0.501  148.8
1992 08 12 -0.483 -0.164 5  0.510  152.0
1992 08 13 -0.460 -0.212 5  0.507  151.9
1992 08 14 -0.415 -0.266 5  0.492  149.3
1992 08 15 -0.347 -0.321 5  0.473  145.5
1992 08 16 -0.259 -0.374 6  0.455  142.5
1992 08 17 -0.153 -0.420 6  0.447  142.4
1992 08 18 -0.034 -0.456 6  0.457  146.9
1992 08 19  0.094 -0.479 7  0.488  156.4
1992 08 20  0.225 -0.487 7  0.536  170.0
1992 08 21  0.353 -0.479 7  0.595  186.1
1992 08 22  0.473 -0.456 8  0.657  202.5
1992 08 23  0.580 -0.418 8  0.715  217.6
1992 08 24  0.668 -0.368 8  0.763  229.9
1992 08 25  0.734 -0.308 8  0.796  238.3
1992 08 26  0.777 -0.241 8  0.813  241.9
1992 08 27  0.793 -0.171 8  0.811  240.5
1992 08 28  0.784 -0.102 8  0.791  233.8
1992 08 29  0.752 -0.038 8  0.753  222.2
1992 08 30  0.698  0.018 1  0.698  206.0
1992 08 31  0.626  0.063 1  0.629  186.0
1992 09 01  0.542  0.095 1  0.550  162.9
1992 09 02  0.451  0.112 1  0.464  137.8
1992 09 03  0.358  0.114 1  0.375  111.8
1992 09 04  0.268  0.102 1  0.287   85.7
1992 09 05  0.188  0.076 1  0.203   60.7
1992 09 06  0.122  0.039 1  0.128   38.3
1992 09 07  0.074 -0.005 8  0.074   22.0
1992 09 08  0.047 -0.054 7  0.072   22.3
1992 09 09  0.042 -0.104 7  0.112   35.6
1992 09 10  0.060 -0.150 7  0.161   51.3
1992 09 11  0.100 -0.188 7  0.213   67.2
1992 09 12  0.160 -0.214 7  0.267   83.5
1992 09 13  0.236 -0.226 8  0.326  100.5
1992 09 14  0.324 -0.219 8  0.391  118.7
1992 09 15  0.418 -0.193 8  0.461  138.2
1992 09 16  0.514 -0.147 8  0.534  158.8
1992 09 17  0.605 -0.079 8  0.610  180.3
1992 09 18  0.685  0.008 1  0.686  202.3
1992 09 19  0.750  0.113 1  0.759  224.4
1992 09 20  0.795  0.234 1  0.828  246.3
1992 09 21  0.815  0.366 1  0.893  267.8
1992 09 22  0.808  0.507 1  0.953  288.7
1992 09 23  0.772  0.650 1  1.009  309.1
1992 09 24  0.707  0.791 2  1.061  329.1
1992 09 25  0.614  0.926 2  1.111  348.7
1992 09 26  0.495  1.050 2  1.161  368.0
1992 09 27  0.353  1.158 2  1.211  386.8
1992 09 28  0.193  1.247 2  1.262  405.0
1992 09 29  0.019  1.313 2  1.313  422.2
1992 09 30 -0.164  1.354 3  1.363  437.9
1992 10 01 -0.348  1.367 3  1.411  451.5
1992 10 02 -0.530  1.353 3  1.453  462.3
1992 10 03 -0.703  1.311 3  1.487  469.8
1992 10 04 -0.862  1.241 3  1.511  473.4
1992 10 05 -1.002  1.146 3  1.523  472.6
1992 10 06 -1.120  1.028 4  1.520  467.4
1992 10 07 -1.212  0.889 4  1.503  457.8
1992 10 08 -1.276  0.733 4  1.471  444.1
1992 10 09 -1.310  0.562 4  1.426  427.0
1992 10 10 -1.316  0.382 4  1.370  407.3
1992 10 11 -1.292  0.196 4  1.307  386.5
1992 10 12 -1.240  0.009 4  1.240  366.0
1992 10 13 -1.162 -0.177 5  1.176  347.8
1992 10 14 -1.062 -0.357 5  1.120  333.7
1992 10 15 -0.941 -0.528 5  1.079  325.4
1992 10 16 -0.803 -0.686 5  1.056  323.8
1992 10 17 -0.652 -0.829 6  1.055  328.9
1992 10 18 -0.492 -0.955 6  1.074  339.6
1992 10 19 -0.327 -1.060 6  1.110  354.4
1992 10 20 -0.161 -1.145 6  1.156  371.2
1992 10 21  0.003 -1.207 7  1.207  388.3
1992 10 22  0.160 -1.247 7  1.257  403.8
1992 10 23  0.308 -1.264 7  1.301  416.5
1992 10 24  0.443 -1.259 7  1.334  425.3
1992 10 25  0.563 -1.232 7  1.354  429.5
1992 10 26  0.665 -1.185 7  1.358  428.5
1992 10 27  0.747 -1.119 7  1.346  422.1
1992 10 28  0.808 -1.038 7  1.315  410.2
1992 10 29  0.846 -0.943 7  1.267  393.0
1992 10 30  0.863 -0.838 8  1.203  370.7
1992 10 31  0.857 -0.724 8  1.122  343.9
1992 11 01  0.830 -0.606 8  1.028  313.2
1992 11 02  0.783 -0.487 8  0.923  279.3
1992 11 03  0.718 -0.370 8  0.808  243.1
1992 11 04  0.638 -0.258 8  0.688  205.7
1992 11 05  0.544 -0.154 8  0.566  168.1
1992 11 06  0.442 -0.061 8  0.446  131.8
1992 11 07  0.333  0.021 1  0.334   98.6
1992 11 08  0.223  0.088 1  0.240   71.7
1992 11 09  0.116  0.140 2  0.182   56.6
1992 11 10  0.015  0.177 2  0.178   57.2
1992 11 11 -0.077  0.200 3  0.214   68.2
1992 11 12 -0.155  0.209 3  0.260   81.3
1992 11 13 -0.217  0.206 4  0.299   92.1
1992 11 14 -0.260  0.193 4  0.324   98.8
1992 11 15 -0.285  0.173 4  0.333  100.7
1992 11 16 -0.289  0.148 4  0.324   97.6
1992 11 17 -0.273  0.122 4  0.299   89.5
1992 11 18 -0.238  0.097 4  0.257   77.0
1992 11 19 -0.187  0.077 4  0.203   60.6
1992 11 20 -0.123  0.064 4  0.139   41.7
1992 11 21 -0.048  0.060 3  0.077   23.9
1992 11 22  0.033  0.066 2  0.074   23.4
1992 11 23  0.116  0.084 1  0.143   43.7
1992 11 24  0.197  0.114 1  0.227   68.7
1992 11 25  0.272  0.154 1  0.313   94.3
1992 11 26  0.336  0.205 1  0.394  119.2
1992 11 27  0.388  0.264 1  0.469  142.5
1992 11 28  0.423  0.329 1  0.536  163.6
1992 11 29  0.440  0.397 1  0.593  182.1
1992 11 30  0.438  0.466 2  0.639  197.8
1992 12 01  0.418  0.531 2  0.676  210.6
1992 12 02  0.378  0.591 2  0.702  220.4
1992 12 03  0.322  0.642 2  0.718  227.2
1992 12 04  0.252  0.681 2  0.726  231.4
1992 12 05  0.169  0.708 2  0.728  233.0
1992 12 06  0.078  0.719 2  0.723  232.4
1992 12 07 -0.019  0.714 3  0.715  229.8
1992 12 08 -0.118  0.694 3  0.703  225.7
1992 12 09 -0.215  0.656 3  0.691  220.4
1992 12 10 -0.308  0.604 3  0.678  214.4
1992 12 11 -0.394  0.537 3  0.666  208.1
1992 12 12 -0.470  0.457 4  0.656  202.2
1992 12 13 -0.535  0.367 4  0.649  197.2
1992 12 14 -0.587  0.268 4  0.646  193.6
1992 12 15 -0.626  0.164 4  0.647  192.1
1992 12 16 -0.651  0.055 4  0.653  192.9
1992 12 17 -0.662 -0.055 5  0.664  196.1
1992 12 18 -0.659 -0.164 5  0.679  201.5
1992 12 19 -0.644 -0.270 5  0.698  208.8
1992 12 20 -0.616 -0.371 5  0.719  217.3
1992 12 21 -0.577 -0.464 5  0.741  226.5
1992 12 22 -0.527 -0.550 6  0.762  235.5
1992 12 23 -0.468 -0.625 6  0.781  243.8
1992 12 24 -0.400 -0.688 6  0.796  250.9
1992 12 25 -0.324 -0.739 6  0.807  256.2
1992 12 26 -0.241 -0.776 6  0.812  259.4
1992 12 27 -0.153 -0.798 6  0.812  260.4
1992 12 28 -0.060 -0.803 6  0.805  258.9
1992 12 29  0.036 -0.792 7  0.793  255.0
1992 12 30  0.133 -0.765 7  0.776  249.0
1992 12 31  0.229 -0.720 7  0.755  241.0
1993 01 01  0.322 -0.657 7  0.732  231.8
1993 01 02  0.409 -0.579 7  0.709  221.9
1993 01 03  0.489 -0.485 8  0.688  212.4
1993 01 04  0.558 -0.376 8  0.673  204.3
1993 01 05  0.613 -0.256 8  0.664  198.7
1993 01 06  0.652 -0.125 8  0.664  196.6
1993 01 07  0.673  0.012 1  0.673  198.6
1993 01 08  0.674  0.154 1  0.691  204.9
1993 01 09  0.653  0.295 1  0.717  214.9
1993 01 10  0.611  0.433 1  0.749  227.9
1993 01 11  0.547  0.563 2  0.785  242.7
1993 01 12  0.463  0.682 2  0.824  258.3
1993 01 13  0.360  0.785 2  0.863  273.8
1993 01 14  0.241  0.869 2  0.902  288.4
1993 01 15  0.110  0.932 2  0.938  301.3
1993 01 16 -0.029  0.970 3  0.971  312.1
1993 01 17 -0.171  0.983 3  0.998  320.1
1993 01 18 -0.311  0.970 3  1.019  325.1
1993 01 19 -0.445  0.931 3  1.031  326.7
1993 01 20 -0.565  0.867 3  1.035  324.8
1993 01 21 -0.669  0.780 3  1.028  319.3
1993 01 22 -0.752  0.674 4  1.010  310.2
1993 01 23 -0.810  0.552 4  0.980  297.8
1993 01 24 -0.842  0.418 4  0.940  282.5
1993 01 25 -0.845  0.278 4  0.889  264.9
1993 01 26 -0.820  0.135 4  0.831  245.8
1993 01 27 -0.767 -0.005 5  0.767  226.5
1993 01 28 -0.690 -0.137 5  0.704  208.4
1993 01 29 -0.592 -0.257 5  0.645  193.2
1993 01 30 -0.475 -0.363 5  0.598  182.5
1993 01 31 -0.347 -0.450 6  0.568  177.3
1993 02 01 -0.211 -0.517 6  0.559  177.7
1993 02 02 -0.074 -0.564 6  0.569  182.7
1993 02 03  0.060 -0.590 7  0.593  190.5
1993 02 04  0.185 -0.596 7  0.624  199.3
1993 02 05  0.297 -0.584 7  0.655  207.3
1993 02 06  0.392 -0.557 7  0.681  213.1
1993 02 07  0.468 -0.517 7  0.697  216.1
1993 02 08  0.522 -0.468 8  0.701  215.5
1993 02 09  0.555 -0.414 8  0.693  211.2
1993 02 10  0.567 -0.359 8  0.671  203.3
1993 02 11  0.559 -0.306 8  0.637  192.0
1993 02 12  0.533 -0.258 8  0.592  177.9
1993 02 13  0.494 -0.217 8  0.539  161.5
1993 02 14  0.444 -0.185 8  0.481  143.9
1993 02 15  0.387 -0.164 8  0.420  125.8
1993 02 16  0.327 -0.154 8  0.362  108.5
1993 02 17  0.268 -0.154 8  0.309   93.4
1993 02 18  0.214 -0.163 8  0.269   82.1
1993 02 19  0.166 -0.180 7  0.245   75.9
1993 02 20  0.127 -0.203 7  0.240   75.3
1993 02 21  0.099 -0.229 7  0.249   79.1
1993 02 22  0.081 -0.255 7  0.267   85.3
1993 02 23  0.073 -0.278 7  0.288   92.0
1993 02 24  0.074 -0.297 7  0.306   98.0
1993 02 25  0.083 -0.309 7  0.320  102.3
1993 02 26  0.098 -0.311 7  0.326  104.2
1993 02 27  0.115 -0.304 7  0.325  103.5
1993 02 28  0.132 -0.286 7  0.315   99.8
1993 03 01  0.147 -0.256 7  0.295   93.1
1993 03 02  0.157 -0.217 7  0.267   83.6
1993 03 03  0.160 -0.167 7  0.231   71.5
1993 03 04  0.154 -0.110 8  0.189   57.6
1993 03 05  0.139 -0.047 8  0.147   43.8
1993 03 06  0.115  0.020 1  0.117   34.7
1993 03 07  0.082  0.089 2  0.121   37.4
1993 03 08  0.041  0.156 2  0.161   51.6
1993 03 09 -0.006  0.220 3  0.220   70.8
1993 03 10 -0.058  0.279 3  0.285   91.3
1993 03 11 -0.111  0.331 3  0.349  111.3
1993 03 12 -0.164  0.374 3  0.408  129.6
1993 03 13 -0.212  0.408 3  0.460  145.4
1993 03 14 -0.255  0.432 3  0.502  158.0
1993 03 15 -0.289  0.447 3  0.532  167.0
1993 03 16 -0.312  0.452 3  0.549  172.1
1993 03 17 -0.324  0.449 3  0.554  173.1
1993 03 18 -0.324  0.438 3  0.545  170.2
1993 03 19 -0.312  0.421 3  0.524  163.7
1993 03 20 -0.288  0.399 3  0.492  154.0
1993 03 21 -0.253  0.374 3  0.452  141.7
1993 03 22 -0.210  0.347 3  0.406  127.8
1993 03 23 -0.161  0.319 3  0.357  113.1
1993 03 24 -0.109  0.290 3  0.310   98.7
1993 03 25 -0.055  0.262 3  0.268   85.7
1993 03 26 -0.003  0.234 3  0.234   75.2
1993 03 27  0.044  0.206 2  0.211   67.6
1993 03 28  0.085  0.179 2  0.198   62.7
1993 03 29  0.116  0.151 2  0.190   59.4
1993 03 30  0.138  0.121 1  0.183   56.2
1993 03 31  0.147  0.089 1  0.172   52.1
1993 04 01  0.146  0.054 1  0.156   46.5
1993 04 02  0.133  0.015 1  0.134   39.7
1993 04 03  0.111 -0.028 8  0.114   33.9
1993 04 04  0.080 -0.076 8  0.110   33.9
1993 04 05  0.042 -0.129 7  0.136   43.4
1993 04 06  0.000 -0.187 7  0.187   60.3
1993 04 07 -0.043 -0.249 6  0.253   81.1
1993 04 08 -0.084 -0.314 6  0.325  104.0
1993 04 09 -0.122 -0.380 6  0.399  127.4
1993 04 10 -0.152 -0.446 6  0.471  150.2
1993 04 11 -0.174 -0.508 6  0.537  171.3
1993 04 12 -0.185 -0.566 6  0.595  190.0
1993 04 13 -0.183 -0.616 6  0.643  205.4
1993 04 14 -0.169 -0.656 6  0.678  216.8
1993 04 15 -0.143 -0.684 6  0.698  223.9
1993 04 16 -0.104 -0.697 6  0.705  226.2
1993 04 17 -0.054 -0.694 6  0.696  223.7
1993 04 18  0.004 -0.673 7  0.673  216.5
1993 04 19  0.068 -0.635 7  0.639  205.2
1993 04 20  0.136 -0.579 7  0.595  190.5
1993 04 21  0.204 -0.506 7  0.546  173.5
1993 04 22  0.269 -0.418 7  0.497  156.0
1993 04 23  0.327 -0.316 8  0.455  140.2
1993 04 24  0.376 -0.205 8  0.428  129.1
1993 04 25  0.413 -0.086 8  0.422  125.1
1993 04 26  0.436  0.035 1  0.438  129.3
1993 04 27  0.444  0.154 1  0.470  140.1
1993 04 28  0.436  0.267 1  0.511  154.8
1993 04 29  0.412  0.371 1  0.554  170.3
1993 04 30  0.373  0.460 2  0.593  184.5
1993 05 01  0.322  0.532 2  0.622  195.7
1993 05 02  0.260  0.584 2  0.639  202.7
1993 05 03  0.191  0.613 2  0.642  205.0
1993 05 04  0.118  0.619 2  0.630  202.0
1993 05 05  0.047  0.601 2  0.603  193.7
1993 05 06 -0.020  0.561 3  0.561  180.4
1993 05 07 -0.079  0.500 3  0.506  162.4
1993 05 08 -0.124  0.422 3  0.440  140.6
1993 05 09 -0.155  0.331 3  0.365  115.7
1993 05 10 -0.167  0.231 3  0.284   89.0
1993 05 11 -0.159  0.127 4  0.204   62.2
1993 05 12 -0.131  0.027 4  0.133   39.5
1993 05 13 -0.083 -0.066 5  0.106   32.4
1993 05 14 -0.017 -0.145 6  0.146   46.9
1993 05 15  0.065 -0.205 7  0.215   68.8
1993 05 16  0.158 -0.243 7  0.289   90.9
1993 05 17  0.258 -0.253 8  0.361  111.4
1993 05 18  0.358 -0.235 8  0.429  130.1
1993 05 19  0.455 -0.188 8  0.492  147.2
1993 05 20  0.540 -0.112 8  0.551  163.3
1993 05 21  0.608 -0.009 8  0.608  179.4
1993 05 22  0.653  0.116 1  0.663  196.3
1993 05 23  0.670  0.261 1  0.719  214.8
1993 05 24  0.656  0.417 1  0.777  235.4
1993 05 25  0.607  0.578 1  0.838  258.1
1993 05 26  0.522  0.737 2  0.903  282.6
1993 05 27  0.402  0.885 2  0.972  308.4
1993 05 28  0.250  1.015 2  1.045  334.6
1993 05 29  0.068  1.119 2  1.121  360.4
1993 05 30 -0.137  1.190 3  1.198  384.9
1993 05 31 -0.359  1.223 3  1.275  407.4
1993 06 01 -0.589  1.214 3  1.350  427.5
1993 06 02 -0.819  1.161 3  1.421  444.7
1993 06 03 -1.038  1.062 3  1.485  458.9
1993 06 04 -1.238  0.920 4  1.542  470.1
1993 06 05 -1.408  0.737 4  1.590  478.5
1993 06 06 -1.541  0.519 4  1.626  484.6
1993 06 07 -1.629  0.274 4  1.652  488.8
1993 06 08 -1.666  0.009 4  1.666  491.8
1993 06 09 -1.649 -0.266 5  1.670  494.1
1993 06 10 -1.575 -0.541 5  1.666  496.5
1993 06 11 -1.447 -0.805 5  1.656  499.4
1993 06 12 -1.266 -1.048 5  1.643  503.2
1993 06 13 -1.038 -1.261 6  1.633  508.2
1993 06 14 -0.771 -1.434 6  1.629  514.4
1993 06 15 -0.474 -1.562 6  1.632  521.5
1993 06 16 -0.158 -1.639 6  1.646  529.0
1993 06 17  0.165 -1.661 7  1.669  536.4
1993 06 18  0.483 -1.629 7  1.699  542.9
1993 06 19  0.785 -1.544 7  1.732  547.8
1993 06 20  1.058 -1.408 7  1.762  550.2
1993 06 21  1.293 -1.230 8  1.784  549.5
1993 06 22  1.480 -1.014 8  1.794  545.1
1993 06 23  1.612 -0.772 8  1.787  536.7
1993 06 24  1.687 -0.512 8  1.763  524.3
1993 06 25  1.701 -0.244 8  1.718  508.1
1993 06 26  1.655  0.020 1  1.656  488.7
1993 06 27  1.554  0.270 1  1.577  466.8
1993 06 28  1.402  0.498 1  1.488  443.8
1993 06 29  1.207  0.696 1  1.394  420.8
1993 06 30  0.979  0.858 1  1.302  399.5
1993 07 01  0.728  0.978 2  1.220  381.1
1993 07 02  0.466  1.057 2  1.155  366.5
1993 07 03  0.202  1.092 2  1.110  356.1
1993 07 04 -0.050  1.086 3  1.087  349.4
1993 07 05 -0.283  1.042 3  1.080  345.4
1993 07 06 -0.486  0.966 3  1.082  342.4
1993 07 07 -0.655  0.865 3  1.085  338.8
1993 07 08 -0.784  0.745 4  1.081  333.1
1993 07 09 -0.871  0.615 4  1.066  324.2
1993 07 10 -0.916  0.481 4  1.034  311.4
1993 07 11 -0.921  0.352 4  0.986  294.4
1993 07 12 -0.891  0.234 4  0.921  273.4
1993 07 13 -0.831  0.131 4  0.841  248.9
1993 07 14 -0.749  0.049 4  0.750  221.5
1993 07 15 -0.652 -0.011 5  0.652  192.4
1993 07 16 -0.549 -0.049 5  0.551  162.7
1993 07 17 -0.448 -0.064 5  0.452  133.7
1993 07 18 -0.356 -0.059 5  0.361  106.7
1993 07 19 -0.280 -0.039 5  0.282   83.4
1993 07 20 -0.224 -0.007 5  0.224   66.2
1993 07 21 -0.193  0.030 4  0.195   57.8
1993 07 22 -0.188  0.068 4  0.199   59.5
1993 07 23 -0.208  0.099 4  0.230   69.1
1993 07 24 -0.251  0.119 4  0.278   83.4
1993 07 25 -0.314  0.123 4  0.337  100.7
1993 07 26 -0.391  0.108 4  0.405  120.4
1993 07 27 -0.476  0.070 4  0.481  142.3
1993 07 28 -0.562  0.010 4  0.562  166.0
1993 07 29 -0.643 -0.073 5  0.647  191.1
1993 07 30 -0.710 -0.177 5  0.731  217.1
1993 07 31 -0.757 -0.298 5  0.814  243.2
1993 08 01 -0.780 -0.432 5  0.892  268.9
1993 08 02 -0.773 -0.574 5  0.963  293.6
1993 08 03 -0.734 -0.719 5  1.027  316.8
1993 08 04 -0.661 -0.858 6  1.084  338.1
1993 08 05 -0.556 -0.987 6  1.133  357.5
1993 08 06 -0.420 -1.100 6  1.177  374.8
1993 08 07 -0.258 -1.189 6  1.217  390.0
1993 08 08 -0.074 -1.252 6  1.255  403.3
1993 08 09  0.125 -1.285 7  1.291  414.8
1993 08 10  0.332 -1.284 7  1.327  424.5
1993 08 11  0.539 -1.251 7  1.362  432.5
1993 08 12  0.739 -1.183 7  1.395  438.6
1993 08 13  0.924 -1.085 7  1.425  442.8
1993 08 14  1.087 -0.958 8  1.449  444.8
1993 08 15  1.223 -0.806 8  1.465  444.4
1993 08 16  1.326 -0.636 8  1.471  441.6
1993 08 17  1.394 -0.451 8  1.465  436.2
1993 08 18  1.423 -0.260 8  1.447  428.4
1993 08 19  1.415 -0.066 8  1.417  418.2
1993 08 20  1.370  0.122 1  1.375  406.2
1993 08 21  1.290  0.300 1  1.324  392.7
1993 08 22  1.179  0.463 1  1.266  378.5
1993 08 23  1.042  0.606 1  1.205  364.1
1993 08 24  0.884  0.726 1  1.144  350.2
1993 08 25  0.713  0.820 2  1.087  337.4
1993 08 26  0.533  0.888 2  1.036  326.0
1993 08 27  0.352  0.928 2  0.993  316.1
1993 08 28  0.176  0.943 2  0.959  307.5
1993 08 29  0.009  0.933 2  0.933  299.9
1993 08 30 -0.142  0.901 3  0.912  292.7
1993 08 31 -0.275  0.850 3  0.894  285.2
1993 09 01 -0.386  0.785 3  0.875  277.0
1993 09 02 -0.474  0.708 3  0.852  267.3
1993 09 03 -0.538  0.625 3  0.824  256.0
1993 09 04 -0.577  0.538 4  0.789  242.9
1993 09 05 -0.595  0.452 4  0.747  227.9
1993 09 06 -0.592  0.369 4  0.697  211.1
1993 09 07 -0.570  0.292 4  0.641  192.8
1993 09 08 -0.535  0.224 4  0.579  173.4
1993 09 09 -0.487  0.165 4  0.514  153.2
1993 09 10 -0.432  0.116 4  0.447  132.8
1993 09 11 -0.371  0.078 4  0.379  112.4
1993 09 12 -0.309  0.049 4  0.313   92.5
1993 09 13 -0.247  0.030 4  0.249   73.5
1993 09 14 -0.187  0.019 4  0.188   55.7
1993 09 15 -0.132  0.014 4  0.133   39.2
1993 09 16 -0.081  0.014 4  0.082   24.3
1993 09 17 -0.035  0.018 4  0.039   11.9
1993 09 18  0.005  0.023 2  0.024    7.6
1993 09 19  0.041  0.030 1  0.051   15.5
1993 09 20  0.073  0.037 1  0.082   24.6
1993 09 21  0.102  0.043 1  0.111   33.1
1993 09 22  0.128  0.048 1  0.137   40.9
1993 09 23  0.152  0.053 1  0.161   48.1
1993 09 24  0.175  0.057 1  0.184   54.7
1993 09 25  0.195  0.062 1  0.204   60.9
1993 09 26  0.213  0.066 1  0.223   66.3
1993 09 27  0.227  0.071 1  0.238   71.0
1993 09 28  0.238  0.078 1  0.250   74.4
1993 09 29  0.242  0.085 1  0.256   76.4
1993 09 30  0.239  0.092 1  0.256   76.4
1993 10 01  0.226  0.099 1  0.247   74.1
1993 10 02  0.204  0.106 1  0.230   69.1
1993 10 03  0.170  0.109 1  0.202   61.2
1993 10 04  0.124  0.109 1  0.165   50.5
1993 10 05  0.066  0.102 2  0.122   38.2
1993 10 06 -0.002  0.088 3  0.088   28.2
1993 10 07 -0.080  0.064 4  0.102   31.3
1993 10 08 -0.165  0.029 4  0.167   49.5
1993 10 09 -0.253 -0.018 5  0.254   74.9
1993 10 10 -0.341 -0.078 5  0.350  103.7
1993 10 11 -0.424 -0.150 5  0.450  134.1
1993 10 12 -0.499 -0.233 5  0.550  165.1
1993 10 13 -0.559 -0.326 5  0.647  195.6
1993 10 14 -0.602 -0.426 5  0.738  224.5
1993 10 15 -0.624 -0.531 5  0.819  251.1
1993 10 16 -0.621 -0.635 6  0.888  274.5
1993 10 17 -0.593 -0.735 6  0.944  294.1
1993 10 18 -0.537 -0.826 6  0.985  309.3
1993 10 19 -0.455 -0.903 6  1.011  320.0
1993 10 20 -0.349 -0.962 6  1.023  326.1
1993 10 21 -0.222 -0.998 6  1.023  327.6
1993 10 22 -0.078 -1.009 6  1.012  325.1
1993 10 23  0.078 -0.990 7  0.993  319.2
1993 10 24  0.238 -0.942 7  0.971  310.8
1993 10 25  0.396 -0.863 7  0.949  301.0
1993 10 26  0.545 -0.754 7  0.931  291.0
1993 10 27  0.679 -0.618 8  0.919  282.4
1993 10 28  0.792 -0.459 8  0.915  276.3
1993 10 29  0.877 -0.280 8  0.921  274.1
1993 10 30  0.931 -0.088 8  0.935  276.3
1993 10 31  0.951  0.112 1  0.958  283.1
1993 11 01  0.936  0.312 1  0.987  294.1
1993 11 02  0.887  0.506 1  1.021  308.2
1993 11 03  0.804  0.688 1  1.058  324.3
1993 11 04  0.692  0.850 2  1.096  341.2
1993 11 05  0.555  0.988 2  1.133  357.4
1993 11 06  0.400  1.097 2  1.168  372.0
1993 11 07  0.233  1.174 2  1.197  383.8
1993 11 08  0.061  1.218 2  1.219  392.0
1993 11 09 -0.108  1.227 3  1.232  395.8
1993 11 10 -0.268  1.203 3  1.232  394.8
1993 11 11 -0.412  1.148 3  1.219  388.6
1993 11 12 -0.535  1.065 3  1.192  377.1
1993 11 13 -0.632  0.958 3  1.148  360.3
1993 11 14 -0.701  0.834 3  1.090  338.8
1993 11 15 -0.741  0.696 4  1.017  312.9
1993 11 16 -0.750  0.552 4  0.931  283.6
1993 11 17 -0.731  0.405 4  0.835  252.0
1993 11 18 -0.685  0.263 4  0.734  219.2
1993 11 19 -0.617  0.129 4  0.631  186.8
1993 11 20 -0.531  0.008 4  0.531  156.8
1993 11 21 -0.432 -0.098 5  0.443  131.4
1993 11 22 -0.325 -0.186 5  0.374  113.0
1993 11 23 -0.215 -0.254 6  0.333  103.4
1993 11 24 -0.108 -0.302 6  0.321  102.2
1993 11 25 -0.006 -0.331 6  0.332  106.6
1993 11 26  0.085 -0.343 7  0.353  113.0
1993 11 27  0.163 -0.338 7  0.375  118.9
1993 11 28  0.227 -0.319 7  0.392  122.6
1993 11 29  0.274 -0.289 7  0.399  123.4
1993 11 30  0.306 -0.251 8  0.396  121.1
1993 12 01  0.322 -0.207 8  0.383  116.1
1993 12 02  0.324 -0.159 8  0.361  108.6
1993 12 03  0.314 -0.110 8  0.333   99.3
1993 12 04  0.293 -0.063 8  0.300   88.9
1993 12 05  0.264 -0.018 8  0.265   78.2
1993 12 06  0.229  0.022 1  0.230   67.8
1993 12 07  0.189  0.058 1  0.197   58.7
1993 12 08  0.146  0.088 1  0.170   51.5
1993 12 09  0.102  0.111 2  0.150   46.6
1993 12 10  0.057  0.127 2  0.139   44.2
1993 12 11  0.012  0.136 2  0.137   44.0
1993 12 12 -0.032  0.138 3  0.142   45.4
1993 12 13 -0.075  0.132 3  0.152   47.9
1993 12 14 -0.118  0.118 4  0.167   51.6
1993 12 15 -0.161  0.096 4  0.187   56.6
1993 12 16 -0.203  0.065 4  0.213   63.4
1993 12 17 -0.243  0.026 4  0.245   72.3
1993 12 18 -0.282 -0.022 5  0.283   83.6
1993 12 19 -0.318 -0.078 5  0.328   97.2
1993 12 20 -0.351 -0.141 5  0.378  113.0
1993 12 21 -0.377 -0.211 5  0.433  130.5
1993 12 22 -0.397 -0.287 5  0.490  149.1
1993 12 23 -0.408 -0.365 5  0.548  168.3
1993 12 24 -0.408 -0.446 6  0.604  187.2
1993 12 25 -0.397 -0.524 6  0.658  205.3
1993 12 26 -0.372 -0.599 6  0.705  221.7
1993 12 27 -0.333 -0.667 6  0.745  235.9
1993 12 28 -0.280 -0.724 6  0.776  247.1
1993 12 29 -0.214 -0.768 6  0.797  255.0
1993 12 30 -0.137 -0.796 6  0.808  259.1
1993 12 31 -0.050 -0.805 6  0.807  259.4
1994 01 01  0.044 -0.795 7  0.796  255.9
1994 01 02  0.142 -0.763 7  0.776  248.9
1994 01 03  0.239 -0.710 7  0.749  238.9
1994 01 04  0.331 -0.636 7  0.717  226.6
1994 01 05  0.415 -0.543 7  0.683  213.3
1994 01 06  0.486 -0.434 8  0.651  200.1
1994 01 07  0.541 -0.311 8  0.624  188.5
1994 01 08  0.577 -0.180 8  0.605  180.0
1994 01 09  0.593 -0.043 8  0.595  175.6
1994 01 10  0.587  0.093 1  0.594  175.8
1994 01 11  0.559  0.224 1  0.602  179.9
1994 01 12  0.510  0.345 1  0.615  186.9
1994 01 13  0.442  0.451 2  0.632  195.1
1994 01 14  0.359  0.540 2  0.648  203.3
1994 01 15  0.264  0.607 2  0.662  210.2
1994 01 16  0.162  0.651 2  0.671  214.8
1994 01 17  0.057  0.671 2  0.674  216.5
1994 01 18 -0.045  0.667 3  0.669  214.9
1994 01 19 -0.140  0.640 3  0.655  209.9
1994 01 20 -0.224  0.592 3  0.632  201.4
1994 01 21 -0.291  0.526 3  0.601  189.6
1994 01 22 -0.341  0.445 3  0.561  175.0
1994 01 23 -0.370  0.355 4  0.513  158.0
1994 01 24 -0.378  0.260 4  0.458  139.3
1994 01 25 -0.364  0.163 4  0.399  119.7
1994 01 26 -0.331  0.071 4  0.339  100.4
1994 01 27 -0.280 -0.014 5  0.281   82.9
1994 01 28 -0.215 -0.088 5  0.232   69.5
1994 01 29 -0.139 -0.147 6  0.202   62.6
1994 01 30 -0.057 -0.190 6  0.198   63.4
1994 01 31  0.028 -0.216 7  0.218   69.9
1994 02 01  0.109 -0.224 7  0.249   79.0
1994 02 02  0.184 -0.216 7  0.284   88.2
1994 02 03  0.248 -0.192 8  0.314   95.9
1994 02 04  0.298 -0.155 8  0.336  101.3
1994 02 05  0.332 -0.108 8  0.349  103.9
1994 02 06  0.347 -0.054 8  0.351  103.8
1994 02 07  0.342  0.004 1  0.342  101.0
1994 02 08  0.319  0.063 1  0.325   96.2
1994 02 09  0.277  0.118 1  0.301   90.3
1994 02 10  0.220  0.168 1  0.276   84.4
1994 02 11  0.148  0.209 2  0.256   80.2
1994 02 12  0.067  0.239 2  0.249   79.5
1994 02 13 -0.021  0.258 3  0.259   83.2
1994 02 14 -0.112  0.264 3  0.286   91.0
1994 02 15 -0.202  0.256 3  0.326  101.6
1994 02 16 -0.286  0.236 4  0.371  113.6
1994 02 17 -0.361  0.206 4  0.415  125.3
1994 02 18 -0.423  0.165 4  0.454  135.7
1994 02 19 -0.470  0.118 4  0.485  143.8
1994 02 20 -0.499  0.065 4  0.504  148.9
1994 02 21 -0.510  0.011 4  0.510  150.4
1994 02 22 -0.500 -0.042 5  0.502  148.2
1994 02 23 -0.471 -0.092 5  0.480  142.1
1994 02 24 -0.423 -0.136 5  0.444  132.2
1994 02 25 -0.358 -0.171 5  0.396  119.0
1994 02 26 -0.278 -0.195 5  0.340  103.4
1994 02 27 -0.187 -0.208 6  0.280   86.7
1994 02 28 -0.088 -0.208 6  0.226   71.7
1994 03 01  0.015 -0.194 7  0.195   62.7
1994 03 02  0.118 -0.168 7  0.205   64.3
1994 03 03  0.216 -0.130 8  0.253   76.4
1994 03 04  0.307 -0.082 8  0.318   94.4
1994 03 05  0.386 -0.025 8  0.387  114.1
1994 03 06  0.449  0.039 1  0.451  133.2
1994 03 07  0.495  0.105 1  0.506  150.0
1994 03 08  0.521  0.173 1  0.549  163.5
1994 03 09  0.526  0.238 1  0.577  173.1
1994 03 10  0.510  0.298 1  0.590  178.3
1994 03 11  0.473  0.349 1  0.588  179.2
1994 03 12  0.417  0.390 1  0.571  175.8
1994 03 13  0.344  0.419 2  0.542  168.6
1994 03 14  0.257  0.433 2  0.503  158.5
1994 03 15  0.160  0.431 2  0.460  146.4
1994 03 16  0.056  0.414 2  0.417  134.1
1994 03 17 -0.049  0.381 3  0.384  123.3
1994 03 18 -0.153  0.333 3  0.366  116.1
1994 03 19 -0.250  0.271 3  0.369  114.2
1994 03 20 -0.336  0.199 4  0.391  118.0
1994 03 21 -0.409  0.117 4  0.425  126.4
1994 03 22 -0.464  0.029 4  0.465  137.4
1994 03 23 -0.501 -0.062 5  0.505  149.1
1994 03 24 -0.517 -0.152 5  0.539  160.2
1994 03 25 -0.512 -0.239 5  0.565  169.7
1994 03 26 -0.487 -0.320 5  0.583  176.9
1994 03 27 -0.443 -0.392 5  0.592  181.6
1994 03 28 -0.382 -0.452 6  0.592  184.0
1994 03 29 -0.306 -0.499 6  0.585  184.1
1994 03 30 -0.220 -0.531 6  0.574  182.5
1994 03 31 -0.126 -0.547 6  0.561  179.7
1994 04 01 -0.028 -0.547 6  0.548  176.2
1994 04 02  0.069 -0.532 7  0.537  172.4
1994 04 03  0.162 -0.503 7  0.528  168.7
1994 04 04  0.248 -0.460 7  0.523  165.2
1994 04 05  0.323 -0.407 7  0.520  161.9
1994 04 06  0.386 -0.344 8  0.517  158.7
1994 04 07  0.433 -0.274 8  0.512  155.2
1994 04 08  0.464 -0.200 8  0.506  151.4
1994 04 09  0.479 -0.123 8  0.495  147.0
1994 04 10  0.478 -0.047 8  0.481  142.0
1994 04 11  0.462  0.027 1  0.463  136.7
1994 04 12  0.432  0.098 1  0.443  131.4
1994 04 13  0.390  0.163 1  0.423  126.5
1994 04 14  0.339  0.221 1  0.405  122.7
1994 04 15  0.280  0.273 1  0.391  120.4
1994 04 16  0.216  0.316 2  0.383  120.0
1994 04 17  0.150  0.351 2  0.382  121.3
1994 04 18  0.083  0.379 2  0.388  124.3
1994 04 19  0.018  0.398 2  0.399  128.2
1994 04 20 -0.044  0.410 3  0.413  132.6
1994 04 21 -0.102  0.415 3  0.427  136.8
1994 04 22 -0.154  0.413 3  0.441  140.4
1994 04 23 -0.201  0.404 3  0.452  143.0
1994 04 24 -0.243  0.389 3  0.459  144.2
1994 04 25 -0.279  0.367 3  0.461  144.0
1994 04 26 -0.309  0.339 3  0.459  142.2
1994 04 27 -0.335  0.304 4  0.452  139.1
1994 04 28 -0.356  0.262 4  0.442  134.7
1994 04 29 -0.373  0.213 4  0.429  129.5
1994 04 30 -0.385  0.156 4  0.415  124.1
1994 05 01 -0.392  0.092 4  0.403  119.4
1994 05 02 -0.394  0.020 4  0.395  116.5
1994 05 03 -0.390 -0.058 5  0.394  116.7
1994 05 04 -0.379 -0.142 5  0.405  120.8
1994 05 05 -0.360 -0.230 5  0.427  129.4
1994 05 06 -0.331 -0.321 5  0.461  142.1
1994 05 07 -0.291 -0.412 6  0.504  157.9
1994 05 08 -0.239 -0.500 6  0.555  175.7
1994 05 09 -0.175 -0.583 6  0.609  194.6
1994 05 10 -0.097 -0.658 6  0.665  213.5
1994 05 11 -0.006 -0.720 6  0.720  231.5
1994 05 12  0.098 -0.767 7  0.773  248.2
1994 05 13  0.212 -0.794 7  0.822  263.0
1994 05 14  0.336 -0.800 7  0.868  275.8
1994 05 15  0.465 -0.783 7  0.910  286.6
1994 05 16  0.596 -0.739 7  0.950  295.7
1994 05 17  0.725 -0.669 8  0.987  303.5
1994 05 18  0.847 -0.573 8  1.023  310.7
1994 05 19  0.958 -0.452 8  1.059  318.0
1994 05 20  1.052 -0.308 8  1.096  326.0
1994 05 21  1.125 -0.144 8  1.134  335.2
1994 05 22  1.172  0.036 1  1.172  346.0
1994 05 23  1.189  0.225 1  1.210  358.3
1994 05 24  1.174  0.420 1  1.246  371.8
1994 05 25  1.124  0.612 1  1.280  385.8
1994 05 26  1.039  0.797 1  1.310  399.8
1994 05 27  0.921  0.968 2  1.336  413.1
1994 05 28  0.770  1.117 2  1.357  425.1
1994 05 29  0.590  1.241 2  1.374  435.3
1994 05 30  0.386  1.333 2  1.388  443.5
1994 05 31  0.164  1.390 2  1.400  449.7
1994 06 01 -0.070  1.410 3  1.412  454.0
1994 06 02 -0.308  1.392 3  1.425  456.7
1994 06 03 -0.543  1.334 3  1.440  458.0
1994 06 04 -0.766  1.240 3  1.458  458.4
1994 06 05 -0.970  1.113 3  1.476  458.2
1994 06 06 -1.147  0.956 4  1.493  457.3
1994 06 07 -1.293  0.775 4  1.507  455.8
1994 06 08 -1.402  0.577 4  1.515  453.3
1994 06 09 -1.469  0.368 4  1.514  449.5
1994 06 10 -1.494  0.157 4  1.502  443.7
1994 06 11 -1.475 -0.050 5  1.475  435.6
1994 06 12 -1.413 -0.245 5  1.434  424.5
1994 06 13 -1.312 -0.421 5  1.378  410.3
1994 06 14 -1.176 -0.572 5  1.308  392.9
1994 06 15 -1.010 -0.695 5  1.226  372.6
1994 06 16 -0.821 -0.785 5  1.135  349.8
1994 06 17 -0.616 -0.840 6  1.041  325.5
1994 06 18 -0.403 -0.859 6  0.949  300.8
1994 06 19 -0.190 -0.844 6  0.865  277.3
1994 06 20  0.015 -0.797 7  0.797  256.4
1994 06 21  0.205 -0.721 7  0.750  239.8
1994 06 22  0.374 -0.621 7  0.725  228.2
1994 06 23  0.515 -0.503 8  0.719  221.8
1994 06 24  0.625 -0.372 8  0.727  219.7
1994 06 25  0.700 -0.234 8  0.739  220.1
1994 06 26  0.741 -0.097 8  0.747  220.9
1994 06 27  0.746  0.033 1  0.747  220.5
1994 06 28  0.718  0.151 1  0.733  217.3
1994 06 29  0.658  0.251 1  0.704  210.4
1994 06 30  0.572  0.330 1  0.660  199.3
1994 07 01  0.464  0.384 1  0.602  184.3
1994 07 02  0.339  0.412 2  0.533  166.0
1994 07 03  0.204  0.412 2  0.460  145.6
1994 07 04  0.064  0.386 2  0.391  125.6
1994 07 05 -0.074  0.334 3  0.342  109.7
1994 07 06 -0.204  0.260 3  0.331  103.1
1994 07 07 -0.323  0.166 4  0.363  109.2
1994 07 08 -0.425  0.056 4  0.429  126.7
1994 07 09 -0.507 -0.065 5  0.511  151.2
1994 07 10 -0.567 -0.193 5  0.599  178.5
1994 07 11 -0.604 -0.323 5  0.685  206.2
1994 07 12 -0.616 -0.450 5  0.763  232.5
1994 07 13 -0.605 -0.572 5  0.833  256.4
1994 07 14 -0.573 -0.683 6  0.891  277.1
1994 07 15 -0.520 -0.781 6  0.938  294.3
1994 07 16 -0.450 -0.863 6  0.974  307.8
1994 07 17 -0.367 -0.928 6  0.998  317.5
1994 07 18 -0.272 -0.974 6  1.012  323.5
1994 07 19 -0.170 -1.001 6  1.016  325.9
1994 07 20 -0.064 -1.009 6  1.012  325.2
1994 07 21  0.043 -0.999 7  1.000  321.5
1994 07 22  0.150 -0.971 7  0.982  315.2
1994 07 23  0.252 -0.926 7  0.960  306.9
1994 07 24  0.350 -0.866 7  0.934  296.9
1994 07 25  0.440 -0.792 7  0.906  285.9
1994 07 26  0.523 -0.705 7  0.878  274.4
1994 07 27  0.598 -0.608 7  0.853  263.4
1994 07 28  0.664 -0.501 8  0.831  253.6
1994 07 29  0.720 -0.385 8  0.817  246.1
1994 07 30  0.767 -0.263 8  0.811  241.8
1994 07 31  0.805 -0.134 8  0.816  241.6
1994 08 01  0.834  0.000 1  0.834  246.1
1994 08 02  0.852  0.138 1  0.863  255.4
1994 08 03  0.860  0.278 1  0.904  269.1
1994 08 04  0.857  0.418 1  0.954  286.5
1994 08 05  0.843  0.557 1  1.011  306.6
1994 08 06  0.817  0.692 1  1.071  328.3
1994 08 07  0.779  0.822 2  1.132  350.4
1994 08 08  0.727  0.944 2  1.192  371.8
1994 08 09  0.663  1.055 2  1.246  391.6
1994 08 10  0.585  1.152 2  1.292  408.8
1994 08 11  0.495  1.233 2  1.329  422.6
1994 08 12  0.393  1.296 2  1.354  432.5
1994 08 13  0.280  1.338 2  1.367  438.0
1994 08 14  0.158  1.357 2  1.366  438.8
1994 08 15  0.029  1.352 2  1.352  434.9
1994 08 16 -0.105  1.323 3  1.327  426.6
1994 08 17 -0.241  1.270 3  1.292  414.4
1994 08 18 -0.377  1.192 3  1.251  399.3
1994 08 19 -0.510  1.093 3  1.206  382.3
1994 08 20 -0.637  0.973 3  1.163  365.1
1994 08 21 -0.756  0.836 3  1.127  349.4
1994 08 22 -0.864  0.685 4  1.103  337.1
1994 08 23 -0.960  0.524 4  1.094  329.6
1994 08 24 -1.042  0.356 4  1.101  328.1
1994 08 25 -1.109  0.185 4  1.124  332.7
1994 08 26 -1.161  0.016 4  1.161  342.6
1994 08 27 -1.197 -0.148 5  1.206  356.4
1994 08 28 -1.218 -0.303 5  1.255  372.4
1994 08 29 -1.224 -0.448 5  1.303  388.9
1994 08 30 -1.217 -0.578 5  1.347  404.4
1994 08 31 -1.197 -0.693 5  1.383  417.8
1994 09 01 -1.166 -0.793 5  1.410  428.3
1994 09 02 -1.125 -0.876 5  1.425  435.3
1994 09 03 -1.074 -0.943 5  1.429  438.7
1994 09 04 -1.016 -0.995 5  1.421  438.3
1994 09 05 -0.949 -1.033 6  1.402  434.4
1994 09 06 -0.874 -1.059 6  1.373  427.3
1994 09 07 -0.792 -1.075 6  1.336  417.4
1994 09 08 -0.702 -1.083 6  1.291  405.2
1994 09 09 -0.604 -1.084 6  1.240  391.4
1994 09 10 -0.496 -1.079 6  1.188  376.7
1994 09 11 -0.380 -1.070 6  1.136  362.0
1994 09 12 -0.253 -1.058 6  1.088  348.3
1994 09 13 -0.117 -1.042 6  1.048  336.7
1994 09 14  0.029 -1.022 7  1.022  328.6
1994 09 15  0.183 -0.997 7  1.014  325.2
1994 09 16  0.346 -0.967 7  1.027  327.2
1994 09 17  0.514 -0.929 7  1.062  335.1
1994 09 18  0.685 -0.883 7  1.118  348.7
1994 09 19  0.857 -0.827 8  1.191  366.9
1994 09 20  1.025 -0.758 8  1.275  388.7
1994 09 21  1.187 -0.677 8  1.366  412.4
1994 09 22  1.337 -0.581 8  1.458  436.6
1994 09 23  1.472 -0.471 8  1.545  460.0
1994 09 24  1.586 -0.346 8  1.624  481.3
1994 09 25  1.677 -0.208 8  1.690  499.5
1994 09 26  1.741 -0.058 8  1.742  514.1
1994 09 27  1.773  0.102 1  1.776  524.5
1994 09 28  1.774  0.269 1  1.794  530.6
1994 09 29  1.740  0.439 1  1.795  532.7
1994 09 30  1.672  0.608 1  1.780  531.0
1994 10 01  1.571  0.773 1  1.751  526.2
1994 10 02  1.438  0.928 1  1.712  519.0
1994 10 03  1.277  1.070 1  1.666  510.4
1994 10 04  1.092  1.193 2  1.617  501.0
1994 10 05  0.887  1.293 2  1.569  491.5
1994 10 06  0.669  1.369 2  1.523  482.3
1994 10 07  0.442  1.415 2  1.483  473.4
1994 10 08  0.215  1.431 2  1.447  464.5
1994 10 09 -0.007  1.415 3  1.415  455.2
1994 10 10 -0.217  1.368 3  1.385  444.6
1994 10 11 -0.410  1.290 3  1.354  432.2
1994 10 12 -0.580  1.183 3  1.318  417.2
1994 10 13 -0.722  1.050 3  1.274  399.3
1994 10 14 -0.834  0.894 3  1.223  378.6
1994 10 15 -0.912  0.721 4  1.163  355.3
1994 10 16 -0.957  0.534 4  1.096  330.6
1994 10 17 -0.968  0.339 4  1.025  305.7
1994 10 18 -0.946  0.142 4  0.956  282.8
1994 10 19 -0.894 -0.052 5  0.895  264.3
1994 10 20 -0.815 -0.237 5  0.849  252.4
1994 10 21 -0.714 -0.409 5  0.823  248.6
1994 10 22 -0.596 -0.564 5  0.820  252.6
1994 10 23 -0.466 -0.696 6  0.838  262.8
1994 10 24 -0.330 -0.804 6  0.869  276.3
1994 10 25 -0.193 -0.885 6  0.906  290.2
1994 10 26 -0.061 -0.938 6  0.940  302.1
1994 10 27  0.062 -0.962 7  0.964  310.0
1994 10 28  0.171 -0.959 7  0.974  312.5
1994 10 29  0.262 -0.929 7  0.965  308.6
1994 10 30  0.334 -0.875 7  0.936  298.1
1994 10 31  0.385 -0.799 7  0.887  280.8
1994 11 01  0.413 -0.704 7  0.816  257.1
1994 11 02  0.419 -0.594 7  0.727  227.7
1994 11 03  0.405 -0.473 7  0.623  193.6
1994 11 04  0.372 -0.345 8  0.508  156.1
1994 11 05  0.323 -0.213 8  0.387  117.4
1994 11 06  0.262 -0.080 8  0.274   81.4
1994 11 07  0.191  0.050 1  0.197   58.6
1994 11 08  0.114  0.175 2  0.209   65.5
1994 11 09  0.036  0.292 2  0.294   94.3
1994 11 10 -0.042  0.399 3  0.401  128.8
1994 11 11 -0.114  0.495 3  0.508  162.8
1994 11 12 -0.179  0.580 3  0.607  193.9
1994 11 13 -0.235  0.653 3  0.694  221.2
1994 11 14 -0.280  0.714 3  0.767  244.2
1994 11 15 -0.314  0.764 3  0.826  262.6
1994 11 16 -0.337  0.803 3  0.871  276.7
1994 11 17 -0.348  0.832 3  0.902  286.5
1994 11 18 -0.350  0.851 3  0.920  292.6
1994 11 19 -0.344  0.862 3  0.928  295.3
1994 11 20 -0.332  0.866 3  0.927  295.2
1994 11 21 -0.316  0.862 3  0.918  292.5
1994 11 22 -0.300  0.851 3  0.903  287.7
1994 11 23 -0.285  0.834 3  0.881  281.1
1994 11 24 -0.273  0.810 3  0.855  272.7
1994 11 25 -0.267  0.779 3  0.823  262.6
1994 11 26 -0.269  0.740 3  0.787  250.9
1994 11 27 -0.278  0.693 3  0.747  237.5
1994 11 28 -0.296  0.637 3  0.703  222.9
1994 11 29 -0.323  0.572 3  0.657  207.3
1994 11 30 -0.358  0.497 3  0.612  191.6
1994 12 01 -0.399  0.411 3  0.573  177.1
1994 12 02 -0.445  0.315 4  0.545  165.9
1994 12 03 -0.494  0.208 4  0.536  160.3
1994 12 04 -0.541  0.091 4  0.549  162.5
1994 12 05 -0.586 -0.035 5  0.587  173.3
1994 12 06 -0.624 -0.169 5  0.646  191.9
1994 12 07 -0.652 -0.308 5  0.721  216.4
1994 12 08 -0.668 -0.451 5  0.806  244.7
1994 12 09 -0.669 -0.595 5  0.895  274.9
1994 12 10 -0.653 -0.736 6  0.984  305.3
1994 12 11 -0.619 -0.873 6  1.070  334.9
1994 12 12 -0.565 -1.001 6  1.149  362.5
1994 12 13 -0.492 -1.117 6  1.221  387.4
1994 12 14 -0.401 -1.218 6  1.282  409.1
1994 12 15 -0.293 -1.300 6  1.333  427.0
1994 12 16 -0.170 -1.362 6  1.373  441.0
1994 12 17 -0.035 -1.402 6  1.402  450.8
1994 12 18  0.108 -1.416 7  1.420  456.6
1994 12 19  0.256 -1.406 7  1.429  458.3
1994 12 20  0.405 -1.369 7  1.428  456.2
1994 12 21  0.550 -1.308 7  1.419  450.8
1994 12 22  0.687 -1.223 7  1.402  442.3
1994 12 23  0.812 -1.115 7  1.380  431.4
1994 12 24  0.922 -0.988 7  1.352  418.5
1994 12 25  1.014 -0.845 8  1.320  404.2
1994 12 26  1.085 -0.688 8  1.285  389.2
1994 12 27  1.132 -0.523 8  1.247  374.0
1994 12 28  1.155 -0.352 8  1.207  359.2
1994 12 29  1.153 -0.180 8  1.167  345.2
1994 12 30  1.126 -0.011 8  1.126  332.4
1994 12 31  1.075  0.151 1  1.086  321.1
1995 01 01  1.002  0.302 1  1.047  311.4
1995 01 02  0.909  0.440 1  1.010  303.4
1995 01 03  0.799  0.562 1  0.976  296.9
1995 01 04  0.674  0.664 1  0.946  291.9
1995 01 05  0.538  0.747 2  0.921  288.0
1995 01 06  0.394  0.809 2  0.900  284.9
1995 01 07  0.247  0.849 2  0.884  282.6
1995 01 08  0.100  0.868 2  0.874  280.6
1995 01 09 -0.044  0.867 3  0.868  279.0
1995 01 10 -0.181  0.846 3  0.866  277.4
1995 01 11 -0.309  0.809 3  0.866  275.7
1995 01 12 -0.424  0.757 3  0.868  273.7
1995 01 13 -0.526  0.692 3  0.869  271.3
1995 01 14 -0.612  0.617 3  0.869  268.3
1995 01 15 -0.680  0.536 4  0.866  264.6
1995 01 16 -0.731  0.449 4  0.858  259.8
1995 01 17 -0.764  0.361 4  0.845  253.8
1995 01 18 -0.780  0.274 4  0.826  246.4
1995 01 19 -0.778  0.189 4  0.801  237.6
1995 01 20 -0.760  0.109 4  0.768  227.2
1995 01 21 -0.728  0.036 4  0.729  215.1
1995 01 22 -0.682 -0.030 5  0.683  201.5
1995 01 23 -0.625 -0.087 5  0.631  186.5
1995 01 24 -0.558 -0.135 5  0.574  170.2
1995 01 25 -0.483 -0.173 5  0.513  153.1
1995 01 26 -0.403 -0.202 5  0.450  135.4
1995 01 27 -0.318 -0.221 5  0.388  117.8
1995 01 28 -0.232 -0.232 5  0.328  101.2
1995 01 29 -0.146 -0.234 6  0.276   86.7
1995 01 30 -0.061 -0.229 6  0.237   75.8
1995 01 31  0.022 -0.217 7  0.219   70.2
1995 02 01  0.100 -0.200 7  0.224   70.8
1995 02 02  0.173 -0.178 7  0.248   76.6
1995 02 03  0.239 -0.151 8  0.283   85.7
1995 02 04  0.299 -0.121 8  0.322   96.4
1995 02 05  0.351 -0.088 8  0.362  107.4
1995 02 06  0.395 -0.053 8  0.398  117.8
1995 02 07  0.431 -0.015 8  0.431  127.2
1995 02 08  0.458  0.024 1  0.458  135.3
1995 02 09  0.476  0.065 1  0.480  142.0
1995 02 10  0.485  0.107 1  0.497  147.4
1995 02 11  0.486  0.151 1  0.509  151.4
1995 02 12  0.477  0.195 1  0.516  154.2
1995 02 13  0.459  0.241 1  0.519  156.1
1995 02 14  0.432  0.286 1  0.518  157.3
1995 02 15  0.395  0.332 1  0.516  158.1
1995 02 16  0.349  0.376 2  0.513  158.9
1995 02 17  0.294  0.418 2  0.511  160.0
1995 02 18  0.229  0.457 2  0.511  161.8
1995 02 19  0.156  0.491 2  0.515  164.5
1995 02 20  0.074  0.519 2  0.524  168.4
1995 02 21 -0.014  0.539 3  0.540  173.5
1995 02 22 -0.109  0.550 3  0.561  179.8
1995 02 23 -0.208  0.550 3  0.588  187.2
1995 02 24 -0.309  0.538 3  0.620  195.4
1995 02 25 -0.410  0.512 3  0.656  204.3
1995 02 26 -0.509  0.472 4  0.694  213.5
1995 02 27 -0.602  0.417 4  0.733  222.7
1995 02 28 -0.687  0.348 4  0.771  231.7
1995 03 01 -0.761  0.265 4  0.806  240.2
1995 03 02 -0.820  0.170 4  0.837  248.1
1995 03 03 -0.862  0.064 4  0.864  255.1
1995 03 04 -0.884 -0.051 5  0.885  261.3
1995 03 05 -0.884 -0.171 5  0.900  266.6
1995 03 06 -0.861 -0.293 5  0.909  271.0
1995 03 07 -0.814 -0.413 5  0.913  274.6
1995 03 08 -0.744 -0.529 5  0.913  277.7
1995 03 09 -0.651 -0.636 5  0.910  280.5
1995 03 10 -0.537 -0.730 6  0.906  283.1
1995 03 11 -0.405 -0.808 6  0.904  285.9
1995 03 12 -0.259 -0.867 6  0.904  288.9
1995 03 13 -0.102 -0.904 6  0.910  292.3
1995 03 14  0.061 -0.919 7  0.921  296.0
1995 03 15  0.224 -0.909 7  0.936  299.8
1995 03 16  0.382 -0.876 7  0.955  303.3
1995 03 17  0.531 -0.818 7  0.976  306.3
1995 03 18  0.665 -0.740 7  0.995  308.4
1995 03 19  0.780 -0.641 8  1.010  309.0
1995 03 20  0.871 -0.526 8  1.018  307.9
1995 03 21  0.937 -0.399 8  1.018  304.8
1995 03 22  0.974 -0.264 8  1.009  299.6
1995 03 23  0.981 -0.124 8  0.989  292.3
1995 03 24  0.959  0.014 1  0.959  283.1
1995 03 25  0.908  0.147 1  0.920  272.2
1995 03 26  0.831  0.270 1  0.874  260.2
1995 03 27  0.730  0.378 1  0.823  247.5
1995 03 28  0.610  0.468 1  0.769  234.8
1995 03 29  0.475  0.538 2  0.717  222.6
1995 03 30  0.329  0.584 2  0.670  211.4
1995 03 31  0.179  0.605 2  0.631  201.6
1995 04 01  0.030  0.601 2  0.602  193.4
1995 04 02 -0.113  0.572 3  0.583  186.9
1995 04 03 -0.245  0.519 3  0.574  182.0
1995 04 04 -0.361  0.445 3  0.573  178.4
1995 04 05 -0.457  0.352 4  0.577  176.1
1995 04 06 -0.530  0.244 4  0.583  175.0
1995 04 07 -0.578  0.125 4  0.591  175.1
1995 04 08 -0.599 -0.002 5  0.599  176.8
1995 04 09 -0.593 -0.131 5  0.608  180.1
1995 04 10 -0.561 -0.257 5  0.617  185.2
1995 04 11 -0.505 -0.376 5  0.630  191.9
1995 04 12 -0.427 -0.484 6  0.645  200.1
1995 04 13 -0.329 -0.576 6  0.663  209.1
1995 04 14 -0.217 -0.649 6  0.684  218.2
1995 04 15 -0.094 -0.700 6  0.706  226.7
1995 04 16  0.034 -0.726 7  0.727  233.8
1995 04 17  0.164 -0.728 7  0.746  238.9
1995 04 18  0.289 -0.703 7  0.760  241.5
1995 04 19  0.405 -0.652 7  0.767  241.3
1995 04 20  0.508 -0.577 7  0.768  238.4
1995 04 21  0.593 -0.479 8  0.762  233.0
1995 04 22  0.657 -0.361 8  0.750  226.0
1995 04 23  0.697 -0.228 8  0.733  218.4
1995 04 24  0.711 -0.083 8  0.716  211.7
1995 04 25  0.699  0.070 1  0.703  207.6
1995 04 26  0.660  0.225 1  0.698  207.9
1995 04 27  0.596  0.377 1  0.705  213.6
1995 04 28  0.507  0.522 2  0.727  224.8
1995 04 29  0.396  0.654 2  0.764  240.6
1995 04 30  0.268  0.769 2  0.814  259.6
1995 05 01  0.125  0.863 2  0.872  280.0
1995 05 02 -0.026  0.933 3  0.933  300.1
1995 05 03 -0.181  0.976 3  0.993  318.4
1995 05 04 -0.336  0.991 3  1.046  333.8
1995 05 05 -0.483  0.977 3  1.090  345.1
1995 05 06 -0.619  0.935 3  1.121  351.9
1995 05 07 -0.738  0.866 3  1.138  353.5
1995 05 08 -0.836  0.772 4  1.138  350.0
1995 05 09 -0.909  0.656 4  1.121  341.4
1995 05 10 -0.955  0.522 4  1.089  328.2
1995 05 11 -0.972  0.375 4  1.042  311.2
1995 05 12 -0.958  0.219 4  0.983  291.5
1995 05 13 -0.914  0.060 4  0.916  270.5
1995 05 14 -0.841 -0.098 5  0.846  250.1
1995 05 15 -0.740 -0.249 5  0.781  232.7
1995 05 16 -0.615 -0.389 5  0.728  220.5
1995 05 17 -0.470 -0.513 6  0.696  215.6
1995 05 18 -0.308 -0.619 6  0.691  218.8
1995 05 19 -0.136 -0.702 6  0.715  229.4
1995 05 20  0.043 -0.762 7  0.763  245.3
1995 05 21  0.222 -0.796 7  0.827  264.4
1995 05 22  0.397 -0.806 7  0.898  284.3
1995 05 23  0.562 -0.790 7  0.969  303.4
1995 05 24  0.712 -0.751 7  1.035  320.2
1995 05 25  0.843 -0.691 8  1.090  333.7
1995 05 26  0.952 -0.613 8  1.132  343.2
1995 05 27  1.035 -0.520 8  1.159  348.3
1995 05 28  1.092 -0.415 8  1.168  348.8
1995 05 29  1.120 -0.303 8  1.160  344.7
1995 05 30  1.120 -0.187 8  1.135  336.0
1995 05 31  1.092 -0.071 8  1.095  323.2
1995 06 01  1.039  0.041 1  1.039  306.8
1995 06 02  0.961  0.146 1  0.972  287.6
1995 06 03  0.863  0.241 1  0.896  266.3
1995 06 04  0.748  0.325 1  0.815  244.1
1995 06 05  0.619  0.395 1  0.734  222.4
1995 06 06  0.481  0.450 1  0.659  202.7
1995 06 07  0.338  0.490 2  0.595  186.6
1995 06 08  0.195  0.515 2  0.551  175.4
1995 06 09  0.055  0.526 2  0.529  170.1
1995 06 10 -0.077  0.524 3  0.530  170.1
1995 06 11 -0.198  0.511 3  0.548  174.4
1995 06 12 -0.306  0.488 3  0.576  181.0
1995 06 13 -0.398  0.457 3  0.606  188.1
1995 06 14 -0.471  0.421 4  0.632  194.1
1995 06 15 -0.526  0.382 4  0.650  198.1
1995 06 16 -0.562  0.342 4  0.658  199.2
1995 06 17 -0.580  0.304 4  0.655  197.1
1995 06 18 -0.580  0.268 4  0.639  191.7
1995 06 19 -0.564  0.237 4  0.612  183.1
1995 06 20 -0.535  0.211 4  0.575  171.8
1995 06 21 -0.495  0.190 4  0.530  158.4
1995 06 22 -0.447  0.177 4  0.481  143.6
1995 06 23 -0.394  0.169 4  0.429  128.4
1995 06 24 -0.340  0.166 4  0.379  113.7
1995 06 25 -0.288  0.168 4  0.333  100.6
1995 06 26 -0.240  0.173 4  0.295   90.0
1995 06 27 -0.199  0.179 4  0.268   82.2
1995 06 28 -0.168  0.184 3  0.249   77.3
1995 06 29 -0.147  0.188 3  0.239   74.4
1995 06 30 -0.139  0.187 3  0.233   72.8
1995 07 01 -0.143  0.180 3  0.230   71.6
1995 07 02 -0.158  0.166 3  0.229   70.9
1995 07 03 -0.185  0.143 4  0.233   71.3
1995 07 04 -0.221  0.109 4  0.246   74.0
1995 07 05 -0.264  0.066 4  0.272   80.6
1995 07 06 -0.311  0.012 4  0.311   91.9
1995 07 07 -0.361 -0.053 5  0.365  107.8
1995 07 08 -0.409 -0.127 5  0.428  127.4
1995 07 09 -0.453 -0.209 5  0.499  149.6
1995 07 10 -0.489 -0.298 5  0.573  173.3
1995 07 11 -0.516 -0.390 5  0.647  197.4
1995 07 12 -0.531 -0.485 5  0.719  221.1
1995 07 13 -0.531 -0.579 6  0.786  243.4
1995 07 14 -0.517 -0.669 6  0.845  263.8
1995 07 15 -0.486 -0.753 6  0.897  281.5
1995 07 16 -0.441 -0.828 6  0.938  296.3
1995 07 17 -0.381 -0.890 6  0.969  307.7
1995 07 18 -0.308 -0.939 6  0.989  315.5
1995 07 19 -0.225 -0.972 6  0.998  319.6
1995 07 20 -0.134 -0.988 6  0.997  320.2
1995 07 21 -0.037 -0.986 6  0.986  317.2
1995 07 22  0.061 -0.965 7  0.967  310.8
1995 07 23  0.158 -0.926 7  0.939  301.4
1995 07 24  0.250 -0.870 7  0.905  289.3
1995 07 25  0.335 -0.798 7  0.865  274.9
1995 07 26  0.411 -0.711 7  0.821  258.8
1995 07 27  0.475 -0.612 7  0.775  241.7
1995 07 28  0.527 -0.503 8  0.729  224.5
1995 07 29  0.565 -0.387 8  0.685  208.2
1995 07 30  0.591 -0.266 8  0.648  194.2
1995 07 31  0.604 -0.142 8  0.620  184.0
1995 08 01  0.605 -0.019 8  0.606  178.8
1995 08 02  0.597  0.103 1  0.606  179.4
1995 08 03  0.582  0.221 1  0.622  185.9
1995 08 04  0.560  0.334 1  0.652  197.2
1995 08 05  0.534  0.441 1  0.693  212.1
1995 08 06  0.507  0.540 2  0.741  229.2
1995 08 07  0.478  0.631 2  0.792  247.2
1995 08 08  0.451  0.713 2  0.844  265.2
1995 08 09  0.424  0.787 2  0.894  282.3
1995 08 10  0.398  0.852 2  0.940  298.1
1995 08 11  0.373  0.907 2  0.981  311.8
1995 08 12  0.347  0.953 2  1.015  323.3
1995 08 13  0.321  0.990 2  1.041  332.1
1995 08 14  0.292  1.016 2  1.057  337.9
1995 08 15  0.259  1.032 2  1.064  340.4
1995 08 16  0.220  1.036 2  1.059  339.5
1995 08 17  0.174  1.029 2  1.043  334.8
1995 08 18  0.120  1.009 2  1.016  326.4
1995 08 19  0.057  0.976 2  0.977  314.2
1995 08 20 -0.015  0.929 3  0.929  298.6
1995 08 21 -0.095  0.867 3  0.872  280.2
1995 08 22 -0.182  0.791 3  0.812  259.9
1995 08 23 -0.274  0.700 3  0.752  239.3
1995 08 24 -0.370  0.595 3  0.701  220.4
1995 08 25 -0.466  0.477 3  0.667  206.1
1995 08 26 -0.559  0.347 4  0.658  199.2
1995 08 27 -0.646  0.206 4  0.678  201.9
1995 08 28 -0.723  0.057 4  0.725  214.3
1995 08 29 -0.787 -0.097 5  0.793  234.3
1995 08 30 -0.834 -0.253 5  0.871  259.1
1995 08 31 -0.861 -0.408 5  0.953  286.0
1995 09 01 -0.866 -0.559 5  1.031  312.5
1995 09 02 -0.849 -0.701 5  1.101  337.0
1995 09 03 -0.807 -0.831 6  1.158  358.0
1995 09 04 -0.741 -0.946 6  1.202  374.7
1995 09 05 -0.653 -1.042 6  1.230  386.5
1995 09 06 -0.544 -1.116 6  1.242  393.3
1995 09 07 -0.418 -1.167 6  1.240  395.1
1995 09 08 -0.278 -1.193 6  1.224  392.2
1995 09 09 -0.128 -1.192 6  1.199  385.1
1995 09 10  0.027 -1.165 7  1.165  374.7
1995 09 11  0.181 -1.112 7  1.127  361.7
1995 09 12  0.330 -1.036 7  1.087  347.1
1995 09 13  0.469 -0.937 7  1.048  331.7
1995 09 14  0.593 -0.820 7  1.012  316.5
1995 09 15  0.698 -0.687 8  0.979  302.0
1995 09 16  0.781 -0.542 8  0.950  289.0
1995 09 17  0.838 -0.390 8  0.925  277.5
1995 09 18  0.870 -0.236 8  0.901  267.7
1995 09 19  0.874 -0.082 8  0.878  259.3
1995 09 20  0.851  0.065 1  0.854  252.1
1995 09 21  0.803  0.202 1  0.828  245.8
1995 09 22  0.732  0.325 1  0.801  240.1
1995 09 23  0.641  0.432 1  0.773  234.7
1995 09 24  0.534  0.519 1  0.745  229.7
1995 09 25  0.415  0.586 2  0.718  224.7
1995 09 26  0.290  0.630 2  0.694  220.0
1995 09 27  0.162  0.653 2  0.672  215.2
1995 09 28  0.038  0.653 2  0.655  210.4
1995 09 29 -0.079  0.634 3  0.639  205.3
1995 09 30 -0.184  0.597 3  0.625  199.6
1995 10 01 -0.275  0.544 3  0.610  192.9
1995 10 02 -0.347  0.479 3  0.592  185.0
1995 10 03 -0.400  0.405 3  0.569  175.7
1995 10 04 -0.432  0.325 4  0.540  164.8
1995 10 05 -0.443  0.242 4  0.505  152.3
1995 10 06 -0.435  0.160 4  0.464  138.4
1995 10 07 -0.409  0.081 4  0.417  123.6
1995 10 08 -0.368  0.009 4  0.368  108.6
1995 10 09 -0.313 -0.055 5  0.318   94.2
1995 10 10 -0.250 -0.111 5  0.273   81.9
1995 10 11 -0.180 -0.156 5  0.238   73.1
1995 10 12 -0.108 -0.191 6  0.219   69.1
1995 10 13 -0.037 -0.215 6  0.219   70.1
1995 10 14  0.030 -0.231 7  0.233   74.8
1995 10 15  0.091 -0.239 7  0.255   81.3
1995 10 16  0.144 -0.239 7  0.279   87.9
1995 10 17  0.187 -0.235 7  0.301   93.6
1995 10 18  0.220 -0.227 7  0.316   97.8
1995 10 19  0.243 -0.218 8  0.326  100.1
1995 10 20  0.256 -0.207 8  0.329  100.6
1995 10 21  0.260 -0.196 8  0.326   99.4
1995 10 22  0.258 -0.186 8  0.318   96.8
1995 10 23  0.250 -0.176 8  0.306   93.0
1995 10 24  0.238 -0.168 8  0.291   88.5
1995 10 25  0.224 -0.159 8  0.275   83.6
1995 10 26  0.210 -0.150 8  0.258   78.4
1995 10 27  0.196 -0.138 8  0.240   73.1
1995 10 28  0.185 -0.124 8  0.222   67.6
1995 10 29  0.175 -0.106 8  0.204   61.8
1995 10 30  0.168 -0.081 8  0.187   56.0
1995 10 31  0.162 -0.051 8  0.170   50.6
1995 11 01  0.158 -0.013 8  0.158   46.8
1995 11 02  0.153  0.032 1  0.156   46.2
1995 11 03  0.146  0.084 1  0.168   50.9
1995 11 04  0.136  0.142 2  0.197   60.9
1995 11 05  0.122  0.206 2  0.239   75.2
1995 11 06  0.101  0.273 2  0.291   92.6
1995 11 07  0.072  0.341 2  0.349  111.8
1995 11 08  0.036  0.409 2  0.410  131.9
1995 11 09 -0.009  0.473 3  0.473  152.0
1995 11 10 -0.063  0.530 3  0.534  171.6
1995 11 11 -0.123  0.579 3  0.592  189.8
1995 11 12 -0.189  0.617 3  0.645  206.1
1995 11 13 -0.259  0.641 3  0.692  220.0
1995 11 14 -0.331  0.651 3  0.730  231.0
1995 11 15 -0.401  0.645 3  0.760  238.8
1995 11 16 -0.467  0.624 3  0.779  243.3
1995 11 17 -0.526  0.586 3  0.788  244.2
1995 11 18 -0.575  0.535 4  0.785  241.7
1995 11 19 -0.612  0.471 4  0.772  235.7
1995 11 20 -0.635  0.397 4  0.749  226.7
1995 11 21 -0.642  0.315 4  0.715  215.0
1995 11 22 -0.634  0.229 4  0.674  201.0
1995 11 23 -0.609  0.141 4  0.625  185.4
1995 11 24 -0.569  0.055 4  0.572  169.0
1995 11 25 -0.516 -0.026 5  0.516  152.5
1995 11 26 -0.451 -0.100 5  0.462  136.8
1995 11 27 -0.377 -0.164 5  0.411  123.1
1995 11 28 -0.297 -0.217 5  0.368  112.1
1995 11 29 -0.215 -0.258 6  0.336  104.6
1995 11 30 -0.133 -0.288 6  0.317  100.5
1995 12 01 -0.055 -0.305 6  0.310   99.4
1995 12 02  0.016 -0.312 7  0.312  100.4
1995 12 03  0.080 -0.310 7  0.320  102.3
1995 12 04  0.133 -0.300 7  0.328  104.2
1995 12 05  0.175 -0.286 7  0.335  105.4
1995 12 06  0.205 -0.269 7  0.338  105.6
1995 12 07  0.225 -0.251 7  0.337  104.6
1995 12 08  0.236 -0.235 8  0.333  102.8
1995 12 09  0.237 -0.223 8  0.326  100.2
1995 12 10  0.233 -0.215 8  0.317   97.5
1995 12 11  0.225 -0.212 8  0.309   95.2
1995 12 12  0.214 -0.215 7  0.304   93.8
1995 12 13  0.204 -0.223 7  0.303   93.7
1995 12 14  0.197 -0.235 7  0.307   95.4
1995 12 15  0.193 -0.250 7  0.316   98.6
1995 12 16  0.193 -0.267 7  0.329  103.0
1995 12 17  0.199 -0.283 7  0.345  108.1
1995 12 18  0.209 -0.296 7  0.362  113.4
1995 12 19  0.224 -0.305 7  0.378  118.2
1995 12 20  0.241 -0.308 7  0.391  122.0
1995 12 21  0.260 -0.304 7  0.400  124.3
1995 12 22  0.278 -0.293 7  0.404  124.8
1995 12 23  0.294 -0.273 8  0.401  123.3
1995 12 24  0.305 -0.245 8  0.391  119.7
1995 12 25  0.311 -0.210 8  0.375  113.9
1995 12 26  0.309 -0.169 8  0.352  106.2
1995 12 27  0.300 -0.124 8  0.324   97.0
1995 12 28  0.282 -0.077 8  0.292   86.8
1995 12 29  0.256 -0.029 8  0.258   76.2
1995 12 30  0.224  0.017 1  0.225   66.3
1995 12 31  0.186  0.058 1  0.195   58.0
1996 01 01  0.145  0.095 1  0.173   52.5
1996 01 02  0.102  0.124 2  0.160   49.9
1996 01 03  0.061  0.145 2  0.157   49.8
1996 01 04  0.023  0.157 2  0.158   50.9
1996 01 05 -0.009  0.160 3  0.161   51.7
1996 01 06 -0.034  0.156 3  0.159   51.1
1996 01 07 -0.050  0.144 3  0.152   48.4
1996 01 08 -0.055  0.125 3  0.137   43.5
1996 01 09 -0.051  0.102 3  0.114   36.2
1996 01 10 -0.037  0.076 3  0.085   26.8
1996 01 11 -0.014  0.049 3  0.051   16.3
1996 01 12  0.016  0.022 2  0.027    8.6
1996 01 13  0.051 -0.003 8  0.051   15.1
1996 01 14  0.089 -0.025 8  0.092   27.3
1996 01 15  0.126 -0.042 8  0.133   39.6
1996 01 16  0.161 -0.055 8  0.170   50.7
1996 01 17  0.191 -0.063 8  0.201   59.9
1996 01 18  0.213 -0.066 8  0.223   66.5
1996 01 19  0.227 -0.065 8  0.236   70.1
1996 01 20  0.230 -0.060 8  0.238   70.6
1996 01 21  0.223 -0.051 8  0.228   67.7
1996 01 22  0.204 -0.040 8  0.208   61.7
1996 01 23  0.176 -0.028 8  0.178   52.7
1996 01 24  0.139 -0.015 8  0.139   41.2
1996 01 25  0.094 -0.001 8  0.094   27.8
1996 01 26  0.045  0.012 1  0.046   13.8
1996 01 27 -0.007  0.026 3  0.027    8.6
1996 01 28 -0.060  0.039 4  0.072   21.8
1996 01 29 -0.111  0.053 4  0.123   37.0
1996 01 30 -0.158  0.068 4  0.172   51.6
1996 01 31 -0.199  0.085 4  0.217   65.0
1996 02 01 -0.234  0.105 4  0.257   77.0
1996 02 02 -0.262  0.128 4  0.291   87.6
1996 02 03 -0.283  0.154 4  0.322   97.0
1996 02 04 -0.296  0.184 4  0.349  105.5
1996 02 05 -0.304  0.218 4  0.374  113.8
1996 02 06 -0.308  0.255 4  0.399  122.2
1996 02 07 -0.308  0.294 4  0.426  131.2
1996 02 08 -0.308  0.334 3  0.455  140.8
1996 02 09 -0.308  0.374 3  0.485  150.9
1996 02 10 -0.312  0.411 3  0.516  161.0
1996 02 11 -0.319  0.443 3  0.546  170.7
1996 02 12 -0.331  0.467 3  0.573  179.2
1996 02 13 -0.348  0.482 3  0.595  186.0
1996 02 14 -0.371  0.484 3  0.610  190.4
1996 02 15 -0.398  0.473 3  0.618  192.1
1996 02 16 -0.429  0.445 3  0.618  191.1
1996 02 17 -0.462  0.400 4  0.611  187.6
1996 02 18 -0.495  0.338 4  0.599  182.1
1996 02 19 -0.524  0.259 4  0.585  175.8
1996 02 20 -0.549  0.163 4  0.573  170.3
1996 02 21 -0.565  0.053 4  0.568  167.7
1996 02 22 -0.571 -0.070 5  0.575  169.9
1996 02 23 -0.563 -0.202 5  0.598  178.4
1996 02 24 -0.541 -0.339 5  0.638  193.3
1996 02 25 -0.502 -0.478 5  0.693  213.5
1996 02 26 -0.446 -0.614 6  0.759  237.3
1996 02 27 -0.372 -0.743 6  0.831  263.1
1996 02 28 -0.282 -0.861 6  0.906  289.0
1996 02 29 -0.177 -0.962 6  0.978  313.8
1996 03 01 -0.059 -1.044 6  1.046  336.3
1996 03 02  0.070 -1.104 7  1.106  355.6
1996 03 03  0.206 -1.138 7  1.156  370.9
1996 03 04  0.345 -1.145 7  1.196  382.0
1996 03 05  0.484 -1.124 7  1.223  388.6
1996 03 06  0.617 -1.075 7  1.239  390.7
1996 03 07  0.741 -0.999 7  1.244  388.6
1996 03 08  0.852 -0.897 7  1.237  382.8
1996 03 09  0.947 -0.773 8  1.222  373.9
1996 03 10  1.021 -0.629 8  1.199  363.0
1996 03 11  1.074 -0.469 8  1.172  351.0
1996 03 12  1.102 -0.298 8  1.142  339.1
1996 03 13  1.105 -0.120 8  1.112  328.5
1996 03 14  1.083  0.060 1  1.084  320.2
1996 03 15  1.035  0.238 1  1.062  314.9
1996 03 16  0.963  0.408 1  1.046  313.2
1996 03 17  0.869  0.568 1  1.038  314.8
1996 03 18  0.755  0.711 1  1.038  319.5
1996 03 19  0.625  0.837 2  1.044  326.2
1996 03 20  0.481  0.940 2  1.056  334.1
1996 03 21  0.328  1.021 2  1.072  342.2
1996 03 22  0.169  1.076 2  1.089  349.7
1996 03 23  0.008  1.106 2  1.106  355.7
1996 03 24 -0.150  1.110 3  1.120  359.7
1996 03 25 -0.302  1.089 3  1.130  361.2
1996 03 26 -0.443  1.043 3  1.134  360.1
1996 03 27 -0.571  0.976 3  1.131  356.2
1996 03 28 -0.682  0.889 3  1.120  349.6
1996 03 29 -0.774  0.784 3  1.102  340.2
1996 03 30 -0.844  0.665 4  1.075  328.4
1996 03 31 -0.891  0.536 4  1.040  314.5
1996 04 01 -0.914  0.400 4  0.998  298.9
1996 04 02 -0.913  0.261 4  0.949  282.2
1996 04 03 -0.887  0.122 4  0.896  264.8
1996 04 04 -0.839 -0.013 5  0.839  247.7
1996 04 05 -0.769 -0.139 5  0.782  231.5
1996 04 06 -0.681 -0.255 5  0.727  217.0
1996 04 07 -0.576 -0.357 5  0.678  205.1
1996 04 08 -0.459 -0.442 5  0.637  196.3
1996 04 09 -0.333 -0.508 6  0.608  190.7
1996 04 10 -0.202 -0.555 6  0.591  188.2
1996 04 11 -0.071 -0.581 6  0.585  187.9
1996 04 12  0.055 -0.585 7  0.588  188.8
1996 04 13  0.174 -0.569 7  0.595  189.9
1996 04 14  0.280 -0.532 7  0.601  190.1
1996 04 15  0.370 -0.478 7  0.604  188.5
1996 04 16  0.441 -0.407 8  0.600  184.6
1996 04 17  0.491 -0.323 8  0.587  178.2
1996 04 18  0.517 -0.228 8  0.565  169.4
1996 04 19  0.520 -0.126 8  0.535  158.9
1996 04 20  0.499 -0.020 8  0.500  147.6
1996 04 21  0.456  0.085 1  0.464  137.3
1996 04 22  0.390  0.188 1  0.433  130.1
1996 04 23  0.306  0.283 1  0.417  128.4
1996 04 24  0.207  0.369 2  0.423  133.3
1996 04 25  0.095  0.441 2  0.451  144.5
1996 04 26 -0.025  0.497 3  0.498  160.1
1996 04 27 -0.148  0.536 3  0.557  178.0
1996 04 28 -0.270  0.556 3  0.619  195.9
1996 04 29 -0.387  0.556 3  0.677  212.2
1996 04 30 -0.494  0.535 3  0.728  225.5
1996 05 01 -0.586  0.494 4  0.766  234.8
1996 05 02 -0.661  0.433 4  0.790  239.7
1996 05 03 -0.714  0.354 4  0.797  239.6
1996 05 04 -0.744  0.259 4  0.788  235.0
1996 05 05 -0.749  0.149 4  0.764  226.2
1996 05 06 -0.727  0.028 4  0.728  214.8
1996 05 07 -0.678 -0.101 5  0.685  202.7
1996 05 08 -0.602 -0.234 5  0.646  192.9
1996 05 09 -0.500 -0.368 5  0.621  189.1
1996 05 10 -0.373 -0.500 6  0.623  194.8
1996 05 11 -0.224 -0.624 6  0.663  211.2
1996 05 12 -0.056 -0.737 6  0.739  237.4
1996 05 13  0.128 -0.834 7  0.844  270.9
1996 05 14  0.324 -0.913 7  0.969  308.7
1996 05 15  0.528 -0.969 7  1.104  348.4
1996 05 16  0.735 -1.000 7  1.241  387.9
1996 05 17  0.940 -1.003 7  1.374  425.4
1996 05 18  1.138 -0.976 8  1.499  459.7
1996 05 19  1.324 -0.918 8  1.611  489.7
1996 05 20  1.492 -0.828 8  1.707  514.7
1996 05 21  1.637 -0.708 8  1.784  534.2
1996 05 22  1.755 -0.559 8  1.841  548.2
1996 05 23  1.839 -0.384 8  1.879  556.7
1996 05 24  1.886 -0.187 8  1.896  560.0
1996 05 25  1.893  0.029 1  1.893  558.9
1996 05 26  1.857  0.256 1  1.874  554.1
1996 05 27  1.775  0.488 1  1.840  546.8
1996 05 28  1.647  0.718 1  1.796  538.1
1996 05 29  1.473  0.939 1  1.747  529.2
1996 05 30  1.255  1.142 1  1.697  521.6
1996 05 31  0.997  1.319 2  1.654  516.4
1996 06 01  0.703  1.464 2  1.624  514.6
1996 06 02  0.379  1.570 2  1.615  517.0
1996 06 03  0.032  1.630 2  1.630  524.2
1996 06 04 -0.329  1.640 3  1.672  536.2
1996 06 05 -0.693  1.597 3  1.741  552.8
1996 06 06 -1.052  1.500 3  1.832  573.6
1996 06 07 -1.393  1.349 4  1.939  597.7
1996 06 08 -1.706  1.147 4  2.056  624.3
1996 06 09 -1.980  0.899 4  2.175  652.2
1996 06 10 -2.206  0.612 4  2.289  680.2
1996 06 11 -2.374  0.293 4  2.392  707.1
1996 06 12 -2.477 -0.047 5  2.478  731.4
1996 06 13 -2.511 -0.397 5  2.542  752.0
1996 06 14 -2.471 -0.745 5  2.581  767.6
1996 06 15 -2.357 -1.078 5  2.592  777.4
1996 06 16 -2.172 -1.385 5  2.576  780.5
1996 06 17 -1.919 -1.652 5  2.532  776.6
1996 06 18 -1.607 -1.869 6  2.465  765.7
1996 06 19 -1.245 -2.027 6  2.379  748.3
1996 06 20 -0.844 -2.119 6  2.280  725.4
1996 06 21 -0.418 -2.138 6  2.179  698.6
1996 06 22  0.018 -2.084 7  2.084  670.1
1996 06 23  0.449 -1.955 7  2.006  642.4
1996 06 24  0.859 -1.755 7  1.954  618.6
1996 06 25  1.233 -1.489 7  1.934  601.5
1996 06 26  1.558 -1.167 8  1.946  593.4
1996 06 27  1.821 -0.797 8  1.988  595.5
1996 06 28  2.012 -0.393 8  2.050  607.2
1996 06 29  2.124  0.031 1  2.125  627.1
1996 06 30  2.153  0.461 1  2.202  652.5
1996 07 01  2.097  0.881 1  2.274  680.7
1996 07 02  1.957  1.277 1  2.337  708.8
1996 07 03  1.740  1.634 1  2.387  734.8
1996 07 04  1.453  1.940 2  2.424  757.0
1996 07 05  1.107  2.183 2  2.448  774.3
1996 07 06  0.715  2.355 2  2.461  786.2
1996 07 07  0.292  2.450 2  2.467  792.5
1996 07 08 -0.147  2.465 3  2.469  793.7
1996 07 09 -0.586  2.399 3  2.469  790.5
1996 07 10 -1.008  2.254 3  2.469  783.6
1996 07 11 -1.398  2.037 3  2.471  774.2
1996 07 12 -1.741  1.755 3  2.472  763.4
1996 07 13 -2.027  1.418 4  2.474  752.3
1996 07 14 -2.244  1.038 4  2.473  741.9
1996 07 15 -2.387  0.628 4  2.469  733.1
1996 07 16 -2.452  0.201 4  2.460  726.5
1996 07 17 -2.436 -0.228 5  2.446  722.6
1996 07 18 -2.342 -0.645 5  2.429  721.6
1996 07 19 -2.174 -1.038 5  2.409  723.4
1996 07 20 -1.941 -1.395 5  2.390  727.6
1996 07 21 -1.650 -1.707 6  2.374  733.7
1996 07 22 -1.313 -1.964 6  2.363  741.0
1996 07 23 -0.943 -2.161 6  2.358  748.7
1996 07 24 -0.552 -2.295 6  2.360  755.8
1996 07 25 -0.154 -2.364 6  2.369  761.5
1996 07 26  0.239 -2.369 7  2.381  765.0
1996 07 27  0.616 -2.313 7  2.394  765.7
1996 07 28  0.965 -2.201 7  2.403  762.9
1996 07 29  1.277 -2.039 7  2.406  756.3
1996 07 30  1.546 -1.835 7  2.399  745.8
1996 07 31  1.765 -1.596 8  2.380  731.4
1996 08 01  1.932 -1.333 8  2.347  713.3
1996 08 02  2.045 -1.053 8  2.300  692.0
1996 08 03  2.104 -0.765 8  2.239  668.1
1996 08 04  2.113 -0.479 8  2.166  642.3
1996 08 05  2.073 -0.200 8  2.083  615.3
1996 08 06  1.991  0.065 1  1.992  588.1
1996 08 07  1.872  0.309 1  1.897  561.4
1996 08 08  1.721  0.530 1  1.801  535.9
1996 08 09  1.546  0.724 1  1.707  512.3
1996 08 10  1.353  0.889 1  1.619  491.1
1996 08 11  1.148  1.024 1  1.538  472.4
1996 08 12  0.936  1.130 2  1.467  456.5
1996 08 13  0.723  1.208 2  1.408  443.3
1996 08 14  0.512  1.260 2  1.360  432.5
1996 08 15  0.309  1.288 2  1.324  424.0
1996 08 16  0.114  1.294 2  1.299  417.4
1996 08 17 -0.068  1.281 3  1.283  412.4
1996 08 18 -0.239  1.252 3  1.275  408.7
1996 08 19 -0.395  1.210 3  1.272  406.1
1996 08 20 -0.538  1.156 3  1.275  404.1
1996 08 21 -0.666  1.093 3  1.280  402.7
1996 08 22 -0.781  1.022 3  1.286  401.4
1996 08 23 -0.882  0.945 3  1.293  400.1
1996 08 24 -0.970  0.862 4  1.298  398.5
1996 08 25 -1.044  0.774 4  1.300  396.2
1996 08 26 -1.105  0.682 4  1.298  393.0
1996 08 27 -1.152  0.585 4  1.292  388.6
1996 08 28 -1.185  0.484 4  1.280  382.8
1996 08 29 -1.203  0.378 4  1.261  375.4
1996 08 30 -1.206  0.268 4  1.236  366.4
1996 08 31 -1.193  0.155 4  1.203  355.7
1996 09 01 -1.163  0.038 4  1.164  343.6
1996 09 02 -1.116 -0.081 5  1.119  330.5
1996 09 03 -1.052 -0.201 5  1.071  317.3
1996 09 04 -0.971 -0.320 5  1.023  304.6
1996 09 05 -0.874 -0.438 5  0.978  293.9
1996 09 06 -0.761 -0.551 5  0.940  286.3
1996 09 07 -0.635 -0.659 6  0.915  282.9
1996 09 08 -0.498 -0.758 6  0.906  284.5
1996 09 09 -0.351 -0.846 6  0.916  291.1
1996 09 10 -0.199 -0.921 6  0.943  302.0
1996 09 11 -0.044 -0.982 6  0.983  316.1
1996 09 12  0.110 -1.027 7  1.033  331.8
1996 09 13  0.260 -1.054 7  1.086  347.6
1996 09 14  0.401 -1.063 7  1.136  361.8
1996 09 15  0.532 -1.053 7  1.180  373.4
1996 09 16  0.649 -1.025 7  1.213  381.2
1996 09 17  0.749 -0.979 7  1.232  384.5
1996 09 18  0.830 -0.915 7  1.236  382.9
1996 09 19  0.892 -0.836 8  1.222  376.3
1996 09 20  0.932 -0.744 8  1.193  364.7
1996 09 21  0.953 -0.640 8  1.148  348.5
1996 09 22  0.953 -0.527 8  1.090  328.6
1996 09 23  0.935 -0.408 8  1.021  305.7
1996 09 24  0.901 -0.285 8  0.945  281.3
1996 09 25  0.853 -0.160 8  0.868  257.0
1996 09 26  0.794 -0.035 8  0.794  234.5
1996 09 27  0.726  0.086 1  0.731  216.1
1996 09 28  0.654  0.203 1  0.685  203.7
1996 09 29  0.579  0.315 1  0.659  198.6
1996 09 30  0.505  0.420 1  0.657  201.1
1996 10 01  0.434  0.517 2  0.675  209.9
1996 10 02  0.367  0.607 2  0.709  223.2
1996 10 03  0.307  0.689 2  0.754  239.3
1996 10 04  0.252  0.764 2  0.804  256.6
1996 10 05  0.204  0.831 2  0.856  274.1
1996 10 06  0.161  0.892 2  0.907  290.9
1996 10 07  0.122  0.947 2  0.955  306.7
1996 10 08  0.085  0.996 2  0.999  321.2
1996 10 09  0.048  1.038 2  1.039  334.2
1996 10 10  0.009  1.074 2  1.074  345.4
1996 10 11 -0.035  1.103 3  1.104  354.8
1996 10 12 -0.085  1.124 3  1.127  362.3
1996 10 13 -0.144  1.135 3  1.144  367.5
1996 10 14 -0.213  1.136 3  1.156  370.6
1996 10 15 -0.292  1.124 3  1.161  371.5
1996 10 16 -0.381  1.097 3  1.162  370.4
1996 10 17 -0.479  1.055 3  1.159  367.5
1996 10 18 -0.584  0.995 3  1.154  363.4
1996 10 19 -0.692  0.916 3  1.148  358.5
1996 10 20 -0.801  0.818 3  1.145  353.6
1996 10 21 -0.905  0.700 4  1.145  349.4
1996 10 22 -1.002  0.563 4  1.149  346.7
1996 10 23 -1.085  0.409 4  1.159  346.1
1996 10 24 -1.150  0.238 4  1.175  348.0
1996 10 25 -1.193  0.055 4  1.194  352.6
1996 10 26 -1.210 -0.137 5  1.218  359.9
1996 10 27 -1.198 -0.334 5  1.244  369.6
1996 10 28 -1.155 -0.531 5  1.272  381.4
1996 10 29 -1.081 -0.723 5  1.300  394.8
1996 10 30 -0.975 -0.905 5  1.330  409.3
1996 10 31 -0.839 -1.072 6  1.362  424.6
1996 11 01 -0.677 -1.219 6  1.395  440.1
1996 11 02 -0.493 -1.342 6  1.430  455.4
1996 11 03 -0.292 -1.437 6  1.467  470.1
1996 11 04 -0.080 -1.502 6  1.504  483.6
1996 11 05  0.136 -1.535 7  1.541  495.4
1996 11 06  0.351 -1.537 7  1.576  504.9
1996 11 07  0.556 -1.506 7  1.606  511.5
1996 11 08  0.748 -1.447 7  1.628  514.8
1996 11 09  0.918 -1.360 7  1.641  514.4
1996 11 10  1.065 -1.249 7  1.641  510.1
1996 11 11  1.183 -1.120 8  1.629  501.6
1996 11 12  1.271 -0.976 8  1.602  489.0
1996 11 13  1.328 -0.822 8  1.562  472.7
1996 11 14  1.354 -0.663 8  1.508  453.0
1996 11 15  1.352 -0.504 8  1.443  430.7
1996 11 16  1.324 -0.348 8  1.369  406.5
1996 11 17  1.274 -0.199 8  1.289  381.3
1996 11 18  1.205 -0.060 8  1.207  356.2
1996 11 19  1.123  0.067 1  1.125  332.2
1996 11 20  1.032  0.182 1  1.048  310.2
1996 11 21  0.936  0.284 1  0.979  291.1
1996 11 22  0.840  0.374 1  0.920  275.7
1996 11 23  0.747  0.454 1  0.874  264.4
1996 11 24  0.658  0.525 1  0.842  257.4
1996 11 25  0.575  0.589 2  0.823  254.4
1996 11 26  0.499  0.648 2  0.818  255.2
1996 11 27  0.429  0.704 2  0.824  259.3
1996 11 28  0.362  0.758 2  0.840  266.3
1996 11 29  0.297  0.812 2  0.865  275.5
1996 11 30  0.231  0.866 2  0.896  286.7
1996 12 01  0.160  0.919 2  0.933  299.2
1996 12 02  0.082  0.970 2  0.973  312.8
1996 12 03 -0.006  1.017 3  1.017  327.0
1996 12 04 -0.107  1.057 3  1.063  341.4
1996 12 05 -0.221  1.088 3  1.110  355.9
1996 12 06 -0.349  1.106 3  1.159  370.2
1996 12 07 -0.489  1.107 3  1.210  384.1
1996 12 08 -0.641  1.088 3  1.263  397.7
1996 12 09 -0.799  1.046 3  1.317  411.0
1996 12 10 -0.961  0.980 3  1.372  424.0
1996 12 11 -1.120  0.887 4  1.429  436.7
1996 12 12 -1.272  0.767 4  1.485  449.1
1996 12 13 -1.408  0.622 4  1.539  461.2
1996 12 14 -1.523  0.453 4  1.589  472.6
1996 12 15 -1.612  0.263 4  1.633  483.2
1996 12 16 -1.668  0.058 4  1.669  492.6
1996 12 17 -1.687 -0.157 5  1.694  500.5
1996 12 18 -1.667 -0.375 5  1.708  506.6
1996 12 19 -1.605 -0.591 5  1.710  510.5
1996 12 20 -1.502 -0.797 5  1.700  512.1
1996 12 21 -1.360 -0.985 5  1.679  511.3
1996 12 22 -1.182 -1.149 5  1.649  508.2
1996 12 23 -0.973 -1.284 6  1.611  503.0
1996 12 24 -0.739 -1.385 6  1.570  496.0
1996 12 25 -0.489 -1.448 6  1.528  487.4
1996 12 26 -0.229 -1.471 6  1.488  477.8
1996 12 27  0.031 -1.453 7  1.453  467.3
1996 12 28  0.283 -1.396 7  1.424  456.5
1996 12 29  0.519 -1.301 7  1.401  445.6
1996 12 30  0.730 -1.174 7  1.383  434.7
1996 12 31  0.912 -1.018 7  1.367  424.0
1997 01 01  1.059 -0.841 8  1.353  413.4
1997 01 02  1.168 -0.649 8  1.336  402.9
1997 01 03  1.236 -0.448 8  1.315  392.2
1997 01 04  1.263 -0.248 8  1.287  381.2
1997 01 05  1.251 -0.054 8  1.252  369.7
1997 01 06  1.203  0.127 1  1.210  357.5
1997 01 07  1.123  0.289 1  1.160  344.3
1997 01 08  1.016  0.428 1  1.102  329.9
1997 01 09  0.889  0.538 1  1.039  314.3
1997 01 10  0.748  0.620 1  0.971  297.3
1997 01 11  0.600  0.670 2  0.899  278.9
1997 01 12  0.452  0.690 2  0.825  259.0
1997 01 13  0.310  0.682 2  0.749  237.6
1997 01 14  0.180  0.647 2  0.672  214.8
1997 01 15  0.066  0.590 2  0.594  190.8
1997 01 16 -0.027  0.515 3  0.516  165.8
1997 01 17 -0.096  0.427 3  0.438  140.2
1997 01 18 -0.141  0.331 3  0.360  114.2
1997 01 19 -0.161  0.232 3  0.282   88.5
1997 01 20 -0.157  0.136 4  0.207   63.6
1997 01 21 -0.131  0.046 4  0.139   41.4
1997 01 22 -0.085 -0.031 5  0.091   27.1
1997 01 23 -0.024 -0.094 6  0.097   31.1
1997 01 24  0.050 -0.139 7  0.148   47.1
1997 01 25  0.130 -0.165 7  0.210   65.4
1997 01 26  0.214 -0.169 8  0.273   83.3
1997 01 27  0.295 -0.153 8  0.332  100.0
1997 01 28  0.370 -0.117 8  0.388  115.5
1997 01 29  0.435 -0.062 8  0.439  129.8
1997 01 30  0.485  0.009 1  0.485  143.2
1997 01 31  0.518  0.094 1  0.527  156.0
1997 02 01  0.532  0.189 1  0.565  168.5
1997 02 02  0.525  0.291 1  0.600  181.1
1997 02 03  0.496  0.396 1  0.635  194.0
1997 02 04  0.445  0.499 2  0.669  207.4
1997 02 05  0.372  0.598 2  0.704  221.4
1997 02 06  0.281  0.687 2  0.742  235.9
1997 02 07  0.172  0.764 2  0.783  250.8
1997 02 08  0.049  0.825 2  0.827  265.7
1997 02 09 -0.085  0.869 3  0.873  280.4
1997 02 10 -0.225  0.892 3  0.920  294.5
1997 02 11 -0.368  0.894 3  0.967  307.4
1997 02 12 -0.508  0.875 3  1.012  318.8
1997 02 13 -0.642  0.834 3  1.052  328.4
1997 02 14 -0.765  0.772 3  1.087  335.7
1997 02 15 -0.875  0.691 4  1.115  340.7
1997 02 16 -0.966  0.593 4  1.134  343.1
1997 02 17 -1.037  0.481 4  1.143  343.0
1997 02 18 -1.087  0.357 4  1.144  340.6
1997 02 19 -1.113  0.224 4  1.135  336.2
1997 02 20 -1.115  0.087 4  1.119  330.4
1997 02 21 -1.095 -0.051 5  1.096  323.7
1997 02 22 -1.054 -0.188 5  1.071  316.9
1997 02 23 -0.993 -0.319 5  1.043  310.7
1997 02 24 -0.916 -0.444 5  1.018  305.7
1997 02 25 -0.826 -0.558 5  0.997  302.7
1997 02 26 -0.725 -0.662 5  0.981  301.7
1997 02 27 -0.618 -0.752 6  0.973  303.0
1997 02 28 -0.507 -0.830 6  0.973  306.1
1997 03 01 -0.396 -0.895 6  0.979  310.7
1997 03 02 -0.287 -0.947 6  0.990  316.2
1997 03 03 -0.183 -0.987 6  1.004  322.1
1997 03 04 -0.084 -1.016 6  1.019  327.7
1997 03 05  0.009 -1.034 7  1.034  332.6
1997 03 06  0.095 -1.043 7  1.047  336.4
1997 03 07  0.175 -1.042 7  1.057  339.1
1997 03 08  0.250 -1.033 7  1.063  340.3
1997 03 09  0.321 -1.015 7  1.065  340.0
1997 03 10  0.390 -0.989 7  1.063  338.3
1997 03 11  0.458 -0.954 7  1.058  335.1
1997 03 12  0.526 -0.908 7  1.049  330.6
1997 03 13  0.594 -0.851 7  1.038  325.1
1997 03 14  0.662 -0.783 7  1.025  318.7
1997 03 15  0.731 -0.701 8  1.013  312.0
1997 03 16  0.799 -0.605 8  1.002  305.7
1997 03 17  0.863 -0.495 8  0.995  300.4
1997 03 18  0.922 -0.371 8  0.994  297.0
1997 03 19  0.971 -0.234 8  0.999  296.4
1997 03 20  1.009 -0.085 8  1.012  299.0
1997 03 21  1.031  0.073 1  1.033  305.1
1997 03 22  1.034  0.236 1  1.061  314.5
1997 03 23  1.015  0.403 1  1.092  326.4
1997 03 24  0.973  0.566 1  1.126  340.0
1997 03 25  0.905  0.723 1  1.159  354.3
1997 03 26  0.812  0.868 2  1.189  368.0
1997 03 27  0.695  0.996 2  1.214  380.2
1997 03 28  0.555  1.101 2  1.233  390.1
1997 03 29  0.395  1.180 2  1.245  397.1
1997 03 30  0.221  1.229 2  1.249  400.7
1997 03 31  0.038  1.246 2  1.246  400.8
1997 04 01 -0.150  1.228 3  1.237  397.3
1997 04 02 -0.334  1.175 3  1.222  390.5
1997 04 03 -0.508  1.088 3  1.201  380.8
1997 04 04 -0.667  0.970 3  1.177  368.7
1997 04 05 -0.803  0.822 3  1.149  355.1
1997 04 06 -0.912  0.651 4  1.120  340.9
1997 04 07 -0.989  0.460 4  1.091  327.3
1997 04 08 -1.031  0.257 4  1.063  315.4
1997 04 09 -1.037  0.047 4  1.038  306.5
1997 04 10 -1.006 -0.163 5  1.019  301.6
1997 04 11 -0.940 -0.367 5  1.009  301.4
1997 04 12 -0.840 -0.557 5  1.008  305.9
1997 04 13 -0.711 -0.729 6  1.018  314.6
1997 04 14 -0.557 -0.878 6  1.039  326.6
1997 04 15 -0.384 -0.998 6  1.070  340.4
1997 04 16 -0.197 -1.089 6  1.106  354.9
1997 04 17 -0.004 -1.146 6  1.146  368.6
1997 04 18  0.189 -1.170 7  1.186  380.5
1997 04 19  0.377 -1.161 7  1.221  389.6
1997 04 20  0.553 -1.119 7  1.248  395.1
1997 04 21  0.712 -1.047 7  1.266  396.8
1997 04 22  0.850 -0.946 7  1.272  394.3
1997 04 23  0.964 -0.820 8  1.266  387.9
1997 04 24  1.051 -0.672 8  1.248  378.1
1997 04 25  1.109 -0.506 8  1.219  365.7
1997 04 26  1.138 -0.326 8  1.184  351.8
1997 04 27  1.136 -0.136 8  1.144  338.1
1997 04 28  1.104  0.060 1  1.106  326.6
1997 04 29  1.044  0.259 1  1.076  319.2
1997 04 30  0.956  0.456 1  1.059  318.1
1997 05 01  0.843  0.647 1  1.063  324.4
1997 05 02  0.705  0.830 2  1.089  338.4
1997 05 03  0.546  0.999 2  1.139  359.5
1997 05 04  0.368  1.152 2  1.209  386.0
1997 05 05  0.173  1.284 2  1.296  416.2
1997 05 06 -0.035  1.393 3  1.394  448.1
1997 05 07 -0.253  1.475 3  1.496  480.1
1997 05 08 -0.477  1.526 3  1.599  510.5
1997 05 09 -0.702  1.545 3  1.697  538.2
1997 05 10 -0.924  1.528 3  1.786  562.1
1997 05 11 -1.137  1.476 3  1.863  581.3
1997 05 12 -1.335  1.387 3  1.925  595.2
1997 05 13 -1.513  1.262 4  1.970  603.5
1997 05 14 -1.665  1.103 4  1.997  606.0
1997 05 15 -1.784  0.912 4  2.004  602.8
1997 05 16 -1.865  0.695 4  1.991  594.2
1997 05 17 -1.905  0.455 4  1.958  580.9
1997 05 18 -1.898  0.201 4  1.908  563.9
1997 05 19 -1.843 -0.062 5  1.844  544.2
1997 05 20 -1.738 -0.324 5  1.768  523.5
1997 05 21 -1.585 -0.577 5  1.687  503.2
1997 05 22 -1.385 -0.813 5  1.606  485.3
1997 05 23 -1.144 -1.022 5  1.534  471.3
1997 05 24 -0.867 -1.199 6  1.480  462.8
1997 05 25 -0.563 -1.335 6  1.449  460.4
1997 05 26 -0.239 -1.427 6  1.447  464.2
1997 05 27  0.094 -1.470 7  1.473  473.4
1997 05 28  0.425 -1.463 7  1.523  486.7
1997 05 29  0.743 -1.406 7  1.590  502.5
1997 05 30  1.038 -1.302 7  1.665  518.8
1997 05 31  1.301 -1.155 8  1.740  534.3
1997 06 01  1.522 -0.972 8  1.806  547.3
1997 06 02  1.695 -0.760 8  1.858  556.9
1997 06 03  1.816 -0.528 8  1.891  562.1
1997 06 04  1.880 -0.285 8  1.902  562.6
1997 06 05  1.889 -0.041 8  1.890  557.8
1997 06 06  1.844  0.193 1  1.854  547.9
1997 06 07  1.749  0.410 1  1.796  532.8
1997 06 08  1.610  0.600 1  1.718  512.9
1997 06 09  1.435  0.757 1  1.622  488.5
1997 06 10  1.232  0.876 1  1.512  460.1
1997 06 11  1.012  0.954 1  1.391  428.3
1997 06 12  0.784  0.990 2  1.263  393.7
1997 06 13  0.558  0.985 2  1.132  357.0
1997 06 14  0.343  0.941 2  1.002  319.2
1997 06 15  0.147  0.863 2  0.876  281.0
1997 06 16 -0.025  0.757 3  0.758  243.6
1997 06 17 -0.166  0.629 3  0.651  208.2
1997 06 18 -0.274  0.488 3  0.560  176.5
1997 06 19 -0.349  0.340 4  0.487  150.2
1997 06 20 -0.392  0.193 4  0.437  131.3
1997 06 21 -0.405  0.055 4  0.408  120.7
1997 06 22 -0.391 -0.069 5  0.398  117.7
1997 06 23 -0.358 -0.173 5  0.398  119.4
1997 06 24 -0.310 -0.254 5  0.400  122.6
1997 06 25 -0.253 -0.309 6  0.400  124.4
1997 06 26 -0.195 -0.338 6  0.390  122.9
1997 06 27 -0.140 -0.341 6  0.369  117.2
1997 06 28 -0.095 -0.320 6  0.334  106.7
1997 06 29 -0.062 -0.279 6  0.286   91.5
1997 06 30 -0.046 -0.221 6  0.225   72.2
1997 07 01 -0.047 -0.150 6  0.157   50.2
1997 07 02 -0.066 -0.072 6  0.097   30.2
1997 07 03 -0.102  0.009 4  0.103   30.3
1997 07 04 -0.154  0.088 4  0.178   53.6
1997 07 05 -0.219  0.161 4  0.272   82.8
1997 07 06 -0.293  0.224 4  0.369  112.6
1997 07 07 -0.373  0.275 4  0.463  141.2
1997 07 08 -0.455  0.311 4  0.551  167.5
1997 07 09 -0.535  0.332 4  0.629  190.6
1997 07 10 -0.609  0.337 4  0.696  210.0
1997 07 11 -0.676  0.326 4  0.750  225.4
1997 07 12 -0.732  0.301 4  0.791  236.7
1997 07 13 -0.776  0.262 4  0.819  244.1
1997 07 14 -0.807  0.212 4  0.835  247.9
1997 07 15 -0.826  0.153 4  0.840  248.6
1997 07 16 -0.831  0.087 4  0.836  246.9
1997 07 17 -0.825  0.016 4  0.825  243.5
1997 07 18 -0.808 -0.058 5  0.810  239.1
1997 07 19 -0.781 -0.134 5  0.792  234.5
1997 07 20 -0.746 -0.208 5  0.775  230.3
1997 07 21 -0.705 -0.281 5  0.759  226.8
1997 07 22 -0.658 -0.350 5  0.745  224.4
1997 07 23 -0.605 -0.415 5  0.734  222.9
1997 07 24 -0.549 -0.473 5  0.725  222.3
1997 07 25 -0.488 -0.526 6  0.717  222.1
1997 07 26 -0.424 -0.571 6  0.711  222.0
1997 07 27 -0.355 -0.607 6  0.704  221.6
1997 07 28 -0.283 -0.635 6  0.695  220.6
1997 07 29 -0.207 -0.653 6  0.685  218.8
1997 07 30 -0.128 -0.661 6  0.674  216.0
1997 07 31 -0.046 -0.659 6  0.661  212.5
1997 08 01  0.038 -0.647 7  0.648  208.4
1997 08 02  0.124 -0.624 7  0.637  204.1
1997 08 03  0.209 -0.592 7  0.628  200.3
1997 08 04  0.293 -0.551 7  0.624  197.3
1997 08 05  0.373 -0.503 7  0.626  195.6
1997 08 06  0.447 -0.448 7  0.633  195.5
1997 08 07  0.514 -0.390 8  0.645  196.7
1997 08 08  0.571 -0.329 8  0.659  199.0
1997 08 09  0.618 -0.268 8  0.673  201.7
1997 08 10  0.652 -0.209 8  0.685  204.0
1997 08 11  0.674 -0.156 8  0.692  205.1
1997 08 12  0.683 -0.108 8  0.691  204.4
1997 08 13  0.678 -0.070 8  0.682  201.5
1997 08 14  0.662 -0.040 8  0.664  195.9
1997 08 15  0.636 -0.022 8  0.636  187.8
1997 08 16  0.601 -0.013 8  0.601  177.4
1997 08 17  0.559 -0.015 8  0.559  165.1
1997 08 18  0.513 -0.026 8  0.514  151.7
1997 08 19  0.465 -0.045 8  0.467  138.0
1997 08 20  0.418 -0.068 8  0.423  125.2
1997 08 21  0.372 -0.095 8  0.384  114.1
1997 08 22  0.331 -0.121 8  0.353  105.2
1997 08 23  0.295 -0.143 8  0.328   98.6
1997 08 24  0.265 -0.159 8  0.310   93.6
1997 08 25  0.241 -0.167 8  0.293   89.1
1997 08 26  0.222 -0.163 8  0.276   84.0
1997 08 27  0.208 -0.147 8  0.254   77.4
1997 08 28  0.197 -0.116 8  0.228   69.0
1997 08 29  0.186 -0.072 8  0.200   59.7
1997 08 30  0.175 -0.016 8  0.176   52.0
1997 08 31  0.162  0.053 1  0.170   50.7
1997 09 01  0.144  0.131 1  0.195   59.8
1997 09 02  0.120  0.215 2  0.246   77.6
1997 09 03  0.090  0.301 2  0.314  100.4
1997 09 04  0.052  0.387 2  0.390  125.2
1997 09 05  0.007  0.467 2  0.467  150.1
1997 09 06 -0.044  0.538 3  0.540  173.5
1997 09 07 -0.101  0.597 3  0.605  194.2
1997 09 08 -0.161  0.640 3  0.659  211.1
1997 09 09 -0.222  0.664 3  0.700  223.4
1997 09 10 -0.281  0.669 3  0.726  230.7
1997 09 11 -0.336  0.654 3  0.735  232.5
1997 09 12 -0.384  0.618 3  0.728  228.9
1997 09 13 -0.423  0.564 3  0.705  220.1
1997 09 14 -0.450  0.492 3  0.667  206.6
1997 09 15 -0.464  0.406 4  0.617  189.3
1997 09 16 -0.464  0.310 4  0.558  169.3
1997 09 17 -0.449  0.207 4  0.494  148.1
1997 09 18 -0.419  0.101 4  0.431  127.8
1997 09 19 -0.376 -0.003 5  0.376  110.9
1997 09 20 -0.320 -0.100 5  0.336   99.9
1997 09 21 -0.255 -0.188 5  0.317   96.6
1997 09 22 -0.182 -0.263 6  0.320  100.1
1997 09 23 -0.104 -0.321 6  0.338  107.7
1997 09 24 -0.024 -0.361 6  0.362  116.4
1997 09 25  0.055 -0.382 7  0.386  123.9
1997 09 26  0.131 -0.382 7  0.404  128.9
1997 09 27  0.201 -0.363 7  0.415  131.0
1997 09 28  0.264 -0.325 7  0.418  130.2
1997 09 29  0.317 -0.269 8  0.416  127.4
1997 09 30  0.359 -0.198 8  0.410  123.7
1997 10 01  0.390 -0.115 8  0.407  120.9
1997 10 02  0.409 -0.022 8  0.410  121.0
1997 10 03  0.417  0.077 1  0.424  125.4
1997 10 04  0.413  0.179 1  0.450  134.7
1997 10 05  0.397  0.281 1  0.487  148.1
1997 10 06  0.372  0.379 2  0.532  164.2
1997 10 07  0.338  0.471 2  0.580  181.4
1997 10 08  0.295  0.553 2  0.627  198.1
1997 10 09  0.245  0.623 2  0.670  213.2
1997 10 10  0.189  0.679 2  0.705  225.4
1997 10 11  0.128  0.719 2  0.730  234.1
1997 10 12  0.063  0.740 2  0.743  238.8
1997 10 13 -0.005  0.743 3  0.743  238.9
1997 10 14 -0.075  0.726 3  0.730  234.6
1997 10 15 -0.145  0.690 3  0.705  226.0
1997 10 16 -0.214  0.634 3  0.670  213.6
1997 10 17 -0.281  0.560 3  0.627  198.3
1997 10 18 -0.344  0.469 3  0.581  181.7
1997 10 19 -0.401  0.362 4  0.540  166.0
1997 10 20 -0.450  0.242 4  0.511  154.0
1997 10 21 -0.490  0.111 4  0.503  149.1
1997 10 22 -0.520 -0.027 5  0.520  153.6
1997 10 23 -0.536 -0.170 5  0.563  167.5
1997 10 24 -0.540 -0.313 5  0.624  188.4
1997 10 25 -0.528 -0.454 5  0.696  213.5
1997 10 26 -0.501 -0.588 6  0.772  240.0
1997 10 27 -0.459 -0.712 6  0.846  265.8
1997 10 28 -0.401 -0.822 6  0.914  289.5
1997 10 29 -0.329 -0.915 6  0.972  309.7
1997 10 30 -0.244 -0.988 6  1.017  325.7
1997 10 31 -0.148 -1.039 6  1.050  337.0
1997 11 01 -0.043 -1.067 6  1.068  343.3
1997 11 02  0.067 -1.070 7  1.072  344.5
1997 11 03  0.179 -1.048 7  1.063  341.0
1997 11 04  0.290 -1.001 7  1.042  333.1
1997 11 05  0.396 -0.931 7  1.012  321.5
1997 11 06  0.493 -0.841 7  0.975  307.0
1997 11 07  0.580 -0.731 7  0.933  290.7
1997 11 08  0.651 -0.606 8  0.890  273.7
1997 11 09  0.706 -0.469 8  0.848  257.3
1997 11 10  0.742 -0.325 8  0.810  242.5
1997 11 11  0.757 -0.176 8  0.778  230.6
1997 11 12  0.753 -0.028 8  0.753  222.3
1997 11 13  0.728  0.115 1  0.737  218.0
1997 11 14  0.684  0.251 1  0.728  217.3
1997 11 15  0.622  0.375 1  0.726  219.5
1997 11 16  0.545  0.484 1  0.729  223.8
1997 11 17  0.455  0.577 2  0.735  229.1
1997 11 18  0.356  0.652 2  0.743  234.5
1997 11 19  0.251  0.707 2  0.751  239.3
1997 11 20  0.144  0.744 2  0.757  242.9
1997 11 21  0.037  0.761 2  0.762  245.0
1997 11 22 -0.067  0.761 3  0.763  245.4
1997 11 23 -0.163  0.744 3  0.761  243.9
1997 11 24 -0.250  0.712 3  0.755  240.7
1997 11 25 -0.326  0.669 3  0.744  235.6
1997 11 26 -0.388  0.616 3  0.728  228.7
1997 11 27 -0.437  0.555 3  0.706  220.2
1997 11 28 -0.471  0.490 3  0.680  210.1
1997 11 29 -0.491  0.423 4  0.648  198.7
1997 11 30 -0.497  0.356 4  0.611  185.9
1997 12 01 -0.490  0.291 4  0.570  172.2
1997 12 02 -0.472  0.229 4  0.524  157.5
1997 12 03 -0.444  0.173 4  0.476  142.3
1997 12 04 -0.409  0.122 4  0.427  126.9
1997 12 05 -0.368  0.078 4  0.376  111.5
1997 12 06 -0.324  0.040 4  0.327   96.6
1997 12 07 -0.279  0.007 4  0.280   82.5
1997 12 08 -0.236 -0.019 5  0.236   69.8
1997 12 09 -0.195 -0.041 5  0.199   59.0
1997 12 10 -0.158 -0.059 5  0.169   50.5
1997 12 11 -0.128 -0.075 5  0.148   44.8
1997 12 12 -0.104 -0.089 5  0.137   42.1
1997 12 13 -0.088 -0.104 6  0.136   42.4
1997 12 14 -0.081 -0.119 6  0.144   45.1
1997 12 15 -0.080 -0.137 6  0.159   50.0
1997 12 16 -0.088 -0.157 6  0.180   56.8
1997 12 17 -0.102 -0.181 6  0.207   65.4
1997 12 18 -0.121 -0.208 6  0.241   75.9
1997 12 19 -0.145 -0.239 6  0.280   88.1
1997 12 20 -0.171 -0.274 6  0.323  101.6
1997 12 21 -0.199 -0.312 6  0.370  116.1
1997 12 22 -0.225 -0.351 6  0.417  131.1
1997 12 23 -0.249 -0.392 6  0.465  146.0
1997 12 24 -0.269 -0.433 6  0.510  160.3
1997 12 25 -0.282 -0.472 6  0.550  173.2
1997 12 26 -0.289 -0.508 6  0.584  184.3
1997 12 27 -0.287 -0.539 6  0.611  193.0
1997 12 28 -0.277 -0.564 6  0.628  198.9
1997 12 29 -0.257 -0.581 6  0.635  201.6
1997 12 30 -0.229 -0.588 6  0.631  200.9
1997 12 31 -0.192 -0.585 6  0.616  196.6
1998 01 01 -0.148 -0.571 6  0.590  188.8
1998 01 02 -0.099 -0.545 6  0.554  177.7
1998 01 03 -0.045 -0.508 6  0.510  163.7
1998 01 04  0.010 -0.458 7  0.459  147.4
1998 01 05  0.065 -0.399 7  0.404  129.7
1998 01 06  0.118 -0.330 7  0.350  111.6
1998 01 07  0.166 -0.253 7  0.303   95.0
1998 01 08  0.207 -0.171 8  0.269   82.2
1998 01 09  0.239 -0.086 8  0.254   75.9
1998 01 10  0.262 -0.000 8  0.262   77.4
1998 01 11  0.274  0.084 1  0.287   85.3
1998 01 12  0.275  0.163 1  0.320   96.6
1998 01 13  0.265  0.235 1  0.354  108.7
1998 01 14  0.244  0.298 2  0.385  119.8
1998 01 15  0.214  0.349 2  0.409  128.8
1998 01 16  0.177  0.387 2  0.426  135.0
1998 01 17  0.134  0.412 2  0.433  138.2
1998 01 18  0.087  0.422 2  0.431  138.2
1998 01 19  0.040  0.419 2  0.421  135.2
1998 01 20 -0.006  0.402 3  0.402  129.2
1998 01 21 -0.049  0.373 3  0.376  120.8
1998 01 22 -0.085  0.334 3  0.345  110.3
1998 01 23 -0.115  0.287 3  0.309   98.3
1998 01 24 -0.135  0.234 3  0.271   85.3
1998 01 25 -0.147  0.179 3  0.231   72.0
1998 01 26 -0.149  0.123 4  0.193   59.1
1998 01 27 -0.142  0.069 4  0.158   47.4
1998 01 28 -0.126  0.020 4  0.128   37.8
1998 01 29 -0.104 -0.023 5  0.106   31.6
1998 01 30 -0.077 -0.057 5  0.096   29.2
1998 01 31 -0.046 -0.083 6  0.095   29.9
1998 02 01 -0.014 -0.099 6  0.100   32.1
1998 02 02  0.018 -0.106 7  0.107   34.4
1998 02 03  0.047 -0.103 7  0.113   35.9
1998 02 04  0.071 -0.093 7  0.117   36.4
1998 02 05  0.090 -0.076 8  0.117   36.0
1998 02 06  0.102 -0.054 8  0.115   34.7
1998 02 07  0.107 -0.029 8  0.111   32.9
1998 02 08  0.105 -0.003 8  0.105   31.1
1998 02 09  0.097  0.022 1  0.099   29.4
1998 02 10  0.082  0.045 1  0.094   28.3
1998 02 11  0.064  0.064 1  0.090   27.8
1998 02 12  0.042  0.077 2  0.088   27.6
1998 02 13  0.019  0.084 2  0.086   27.6
1998 02 14 -0.004  0.085 3  0.085   27.3
1998 02 15 -0.025  0.079 3  0.083   26.5
1998 02 16 -0.043  0.067 3  0.080   25.1
1998 02 17 -0.057  0.050 4  0.076   23.2
1998 02 18 -0.065  0.029 4  0.071   21.2
1998 02 19 -0.067  0.004 4  0.067   19.8
1998 02 20 -0.063 -0.021 5  0.067   19.9
1998 02 21 -0.054 -0.047 5  0.072   22.1
1998 02 22 -0.040 -0.072 6  0.082   26.0
1998 02 23 -0.022 -0.094 6  0.097   31.0
1998 02 24 -0.001 -0.113 6  0.113   36.4
1998 02 25  0.021 -0.127 7  0.129   41.4
1998 02 26  0.043 -0.137 7  0.143   45.8
1998 02 27  0.064 -0.141 7  0.155   49.1
1998 02 28  0.082 -0.140 7  0.163   51.2
1998 03 01  0.096 -0.135 7  0.166   51.9
1998 03 02  0.106 -0.126 7  0.165   51.2
1998 03 03  0.110 -0.114 7  0.159   49.0
1998 03 04  0.110 -0.100 8  0.148   45.5
1998 03 05  0.104 -0.084 8  0.134   41.0
1998 03 06  0.094 -0.069 8  0.116   35.5
1998 03 07  0.080 -0.055 8  0.097   29.4
1998 03 08  0.063 -0.043 8  0.076   23.1
1998 03 09  0.045 -0.033 8  0.056   17.0
1998 03 10  0.027 -0.027 7  0.038   11.8
1998 03 11  0.010 -0.024 7  0.026    8.3
1998 03 12 -0.004 -0.025 6  0.025    8.1
1998 03 13 -0.015 -0.029 6  0.032   10.2
1998 03 14 -0.020 -0.035 6  0.041   12.8
1998 03 15 -0.020 -0.044 6  0.049   15.4
1998 03 16 -0.014 -0.055 6  0.056   18.0
1998 03 17 -0.002 -0.065 6  0.065   21.0
1998 03 18  0.016 -0.076 7  0.077   24.8
1998 03 19  0.039 -0.084 7  0.093   29.5
1998 03 20  0.067 -0.091 7  0.113   35.2
1998 03 21  0.098 -0.094 8  0.136   41.8
1998 03 22  0.131 -0.093 8  0.160   48.8
1998 03 23  0.165 -0.087 8  0.186   56.1
1998 03 24  0.197 -0.076 8  0.211   63.1
1998 03 25  0.227 -0.059 8  0.235   69.7
1998 03 26  0.253 -0.037 8  0.256   75.6
1998 03 27  0.273 -0.010 8  0.273   80.6
1998 03 28  0.285  0.023 1  0.286   84.6
1998 03 29  0.290  0.059 1  0.296   87.6
1998 03 30  0.285  0.099 1  0.301   89.9
1998 03 31  0.270  0.140 1  0.304   91.6
1998 04 01  0.245  0.183 1  0.306   93.3
1998 04 02  0.210  0.225 2  0.308   95.4
1998 04 03  0.166  0.265 2  0.313   98.3
1998 04 04  0.112  0.302 2  0.322  102.5
1998 04 05  0.052  0.333 2  0.337  108.1
1998 04 06 -0.014  0.357 3  0.357  114.9
1998 04 07 -0.084  0.373 3  0.382  122.5
1998 04 08 -0.155  0.380 3  0.410  130.4
1998 04 09 -0.225  0.376 3  0.438  137.9
1998 04 10 -0.290  0.361 3  0.463  144.3
1998 04 11 -0.348  0.335 4  0.483  148.9
1998 04 12 -0.396  0.298 4  0.496  151.3
1998 04 13 -0.431  0.252 4  0.499  150.8
1998 04 14 -0.451  0.196 4  0.491  147.2
1998 04 15 -0.453  0.133 4  0.472  140.3
1998 04 16 -0.436  0.066 4  0.441  130.3
1998 04 17 -0.399 -0.004 5  0.399  117.8
1998 04 18 -0.342 -0.074 5  0.350  103.8
1998 04 19 -0.266 -0.139 5  0.301   90.5
1998 04 20 -0.173 -0.198 6  0.263   81.7
1998 04 21 -0.065 -0.247 6  0.256   81.8
1998 04 22  0.054 -0.284 7  0.289   92.7
1998 04 23  0.181 -0.306 7  0.355  111.9
1998 04 24  0.310 -0.311 7  0.439  135.5
1998 04 25  0.436 -0.298 8  0.528  160.5
1998 04 26  0.554 -0.266 8  0.615  184.7
1998 04 27  0.659 -0.217 8  0.694  206.6
1998 04 28  0.744 -0.152 8  0.759  224.9
1998 04 29  0.805 -0.072 8  0.808  238.8
1998 04 30  0.839  0.020 1  0.839  247.7
1998 05 01  0.842  0.119 1  0.851  251.5
1998 05 02  0.813  0.221 1  0.843  250.3
1998 05 03  0.751  0.323 1  0.817  244.7
1998 05 04  0.657  0.419 1  0.779  236.0
1998 05 05  0.533  0.504 1  0.734  225.9
1998 05 06  0.384  0.575 2  0.691  216.7
1998 05 07  0.213  0.626 2  0.662  211.0
1998 05 08  0.028  0.656 2  0.656  211.0
1998 05 09 -0.165  0.661 3  0.681  218.0
1998 05 10 -0.358  0.640 3  0.734  231.5
1998 05 11 -0.545  0.594 3  0.806  249.6
1998 05 12 -0.716  0.523 4  0.887  270.1
1998 05 13 -0.866  0.429 4  0.966  290.4
1998 05 14 -0.988  0.315 4  1.037  308.7
1998 05 15 -1.077  0.186 4  1.093  323.5
1998 05 16 -1.129  0.046 4  1.130  333.6
1998 05 17 -1.142 -0.099 5  1.146  338.5
1998 05 18 -1.115 -0.244 5  1.141  338.3
1998 05 19 -1.049 -0.384 5  1.117  333.2
1998 05 20 -0.947 -0.512 5  1.076  324.3
1998 05 21 -0.812 -0.624 5  1.024  312.6
1998 05 22 -0.651 -0.716 6  0.968  299.9
1998 05 23 -0.470 -0.784 6  0.914  287.8
1998 05 24 -0.275 -0.827 6  0.872  278.1
1998 05 25 -0.074 -0.843 6  0.847  272.1
1998 05 26  0.125 -0.833 7  0.842  270.3
1998 05 27  0.316 -0.796 7  0.857  272.5
1998 05 28  0.491 -0.737 7  0.885  277.6
1998 05 29  0.645 -0.656 7  0.920  284.2
1998 05 30  0.775 -0.558 8  0.955  290.7
1998 05 31  0.876 -0.447 8  0.983  295.8
1998 06 01  0.946 -0.328 8  1.001  298.5
1998 06 02  0.985 -0.204 8  1.006  298.1
1998 06 03  0.994 -0.080 8  0.997  294.6
1998 06 04  0.974  0.040 1  0.975  287.8
1998 06 05  0.928  0.153 1  0.940  278.3
1998 06 06  0.858  0.256 1  0.896  266.5
1998 06 07  0.770  0.347 1  0.844  253.1
1998 06 08  0.666  0.423 1  0.789  239.0
1998 06 09  0.551  0.484 1  0.733  225.0
1998 06 10  0.429  0.529 2  0.681  211.9
1998 06 11  0.302  0.558 2  0.634  200.4
1998 06 12  0.174  0.572 2  0.598  190.9
1998 06 13  0.048  0.570 2  0.572  183.9
1998 06 14 -0.076  0.554 3  0.560  179.7
1998 06 15 -0.194  0.525 3  0.559  178.2
1998 06 16 -0.307  0.482 3  0.571  179.4
1998 06 17 -0.413  0.426 3  0.593  183.4
1998 06 18 -0.512  0.359 4  0.625  190.0
1998 06 19 -0.603  0.280 4  0.664  199.3
1998 06 20 -0.685  0.190 4  0.711  211.2
1998 06 21 -0.758  0.089 4  0.763  225.5
1998 06 22 -0.820 -0.021 5  0.820  242.1
1998 06 23 -0.870 -0.139 5  0.881  260.7
1998 06 24 -0.906 -0.265 5  0.944  280.8
1998 06 25 -0.927 -0.396 5  1.008  301.7
1998 06 26 -0.929 -0.530 5  1.070  322.9
1998 06 27 -0.912 -0.664 5  1.128  343.5
1998 06 28 -0.873 -0.794 5  1.180  362.8
1998 06 29 -0.812 -0.916 6  1.224  379.8
1998 06 30 -0.728 -1.026 6  1.258  393.9
1998 07 01 -0.621 -1.120 6  1.281  404.3
1998 07 02 -0.492 -1.194 6  1.291  410.4
1998 07 03 -0.344 -1.242 6  1.289  412.1
1998 07 04 -0.180 -1.262 6  1.274  409.1
1998 07 05 -0.004 -1.249 6  1.249  401.7
1998 07 06  0.179 -1.203 7  1.216  390.5
1998 07 07  0.363 -1.122 7  1.179  376.4
1998 07 08  0.540 -1.007 7  1.143  360.9
1998 07 09  0.705 -0.859 7  1.111  345.8
1998 07 10  0.850 -0.681 8  1.089  333.1
1998 07 11  0.970 -0.478 8  1.082  325.1
1998 07 12  1.059 -0.255 8  1.090  323.3
1998 07 13  1.113 -0.020 8  1.113  328.5
1998 07 14  1.127  0.221 1  1.149  340.3
1998 07 15  1.102  0.458 1  1.193  357.0
1998 07 16  1.036  0.684 1  1.242  376.8
1998 07 17  0.932  0.892 1  1.290  397.3
1998 07 18  0.793  1.072 2  1.333  416.7
1998 07 19  0.625  1.219 2  1.370  433.2
1998 07 20  0.433  1.327 2  1.396  445.6
1998 07 21  0.225  1.393 2  1.411  453.0
1998 07 22  0.010  1.415 2  1.415  454.9
1998 07 23 -0.204  1.391 3  1.405  451.2
1998 07 24 -0.408  1.323 3  1.384  442.1
1998 07 25 -0.594  1.214 3  1.352  428.0
1998 07 26 -0.755  1.070 3  1.309  409.8
1998 07 27 -0.885  0.895 3  1.259  388.6
1998 07 28 -0.979  0.697 4  1.202  365.8
1998 07 29 -1.036  0.484 4  1.143  343.0
1998 07 30 -1.052  0.263 4  1.085  321.9
1998 07 31 -1.030  0.044 4  1.031  304.3
1998 08 01 -0.971 -0.167 5  0.985  291.5
1998 08 02 -0.879 -0.361 5  0.951  284.4
1998 08 03 -0.761 -0.534 5  0.929  282.6
1998 08 04 -0.621 -0.679 6  0.920  285.1
1998 08 05 -0.467 -0.794 6  0.921  290.2
1998 08 06 -0.306 -0.876 6  0.928  295.8
1998 08 07 -0.145 -0.924 6  0.936  300.3
1998 08 08  0.008 -0.939 7  0.940  302.1
1998 08 09  0.148 -0.924 7  0.936  300.3
1998 08 10  0.269 -0.880 7  0.920  294.0
1998 08 11  0.367 -0.813 7  0.892  283.0
1998 08 12  0.440 -0.726 7  0.849  267.3
1998 08 13  0.486 -0.626 7  0.792  247.0
1998 08 14  0.504 -0.516 7  0.722  222.9
1998 08 15  0.498 -0.402 8  0.640  195.7
1998 08 16  0.467 -0.289 8  0.550  166.4
1998 08 17  0.417 -0.181 8  0.455  136.3
1998 08 18  0.352 -0.081 8  0.361  107.2
1998 08 19  0.276  0.008 1  0.276   81.5
1998 08 20  0.194  0.085 1  0.211   63.4
1998 08 21  0.111  0.148 2  0.185   57.7
1998 08 22  0.032  0.198 2  0.200   64.3
1998 08 23 -0.039  0.235 3  0.238   76.4
1998 08 24 -0.099  0.260 3  0.278   88.7
1998 08 25 -0.144  0.276 3  0.311   98.4
1998 08 26 -0.173  0.284 3  0.333  104.7
1998 08 27 -0.184  0.287 3  0.341  107.1
1998 08 28 -0.178  0.286 3  0.337  106.0
1998 08 29 -0.156  0.284 3  0.324  102.3
1998 08 30 -0.118  0.283 3  0.307   97.4
1998 08 31 -0.067  0.284 3  0.291   93.3
1998 09 01 -0.005  0.287 3  0.287   92.3
1998 09 02  0.064  0.294 2  0.301   96.4
1998 09 03  0.138  0.304 2  0.334  105.9
1998 09 04  0.213  0.318 2  0.383  120.0
1998 09 05  0.286  0.334 2  0.440  136.8
1998 09 06  0.355  0.353 1  0.501  154.5
1998 09 07  0.418  0.371 1  0.559  171.7
1998 09 08  0.471  0.390 1  0.612  187.2
1998 09 09  0.514  0.406 1  0.655  200.3
1998 09 10  0.546  0.420 1  0.689  210.2
1998 09 11  0.565  0.430 1  0.710  216.6
1998 09 12  0.571  0.435 1  0.718  219.1
1998 09 13  0.564  0.436 1  0.713  217.6
1998 09 14  0.545  0.431 1  0.694  212.2
1998 09 15  0.513  0.420 1  0.663  203.0
1998 09 16  0.471  0.404 1  0.620  190.1
1998 09 17  0.418  0.382 1  0.566  174.0
1998 09 18  0.355  0.355 1  0.502  155.0
1998 09 19  0.284  0.324 2  0.431  133.7
1998 09 20  0.206  0.288 2  0.354  110.8
1998 09 21  0.122  0.248 2  0.276   87.5
1998 09 22  0.033  0.205 2  0.207   66.6
1998 09 23 -0.060  0.158 3  0.169   53.8
1998 09 24 -0.154  0.108 4  0.188   57.2
1998 09 25 -0.249  0.055 4  0.255   75.5
1998 09 26 -0.342 -0.002 5  0.342  101.0
1998 09 27 -0.433 -0.062 5  0.437  129.2
1998 09 28 -0.518 -0.125 5  0.533  158.1
1998 09 29 -0.596 -0.192 5  0.626  186.5
1998 09 30 -0.665 -0.262 5  0.715  213.7
1998 10 01 -0.723 -0.335 5  0.797  239.1
1998 10 02 -0.768 -0.410 5  0.871  262.3
1998 10 03 -0.798 -0.488 5  0.935  282.9
1998 10 04 -0.811 -0.566 5  0.989  300.6
1998 10 05 -0.806 -0.643 5  1.031  315.2
1998 10 06 -0.782 -0.718 5  1.062  326.5
1998 10 07 -0.738 -0.789 6  1.081  334.5
1998 10 08 -0.675 -0.854 6  1.089  339.3
1998 10 09 -0.593 -0.910 6  1.086  341.0
1998 10 10 -0.493 -0.955 6  1.075  339.9
1998 10 11 -0.376 -0.987 6  1.056  336.3
1998 10 12 -0.245 -1.004 6  1.033  330.8
1998 10 13 -0.103 -1.003 6  1.008  323.8
1998 10 14  0.047 -0.982 7  0.983  316.1
1998 10 15  0.201 -0.941 7  0.962  308.3
1998 10 16  0.355 -0.878 7  0.947  301.2
1998 10 17  0.504 -0.794 7  0.940  295.5
1998 10 18  0.645 -0.688 7  0.943  291.9
1998 10 19  0.771 -0.563 8  0.955  290.9
1998 10 20  0.881 -0.419 8  0.975  292.8
1998 10 21  0.968 -0.260 8  1.002  297.7
1998 10 22  1.030 -0.088 8  1.034  305.3
1998 10 23  1.064  0.092 1  1.068  315.5
1998 10 24  1.068  0.276 1  1.103  327.5
1998 10 25  1.040  0.460 1  1.137  340.8
1998 10 26  0.981  0.638 1  1.170  354.9
1998 10 27  0.891  0.805 1  1.201  369.0
1998 10 28  0.772  0.956 2  1.229  382.6
1998 10 29  0.626  1.087 2  1.254  395.3
1998 10 30  0.459  1.192 2  1.277  406.5
1998 10 31  0.274  1.269 2  1.298  415.9
1998 11 01  0.077  1.313 2  1.316  423.0
1998 11 02 -0.126  1.325 3  1.331  427.6
1998 11 03 -0.328  1.301 3  1.342  429.5
1998 11 04 -0.522  1.243 3  1.348  428.4
1998 11 05 -0.702  1.152 3  1.349  424.5
1998 11 06 -0.861  1.030 3  1.343  417.5
1998 11 07 -0.994  0.881 4  1.328  407.9
1998 11 08 -1.095  0.710 4  1.305  395.7
1998 11 09 -1.161  0.522 4  1.272  381.4
1998 11 10 -1.188  0.322 4  1.231  365.7
1998 11 11 -1.177  0.119 4  1.183  349.4
1998 11 12 -1.126 -0.082 5  1.129  333.3
1998 11 13 -1.037 -0.275 5  1.073  318.6
1998 11 14 -0.914 -0.451 5  1.019  306.3
1998 11 15 -0.761 -0.607 5  0.973  297.5
1998 11 16 -0.583 -0.737 6  0.940  292.9
1998 11 17 -0.388 -0.837 6  0.923  292.6
1998 11 18 -0.183 -0.905 6  0.924  296.1
1998 11 19  0.025 -0.940 7  0.940  302.4
1998 11 20  0.228 -0.942 7  0.969  310.2
1998 11 21  0.418 -0.912 7  1.003  318.1
1998 11 22  0.587 -0.853 7  1.036  324.6
1998 11 23  0.731 -0.770 7  1.062  328.6
1998 11 24  0.844 -0.668 8  1.077  329.0
1998 11 25  0.923 -0.552 8  1.075  325.1
1998 11 26  0.966 -0.428 8  1.056  316.6
1998 11 27  0.973 -0.302 8  1.019  303.1
1998 11 28  0.944 -0.182 8  0.962  284.8
1998 11 29  0.885 -0.071 8  0.887  262.1
1998 11 30  0.797  0.025 1  0.798  235.4
1998 12 01  0.688  0.103 1  0.695  205.7
1998 12 02  0.563  0.160 1  0.585  173.8
1998 12 03  0.428  0.194 1  0.470  141.1
1998 12 04  0.292  0.207 1  0.358  109.0
1998 12 05  0.161  0.199 2  0.256   79.7
1998 12 06  0.040  0.174 2  0.178   57.1
1998 12 07 -0.066  0.134 3  0.149   47.2
1998 12 08 -0.152  0.084 4  0.173   52.3
1998 12 09 -0.216  0.028 4  0.218   64.3
1998 12 10 -0.256 -0.027 5  0.258   76.2
1998 12 11 -0.274 -0.079 5  0.286   84.9
1998 12 12 -0.271 -0.123 5  0.298   89.3
1998 12 13 -0.250 -0.155 5  0.294   89.0
1998 12 14 -0.214 -0.172 5  0.275   84.1
1998 12 15 -0.169 -0.174 6  0.243   75.1
1998 12 16 -0.119 -0.160 6  0.200   62.4
1998 12 17 -0.070 -0.131 6  0.148   46.9
1998 12 18 -0.026 -0.089 6  0.092   29.5
1998 12 19  0.010 -0.036 7  0.038   12.0
1998 12 20  0.032  0.023 1  0.039   12.0
1998 12 21  0.040  0.084 2  0.093   29.4
1998 12 22  0.033  0.142 2  0.146   46.8
1998 12 23  0.010  0.194 2  0.195   62.5
1998 12 24 -0.026  0.235 3  0.237   76.1
1998 12 25 -0.073  0.262 3  0.272   87.1
1998 12 26 -0.127  0.273 3  0.301   95.3
1998 12 27 -0.183  0.264 3  0.322  100.8
1998 12 28 -0.238  0.238 4  0.336  103.8
1998 12 29 -0.284  0.193 4  0.344  104.4
1998 12 30 -0.319  0.133 4  0.346  103.4
1998 12 31 -0.337  0.060 4  0.342  101.3
1999 01 01 -0.335 -0.021 5  0.335   99.1
1999 01 02 -0.310 -0.106 5  0.328   97.7
1999 01 03 -0.263 -0.189 5  0.323   98.4
1999 01 04 -0.192 -0.264 6  0.327  102.1
1999 01 05 -0.100 -0.327 6  0.342  109.3
1999 01 06  0.009 -0.373 7  0.373  119.8
1999 01 07  0.132 -0.396 7  0.418  133.3
1999 01 08  0.261 -0.396 7  0.474  148.8
1999 01 09  0.392 -0.369 8  0.538  165.7
1999 01 10  0.517 -0.315 8  0.605  183.1
1999 01 11  0.628 -0.235 8  0.671  200.2
1999 01 12  0.720 -0.131 8  0.732  216.6
1999 01 13  0.785 -0.008 8  0.785  231.8
1999 01 14  0.819  0.130 1  0.830  245.4
1999 01 15  0.819  0.277 1  0.864  257.6
1999 01 16  0.781  0.427 1  0.890  268.2
1999 01 17  0.705  0.573 1  0.908  277.9
1999 01 18  0.592  0.708 2  0.923  286.9
1999 01 19  0.446  0.825 2  0.937  296.0
1999 01 20  0.270  0.918 2  0.957  305.8
1999 01 21  0.072  0.983 2  0.986  316.8
1999 01 22 -0.142  1.015 3  1.025  329.2
1999 01 23 -0.363  1.013 3  1.076  342.9
1999 01 24 -0.583  0.974 3  1.136  357.5
1999 01 25 -0.794  0.901 3  1.201  372.5
1999 01 26 -0.986  0.794 4  1.266  387.1
1999 01 27 -1.152  0.657 4  1.326  400.3
1999 01 28 -1.286  0.494 4  1.378  411.5
1999 01 29 -1.382  0.312 4  1.416  420.0
1999 01 30 -1.435  0.117 4  1.440  425.3
1999 01 31 -1.445 -0.085 5  1.448  427.5
1999 02 01 -1.411 -0.286 5  1.440  426.5
1999 02 02 -1.334 -0.479 5  1.418  422.9
1999 02 03 -1.217 -0.659 5  1.384  417.2
1999 02 04 -1.066 -0.819 5  1.344  410.3
1999 02 05 -0.885 -0.954 6  1.302  403.0
1999 02 06 -0.682 -1.061 6  1.262  396.3
1999 02 07 -0.464 -1.138 6  1.229  390.7
1999 02 08 -0.239 -1.182 6  1.206  386.7
1999 02 09 -0.015 -1.195 6  1.195  384.2
1999 02 10  0.201 -1.176 7  1.193  382.9
1999 02 11  0.401 -1.130 7  1.199  382.1
1999 02 12  0.581 -1.058 7  1.207  381.0
1999 02 13  0.735 -0.965 7  1.213  378.7
1999 02 14  0.859 -0.856 8  1.213  374.4
1999 02 15  0.953 -0.736 8  1.204  367.6
1999 02 16  1.014 -0.610 8  1.183  357.8
1999 02 17  1.043 -0.483 8  1.150  344.9
1999 02 18  1.043 -0.360 8  1.103  328.9
1999 02 19  1.016 -0.245 8  1.045  310.1
1999 02 20  0.967 -0.140 8  0.977  288.9
1999 02 21  0.899 -0.050 8  0.901  265.9
1999 02 22  0.819  0.025 1  0.819  241.9
1999 02 23  0.731  0.084 1  0.736  217.5
1999 02 24  0.641  0.127 1  0.653  193.4
1999 02 25  0.552  0.155 1  0.574  170.5
1999 02 26  0.470  0.170 1  0.500  149.2
1999 02 27  0.398  0.175 1  0.435  130.3
1999 02 28  0.338  0.173 1  0.380  114.3
1999 03 01  0.292  0.167 1  0.336  101.5
1999 03 02  0.260  0.160 1  0.305   92.4
1999 03 03  0.241  0.156 1  0.287   87.1
1999 03 04  0.234  0.159 1  0.283   85.9
1999 03 05  0.236  0.169 1  0.291   88.5
1999 03 06  0.245  0.190 1  0.310   94.8
1999 03 07  0.257  0.222 1  0.340  104.2
1999 03 08  0.268  0.266 1  0.377  116.5
1999 03 09  0.275  0.320 2  0.422  131.0
1999 03 10  0.273  0.384 2  0.471  147.5
1999 03 11  0.261  0.455 2  0.525  165.5
1999 03 12  0.236  0.531 2  0.581  184.4
1999 03 13  0.197  0.608 2  0.639  203.8
1999 03 14  0.143  0.681 2  0.696  223.1
1999 03 15  0.075  0.749 2  0.752  241.8
1999 03 16 -0.006  0.806 3  0.806  259.1
1999 03 17 -0.098  0.849 3  0.855  274.6
1999 03 18 -0.196  0.876 3  0.898  287.6
1999 03 19 -0.297  0.884 3  0.933  297.6
1999 03 20 -0.398  0.872 3  0.958  304.0
1999 03 21 -0.492  0.839 3  0.973  306.5
1999 03 22 -0.578  0.786 3  0.976  305.0
1999 03 23 -0.649  0.715 3  0.965  299.2
1999 03 24 -0.703  0.627 4  0.942  289.3
1999 03 25 -0.738  0.525 4  0.906  275.7
1999 03 26 -0.752  0.415 4  0.859  258.9
1999 03 27 -0.744  0.298 4  0.802  239.6
1999 03 28 -0.715  0.181 4  0.737  218.9
1999 03 29 -0.666  0.067 4  0.670  197.9
1999 03 30 -0.601 -0.039 5  0.602  177.9
1999 03 31 -0.523 -0.135 5  0.540  160.3
1999 04 01 -0.436 -0.217 5  0.487  146.2
1999 04 02 -0.344 -0.282 5  0.445  136.3
1999 04 03 -0.254 -0.331 6  0.417  130.2
1999 04 04 -0.170 -0.362 6  0.400  126.7
1999 04 05 -0.095 -0.376 6  0.388  124.3
1999 04 06 -0.035 -0.376 6  0.378  121.4
1999 04 07  0.008 -0.363 7  0.364  116.9
1999 04 08  0.032 -0.342 7  0.343  110.3
1999 04 09  0.036 -0.315 7  0.317  101.7
1999 04 10  0.020 -0.286 7  0.287   92.2
1999 04 11 -0.013 -0.260 6  0.260   83.7
1999 04 12 -0.061 -0.240 6  0.248   79.4
1999 04 13 -0.120 -0.230 6  0.260   82.1
1999 04 14 -0.186 -0.232 6  0.297   92.6
1999 04 15 -0.252 -0.248 5  0.353  109.0
1999 04 16 -0.313 -0.278 5  0.419  128.7
1999 04 17 -0.364 -0.323 5  0.487  149.5
1999 04 18 -0.400 -0.381 5  0.552  170.0
1999 04 19 -0.414 -0.450 6  0.611  189.3
1999 04 20 -0.404 -0.526 6  0.663  206.9
1999 04 21 -0.367 -0.605 6  0.708  222.8
1999 04 22 -0.302 -0.683 6  0.747  237.1
1999 04 23 -0.208 -0.756 6  0.784  250.6
1999 04 24 -0.086 -0.817 6  0.821  263.8
1999 04 25  0.059 -0.862 7  0.864  277.6
1999 04 26  0.224 -0.886 7  0.914  292.5
1999 04 27  0.404 -0.886 7  0.974  308.9
1999 04 28  0.591 -0.860 7  1.043  326.9
1999 04 29  0.779 -0.804 7  1.120  346.0
1999 04 30  0.960 -0.719 8  1.200  365.8
1999 05 01  1.127 -0.605 8  1.279  385.4
1999 05 02  1.272 -0.464 8  1.354  404.0
1999 05 03  1.389 -0.299 8  1.420  421.0
1999 05 04  1.471 -0.114 8  1.475  435.7
1999 05 05  1.514  0.085 1  1.516  447.7
1999 05 06  1.515  0.293 1  1.543  457.0
1999 05 07  1.472  0.503 1  1.556  463.7
1999 05 08  1.385  0.709 1  1.556  468.2
1999 05 09  1.256  0.903 1  1.547  471.1
1999 05 10  1.088  1.080 1  1.533  473.1
1999 05 11  0.886  1.233 2  1.518  475.0
1999 05 12  0.656  1.357 2  1.507  477.3
1999 05 13  0.406  1.447 2  1.503  480.6
1999 05 14  0.142  1.502 2  1.509  484.8
1999 05 15 -0.125  1.518 3  1.523  489.6
1999 05 16 -0.388  1.496 3  1.546  494.5
1999 05 17 -0.638  1.436 3  1.571  498.7
1999 05 18 -0.866  1.340 3  1.596  501.2
1999 05 19 -1.067  1.212 3  1.615  501.1
1999 05 20 -1.233  1.056 4  1.623  497.7
1999 05 21 -1.360  0.877 4  1.618  490.7
1999 05 22 -1.445  0.682 4  1.598  479.7
1999 05 23 -1.487  0.476 4  1.562  464.9
1999 05 24 -1.486  0.266 4  1.510  446.9
1999 05 25 -1.444  0.058 4  1.445  426.6
1999 05 26 -1.364 -0.142 5  1.371  405.2
1999 05 27 -1.251 -0.328 5  1.293  383.9
1999 05 28 -1.110 -0.495 5  1.216  364.4
1999 05 29 -0.950 -0.641 5  1.146  347.9
1999 05 30 -0.775 -0.762 5  1.087  335.3
1999 05 31 -0.596 -0.857 6  1.043  326.8
1999 06 01 -0.417 -0.926 6  1.015  322.1
1999 06 02 -0.247 -0.969 6  1.000  319.9
1999 06 03 -0.090 -0.988 6  0.992  318.9
1999 06 04  0.047 -0.986 7  0.987  317.5
1999 06 05  0.162 -0.967 7  0.980  314.5
1999 06 06  0.251 -0.933 7  0.966  309.1
1999 06 07  0.315 -0.889 7  0.944  300.8
1999 06 08  0.354 -0.840 7  0.911  289.6
1999 06 09  0.370 -0.787 7  0.870  275.8
1999 06 10  0.366 -0.736 7  0.822  260.2
1999 06 11  0.347 -0.688 7  0.771  243.8
1999 06 12  0.316 -0.646 7  0.719  227.7
1999 06 13  0.280 -0.609 7  0.671  212.8
1999 06 14  0.245 -0.579 7  0.629  199.8
1999 06 15  0.214 -0.555 7  0.595  189.3
1999 06 16  0.193 -0.534 7  0.568  180.9
1999 06 17  0.185 -0.515 7  0.547  174.3
1999 06 18  0.194 -0.494 7  0.530  168.7
1999 06 19  0.221 -0.468 7  0.517  163.9
1999 06 20  0.265 -0.433 7  0.508  159.8
1999 06 21  0.325 -0.388 7  0.506  157.5
1999 06 22  0.400 -0.328 8  0.517  158.3
1999 06 23  0.484 -0.252 8  0.545  164.2
1999 06 24  0.573 -0.158 8  0.594  176.5
1999 06 25  0.661 -0.045 8  0.662  195.6
1999 06 26  0.742  0.085 1  0.747  220.7
1999 06 27  0.810  0.231 1  0.842  250.4
1999 06 28  0.859  0.389 1  0.943  282.8
1999 06 29  0.883  0.557 1  1.045  316.4
1999 06 30  0.879  0.730 1  1.142  349.8
1999 07 01  0.843  0.900 2  1.233  381.7
1999 07 02  0.772  1.064 2  1.315  411.2
1999 07 03  0.668  1.214 2  1.386  437.5
1999 07 04  0.532  1.345 2  1.447  460.3
1999 07 05  0.366  1.451 2  1.497  479.1
1999 07 06  0.176  1.527 2  1.537  493.9
1999 07 07 -0.033  1.569 3  1.569  504.7
1999 07 08 -0.253  1.574 3  1.594  511.6
1999 07 09 -0.477  1.540 3  1.612  514.8
1999 07 10 -0.696  1.467 3  1.624  514.6
1999 07 11 -0.903  1.356 3  1.629  511.1
1999 07 12 -1.090  1.210 3  1.628  504.9
1999 07 13 -1.249  1.033 4  1.620  496.1
1999 07 14 -1.374  0.829 4  1.605  485.4
1999 07 15 -1.462  0.604 4  1.582  473.2
1999 07 16 -1.508  0.366 4  1.552  460.4
1999 07 17 -1.512  0.120 4  1.516  447.9
1999 07 18 -1.473 -0.126 5  1.478  436.6
1999 07 19 -1.392 -0.366 5  1.440  427.5
1999 07 20 -1.275 -0.592 5  1.406  421.7
1999 07 21 -1.124 -0.800 5  1.379  419.8
1999 07 22 -0.946 -0.984 6  1.364  421.9
1999 07 23 -0.746 -1.140 6  1.363  427.7
1999 07 24 -0.533 -1.266 6  1.374  436.6
1999 07 25 -0.312 -1.361 6  1.396  447.2
1999 07 26 -0.091 -1.423 6  1.426  458.5
1999 07 27  0.123 -1.454 7  1.459  468.9
1999 07 28  0.326 -1.454 7  1.490  477.4
1999 07 29  0.512 -1.427 7  1.516  483.0
1999 07 30  0.677 -1.374 7  1.532  485.0
1999 07 31  0.819 -1.300 7  1.537  482.9
1999 08 01  0.935 -1.208 7  1.528  476.6
1999 08 02  1.026 -1.102 7  1.505  466.0
1999 08 03  1.090 -0.984 8  1.469  451.4
1999 08 04  1.130 -0.859 8  1.420  433.2
1999 08 05  1.147 -0.730 8  1.359  411.9
1999 08 06  1.142 -0.598 8  1.289  388.1
1999 08 07  1.118 -0.467 8  1.212  362.6
1999 08 08  1.078 -0.337 8  1.130  336.2
1999 08 09  1.023 -0.211 8  1.045  309.6
1999 08 10  0.956 -0.089 8  0.960  283.7
1999 08 11  0.879  0.029 1  0.879  259.5
1999 08 12  0.792  0.140 1  0.804  238.0
1999 08 13  0.697  0.246 1  0.739  220.3
1999 08 14  0.594  0.344 1  0.687  207.4
1999 08 15  0.485  0.435 1  0.652  200.2
1999 08 16  0.369  0.518 2  0.636  198.9
1999 08 17  0.247  0.590 2  0.640  203.4
1999 08 18  0.119  0.652 2  0.663  212.7
1999 08 19 -0.014  0.702 3  0.702  225.9
1999 08 20 -0.151  0.738 3  0.754  241.6
1999 08 21 -0.290  0.760 3  0.813  258.8
1999 08 22 -0.430  0.765 3  0.877  276.6
1999 08 23 -0.568  0.752 3  0.942  294.2
1999 08 24 -0.701  0.721 3  1.006  310.8
1999 08 25 -0.827  0.671 4  1.065  325.9
1999 08 26 -0.943  0.602 4  1.118  338.9
1999 08 27 -1.043  0.515 4  1.163  349.5
1999 08 28 -1.125  0.411 4  1.198  357.3
1999 08 29 -1.185  0.291 4  1.220  362.1
1999 08 30 -1.220  0.158 4  1.231  363.8
1999 08 31 -1.228  0.016 4  1.228  362.5
1999 09 01 -1.206 -0.133 5  1.213  358.6
1999 09 02 -1.153 -0.285 5  1.188  352.4
1999 09 03 -1.069 -0.435 5  1.154  345.0
1999 09 04 -0.953 -0.578 5  1.115  337.3
1999 09 05 -0.809 -0.711 5  1.077  330.6
1999 09 06 -0.638 -0.829 6  1.046  326.4
1999 09 07 -0.445 -0.927 6  1.029  325.8
1999 09 08 -0.233 -1.003 6  1.030  329.9
1999 09 09 -0.008 -1.053 6  1.053  338.7
1999 09 10  0.224 -1.075 7  1.098  352.0
1999 09 11  0.457 -1.068 7  1.161  368.9
1999 09 12  0.684 -1.030 7  1.237  388.0
1999 09 13  0.899 -0.963 7  1.318  407.9
1999 09 14  1.096 -0.868 8  1.398  427.3
1999 09 15  1.270 -0.746 8  1.473  445.0
1999 09 16  1.415 -0.601 8  1.537  460.0
1999 09 17  1.526 -0.436 8  1.587  471.9
1999 09 18  1.602 -0.257 8  1.623  480.0
1999 09 19  1.640 -0.068 8  1.641  484.5
1999 09 20  1.639  0.127 1  1.644  485.5
1999 09 21  1.600  0.321 1  1.632  483.3
1999 09 22  1.524  0.509 1  1.607  478.8
1999 09 23  1.415  0.687 1  1.573  472.5
1999 09 24  1.276  0.850 1  1.533  465.4
1999 09 25  1.111  0.995 1  1.491  458.2
1999 09 26  0.928  1.117 2  1.452  451.6
1999 09 27  0.730  1.214 2  1.417  446.0
1999 09 28  0.525  1.286 2  1.389  441.5
1999 09 29  0.318  1.331 2  1.368  438.0
1999 09 30  0.115  1.349 2  1.354  435.1
1999 10 01 -0.078  1.342 3  1.344  432.1
1999 10 02 -0.256  1.311 3  1.336  428.4
1999 10 03 -0.416  1.260 3  1.326  423.2
1999 10 04 -0.554  1.190 3  1.313  416.1
1999 10 05 -0.669  1.106 3  1.292  406.7
1999 10 06 -0.759  1.011 3  1.264  394.8
1999 10 07 -0.825  0.909 3  1.227  380.3
1999 10 08 -0.866  0.803 4  1.181  363.4
1999 10 09 -0.887  0.697 4  1.128  344.5
1999 10 10 -0.887  0.593 4  1.067  324.0
1999 10 11 -0.872  0.495 4  1.002  302.6
1999 10 12 -0.844  0.403 4  0.935  280.7
1999 10 13 -0.806  0.320 4  0.867  259.2
1999 10 14 -0.763  0.246 4  0.801  238.6
1999 10 15 -0.717  0.180 4  0.739  219.4
1999 10 16 -0.672  0.122 4  0.683  202.2
1999 10 17 -0.630  0.072 4  0.634  187.4
1999 10 18 -0.593  0.027 4  0.594  175.3
1999 10 19 -0.562 -0.014 5  0.562  166.0
1999 10 20 -0.538 -0.053 5  0.540  159.6
1999 10 21 -0.519 -0.092 5  0.527  156.1
1999 10 22 -0.506 -0.133 5  0.523  155.4
1999 10 23 -0.497 -0.177 5  0.527  157.3
1999 10 24 -0.490 -0.225 5  0.539  161.6
1999 10 25 -0.482 -0.279 5  0.557  168.1
1999 10 26 -0.471 -0.338 5  0.580  176.4
1999 10 27 -0.455 -0.402 5  0.607  186.5
1999 10 28 -0.432 -0.470 6  0.639  197.8
1999 10 29 -0.399 -0.542 6  0.673  210.3
1999 10 30 -0.356 -0.614 6  0.710  223.7
1999 10 31 -0.302 -0.685 6  0.749  237.7
1999 11 01 -0.235 -0.753 6  0.789  251.9
1999 11 02 -0.157 -0.814 6  0.830  266.0
1999 11 03 -0.069 -0.867 6  0.870  279.7
1999 11 04  0.027 -0.909 7  0.910  292.5
1999 11 05  0.130 -0.938 7  0.947  304.0
1999 11 06  0.235 -0.951 7  0.980  313.8
1999 11 07  0.341 -0.949 7  1.008  321.3
1999 11 08  0.444 -0.929 7  1.029  326.1
1999 11 09  0.540 -0.891 7  1.042  328.0
1999 11 10  0.626 -0.837 7  1.045  326.6
1999 11 11  0.700 -0.767 7  1.038  321.7
1999 11 12  0.758 -0.682 8  1.020  313.3
1999 11 13  0.799 -0.585 8  0.990  301.6
1999 11 14  0.821 -0.478 8  0.950  286.9
1999 11 15  0.823 -0.364 8  0.900  269.7
1999 11 16  0.806 -0.246 8  0.843  250.7
1999 11 17  0.770 -0.127 8  0.780  230.9
1999 11 18  0.716 -0.010 8  0.716  211.4
1999 11 19  0.646  0.102 1  0.654  193.5
1999 11 20  0.562  0.206 1  0.598  178.6
1999 11 21  0.466  0.299 1  0.554  167.9
1999 11 22  0.362  0.380 2  0.525  162.3
1999 11 23  0.251  0.447 2  0.512  161.6
1999 11 24  0.138  0.497 2  0.516  164.9
1999 11 25  0.024  0.531 2  0.531  170.9
1999 11 26 -0.087  0.548 3  0.554  178.0
1999 11 27 -0.194  0.547 3  0.580  184.9
1999 11 28 -0.293  0.530 3  0.605  190.9
1999 11 29 -0.382  0.496 3  0.626  195.4
1999 11 30 -0.461  0.448 4  0.643  198.1
1999 12 01 -0.527  0.386 4  0.653  199.0
1999 12 02 -0.579  0.313 4  0.658  198.3
1999 12 03 -0.617  0.230 4  0.658  196.4
1999 12 04 -0.639  0.140 4  0.654  193.8
1999 12 05 -0.645  0.045 4  0.647  191.0
1999 12 06 -0.636 -0.051 5  0.638  188.5
1999 12 07 -0.612 -0.148 5  0.629  186.7
1999 12 08 -0.572 -0.241 5  0.620  185.7
1999 12 09 -0.518 -0.328 5  0.613  185.7
1999 12 10 -0.451 -0.406 5  0.607  186.6
1999 12 11 -0.373 -0.474 6  0.603  188.0
1999 12 12 -0.284 -0.529 6  0.601  189.7
1999 12 13 -0.188 -0.569 6  0.599  191.2
1999 12 14 -0.086 -0.593 6  0.599  192.4
1999 12 15  0.019 -0.600 7  0.600  193.0
1999 12 16  0.124 -0.589 7  0.602  192.9
1999 12 17  0.227 -0.561 7  0.605  192.3
1999 12 18  0.324 -0.515 7  0.609  191.4
1999 12 19  0.414 -0.454 7  0.615  190.4
1999 12 20  0.493 -0.379 8  0.622  189.7
1999 12 21  0.559 -0.291 8  0.630  189.7
1999 12 22  0.610 -0.195 8  0.640  190.5
1999 12 23  0.644 -0.091 8  0.650  192.3
1999 12 24  0.661  0.015 1  0.661  195.2
1999 12 25  0.660  0.122 1  0.671  198.8
1999 12 26  0.642  0.225 1  0.680  202.9
1999 12 27  0.607  0.322 1  0.687  207.0
1999 12 28  0.557  0.410 1  0.692  210.8
1999 12 29  0.494  0.486 1  0.693  213.9
1999 12 30  0.421  0.549 2  0.691  215.8
1999 12 31  0.340  0.596 2  0.686  216.3
2000 01 01  0.254  0.627 2  0.677  215.2
2000 01 02  0.166  0.642 2  0.664  212.3
2000 01 03  0.081  0.642 2  0.647  207.8
2000 01 04 -0.000  0.627 3  0.627  201.6
2000 01 05 -0.075  0.599 3  0.604  193.9
2000 01 06 -0.140  0.561 3  0.578  185.0
2000 01 07 -0.196  0.513 3  0.550  175.0
2000 01 08 -0.241  0.461 3  0.520  164.3
2000 01 09 -0.275  0.404 3  0.489  153.2
2000 01 10 -0.298  0.347 3  0.458  142.1
2000 01 11 -0.312  0.291 4  0.427  131.4
2000 01 12 -0.319  0.238 4  0.398  121.4
2000 01 13 -0.320  0.190 4  0.372  112.4
2000 01 14 -0.317  0.147 4  0.349  104.7
2000 01 15 -0.312  0.109 4  0.330   98.5
2000 01 16 -0.307  0.076 4  0.316   93.9
2000 01 17 -0.304  0.047 4  0.308   91.0
2000 01 18 -0.303  0.022 4  0.304   89.8
2000 01 19 -0.306 -0.002 5  0.306   90.3
2000 01 20 -0.312 -0.025 5  0.313   92.3
2000 01 21 -0.320 -0.050 5  0.324   95.8
2000 01 22 -0.330 -0.077 5  0.339  100.5
2000 01 23 -0.340 -0.109 5  0.357  106.3
2000 01 24 -0.348 -0.145 5  0.377  112.9
2000 01 25 -0.352 -0.187 5  0.399  120.1
2000 01 26 -0.350 -0.233 5  0.421  127.8
2000 01 27 -0.340 -0.284 5  0.443  135.8
2000 01 28 -0.321 -0.338 6  0.466  144.1
2000 01 29 -0.289 -0.393 6  0.488  152.5
2000 01 30 -0.247 -0.447 6  0.510  161.0
2000 01 31 -0.192 -0.497 6  0.533  169.6
2000 02 01 -0.125 -0.542 6  0.556  178.1
2000 02 02 -0.049 -0.578 6  0.580  186.4
2000 02 03  0.035 -0.603 7  0.604  194.1
2000 02 04  0.125 -0.615 7  0.627  201.1
2000 02 05  0.216 -0.612 7  0.649  206.9
2000 02 06  0.307 -0.593 7  0.668  211.2
2000 02 07  0.392 -0.558 7  0.682  213.6
2000 02 08  0.468 -0.507 7  0.690  213.7
2000 02 09  0.532 -0.440 8  0.691  211.5
2000 02 10  0.581 -0.360 8  0.684  206.9
2000 02 11  0.612 -0.268 8  0.668  200.1
2000 02 12  0.622 -0.168 8  0.644  191.4
2000 02 13  0.612 -0.061 8  0.615  181.7
2000 02 14  0.581  0.047 1  0.582  172.0
2000 02 15  0.529  0.154 1  0.551  163.7
2000 02 16  0.458  0.257 1  0.525  158.4
2000 02 17  0.370  0.352 1  0.511  157.3
2000 02 18  0.270  0.435 2  0.512  161.0
2000 02 19  0.159  0.506 2  0.530  169.2
2000 02 20  0.044  0.561 2  0.562  180.8
2000 02 21 -0.074  0.600 3  0.604  194.1
2000 02 22 -0.188  0.622 3  0.649  207.4
2000 02 23 -0.294  0.627 3  0.693  219.5
2000 02 24 -0.390  0.616 3  0.729  229.2
2000 02 25 -0.472  0.591 3  0.756  235.6
2000 02 26 -0.538  0.552 3  0.771  238.1
2000 02 27 -0.585  0.503 4  0.771  236.4
2000 02 28 -0.612  0.444 4  0.757  230.4
2000 02 29 -0.620  0.380 4  0.728  220.2
2000 03 01 -0.610  0.312 4  0.685  206.1
2000 03 02 -0.581  0.243 4  0.630  188.5
2000 03 03 -0.537  0.174 4  0.565  168.1
2000 03 04 -0.480  0.107 4  0.492  145.7
2000 03 05 -0.411  0.044 4  0.414  122.2
2000 03 06 -0.335 -0.015 5  0.335   98.9
2000 03 07 -0.253 -0.068 5  0.262   77.7
2000 03 08 -0.168 -0.115 5  0.203   61.8
2000 03 09 -0.083 -0.156 6  0.176   55.8
2000 03 10  0.001 -0.191 7  0.191   61.4
2000 03 11  0.081 -0.220 7  0.234   74.6
2000 03 12  0.157 -0.243 7  0.289   90.8
2000 03 13  0.226 -0.261 7  0.345  107.1
2000 03 14  0.288 -0.273 8  0.397  122.4
2000 03 15  0.344 -0.281 8  0.444  135.8
2000 03 16  0.392 -0.283 8  0.483  147.2
2000 03 17  0.432 -0.281 8  0.515  156.2
2000 03 18  0.464 -0.274 8  0.539  162.9
2000 03 19  0.489 -0.262 8  0.555  167.1
2000 03 20  0.505 -0.246 8  0.562  168.8
2000 03 21  0.514 -0.225 8  0.561  168.1
2000 03 22  0.515 -0.200 8  0.552  164.9
2000 03 23  0.507 -0.171 8  0.535  159.4
2000 03 24  0.491 -0.139 8  0.510  151.6
2000 03 25  0.466 -0.105 8  0.478  141.7
2000 03 26  0.433 -0.070 8  0.439  129.8
2000 03 27  0.392 -0.034 8  0.394  116.3
2000 03 28  0.344  0.001 1  0.344  101.5
2000 03 29  0.289  0.034 1  0.291   86.0
2000 03 30  0.228  0.063 1  0.237   70.4
2000 03 31  0.164  0.088 1  0.186   56.0
2000 04 01  0.097  0.108 2  0.145   44.9
2000 04 02  0.029  0.122 2  0.125   40.2
2000 04 03 -0.037  0.130 3  0.135   43.2
2000 04 04 -0.100  0.132 3  0.166   51.7
2000 04 05 -0.157  0.128 4  0.203   62.1
2000 04 06 -0.207  0.120 4  0.239   72.3
2000 04 07 -0.248  0.108 4  0.271   81.0
2000 04 08 -0.279  0.094 4  0.294   87.7
2000 04 09 -0.299  0.079 4  0.310   91.9
2000 04 10 -0.309  0.066 4  0.316   93.6
2000 04 11 -0.307  0.056 4  0.313   92.6
2000 04 12 -0.297  0.052 4  0.301   89.2
2000 04 13 -0.279  0.054 4  0.284   84.0
2000 04 14 -0.254  0.064 4  0.262   77.8
2000 04 15 -0.227  0.082 4  0.241   71.9
2000 04 16 -0.199  0.108 4  0.226   68.2
2000 04 17 -0.173  0.143 4  0.225   68.8
2000 04 18 -0.153  0.184 3  0.240   74.5
2000 04 19 -0.141  0.231 3  0.270   85.1
2000 04 20 -0.138  0.281 3  0.313   99.1
2000 04 21 -0.147  0.331 3  0.362  114.9
2000 04 22 -0.169  0.378 3  0.414  131.3
2000 04 23 -0.202  0.419 3  0.465  147.4
2000 04 24 -0.248  0.450 3  0.514  162.2
2000 04 25 -0.304  0.469 3  0.558  175.3
2000 04 26 -0.366  0.471 3  0.597  186.2
2000 04 27 -0.433  0.456 3  0.629  194.5
2000 04 28 -0.500  0.421 4  0.653  200.1
2000 04 29 -0.561  0.364 4  0.669  202.9
2000 04 30 -0.613  0.288 4  0.678  203.3
2000 05 01 -0.651  0.191 4  0.679  201.8
2000 05 02 -0.670  0.077 4  0.674  199.3
2000 05 03 -0.666 -0.052 5  0.668  197.3
2000 05 04 -0.636 -0.192 5  0.664  197.6
2000 05 05 -0.577 -0.339 5  0.669  202.2
2000 05 06 -0.489 -0.486 5  0.689  212.7
2000 05 07 -0.372 -0.628 6  0.730  230.0
2000 05 08 -0.227 -0.761 6  0.794  253.7
2000 05 09 -0.058 -0.878 6  0.880  282.8
2000 05 10  0.131 -0.974 7  0.983  315.5
2000 05 11  0.334 -1.045 7  1.097  350.1
2000 05 12  0.546 -1.086 7  1.216  384.7
2000 05 13  0.757 -1.097 7  1.333  417.7
2000 05 14  0.962 -1.075 7  1.442  447.3
2000 05 15  1.151 -1.020 8  1.538  472.4
2000 05 16  1.318 -0.934 8  1.616  491.6
2000 05 17  1.456 -0.819 8  1.670  504.0
2000 05 18  1.558 -0.679 8  1.699  509.1
2000 05 19  1.620 -0.519 8  1.701  506.4
2000 05 20  1.638 -0.344 8  1.674  496.0
2000 05 21  1.611 -0.160 8  1.619  478.4
2000 05 22  1.539  0.025 1  1.539  454.4
2000 05 23  1.424  0.205 1  1.439  425.4
2000 05 24  1.269  0.375 1  1.323  393.4
2000 05 25  1.079  0.527 1  1.201  360.7
2000 05 26  0.860  0.657 1  1.083  330.4
2000 05 27  0.621  0.761 2  0.983  305.9
2000 05 28  0.370  0.836 2  0.914  290.2
2000 05 29  0.114  0.881 2  0.888  285.2
2000 05 30 -0.136  0.894 3  0.904  290.2
2000 05 31 -0.372  0.877 3  0.953  302.6
2000 06 01 -0.586  0.832 3  1.018  318.8
2000 06 02 -0.772  0.764 4  1.086  335.1
2000 06 03 -0.924  0.675 4  1.144  348.5
2000 06 04 -1.036  0.572 4  1.184  357.0
2000 06 05 -1.108  0.461 4  1.200  359.0
2000 06 06 -1.138  0.346 4  1.189  353.8
2000 06 07 -1.126  0.235 4  1.150  340.9
2000 06 08 -1.076  0.133 4  1.084  320.4
2000 06 09 -0.991  0.046 4  0.992  292.9
2000 06 10 -0.877 -0.023 5  0.878  259.1
2000 06 11 -0.741 -0.071 5  0.744  219.9
2000 06 12 -0.589 -0.094 5  0.597  176.5
2000 06 13 -0.430 -0.092 5  0.440  130.3
2000 06 14 -0.271 -0.065 5  0.279   82.7
2000 06 15 -0.120 -0.015 5  0.121   35.8
2000 06 16  0.016  0.055 2  0.058   18.4
2000 06 17  0.130  0.143 2  0.193   59.8
2000 06 18  0.218  0.242 2  0.325  100.8
2000 06 19  0.275  0.347 2  0.443  138.0
2000 06 20  0.299  0.454 2  0.543  170.4
2000 06 21  0.288  0.555 2  0.625  197.6
2000 06 22  0.244  0.644 2  0.689  219.4
2000 06 23  0.168  0.717 2  0.737  235.9
2000 06 24  0.063  0.768 2  0.771  247.8
2000 06 25 -0.066  0.793 3  0.796  255.8
2000 06 26 -0.214  0.788 3  0.817  261.2
2000 06 27 -0.374  0.751 3  0.839  265.7
2000 06 28 -0.540  0.681 3  0.869  271.0
2000 06 29 -0.705  0.578 4  0.911  279.0
2000 06 30 -0.860  0.443 4  0.968  291.2
2000 07 01 -1.000  0.280 4  1.039  308.6
2000 07 02 -1.119  0.090 4  1.122  331.4
2000 07 03 -1.209 -0.120 5  1.215  359.0
2000 07 04 -1.268 -0.345 5  1.314  390.4
2000 07 05 -1.291 -0.580 5  1.415  424.3
2000 07 06 -1.276 -0.818 5  1.515  459.3
2000 07 07 -1.222 -1.051 5  1.611  494.2
2000 07 08 -1.128 -1.273 6  1.701  527.7
2000 07 09 -0.997 -1.477 6  1.782  558.9
2000 07 10 -0.831 -1.658 6  1.855  586.9
2000 07 11 -0.634 -1.809 6  1.917  611.1
2000 07 12 -0.410 -1.926 6  1.969  631.0
2000 07 13 -0.165 -2.004 6  2.011  646.3
2000 07 14  0.094 -2.040 7  2.043  656.8
2000 07 15  0.362 -2.033 7  2.065  662.6
2000 07 16  0.631 -1.982 7  2.080  664.0
2000 07 17  0.894 -1.886 7  2.087  661.5
2000 07 18  1.145 -1.748 7  2.089  655.8
2000 07 19  1.377 -1.569 7  2.087  647.8
2000 07 20  1.584 -1.352 8  2.083  638.6
2000 07 21  1.762 -1.103 8  2.079  629.6
2000 07 22  1.905 -0.826 8  2.077  622.0
2000 07 23  2.011 -0.527 8  2.079  617.3
2000 07 24  2.076 -0.212 8  2.087  616.6
2000 07 25  2.099  0.112 1  2.102  620.5
2000 07 26  2.079  0.439 1  2.125  629.6
2000 07 27  2.016  0.762 1  2.155  643.5
2000 07 28  1.911  1.074 1  2.192  661.5
2000 07 29  1.768  1.368 1  2.235  682.4
2000 07 30  1.587  1.638 2  2.281  705.0
2000 07 31  1.374  1.879 2  2.327  727.6
2000 08 01  1.132  2.084 2  2.372  749.0
2000 08 02  0.867  2.251 2  2.412  767.7
2000 08 03  0.583  2.375 2  2.445  782.8
2000 08 04  0.286  2.453 2  2.470  793.3
2000 08 05 -0.018  2.484 3  2.484  798.8
2000 08 06 -0.323  2.467 3  2.488  799.0
2000 08 07 -0.624  2.402 3  2.481  794.0
2000 08 08 -0.914  2.290 3  2.465  784.2
2000 08 09 -1.188  2.134 3  2.442  770.5
2000 08 10 -1.440  1.936 3  2.413  753.9
2000 08 11 -1.667  1.701 3  2.382  735.8
2000 08 12 -1.863  1.434 4  2.351  717.7
2000 08 13 -2.026  1.139 4  2.325  701.4
2000 08 14 -2.152  0.824 4  2.305  688.3
2000 08 15 -2.239  0.494 4  2.293  679.8
2000 08 16 -2.286  0.157 4  2.291  676.6
2000 08 17 -2.291 -0.182 5  2.298  678.8
2000 08 18 -2.255 -0.515 5  2.314  686.0
2000 08 19 -2.179 -0.836 5  2.334  697.2
2000 08 20 -2.065 -1.138 5  2.358  710.9
2000 08 21 -1.913 -1.417 5  2.381  725.7
2000 08 22 -1.728 -1.668 5  2.402  740.2
2000 08 23 -1.513 -1.885 6  2.418  753.1
2000 08 24 -1.272 -2.067 6  2.427  763.4
2000 08 25 -1.009 -2.210 6  2.429  770.6
2000 08 26 -0.728 -2.313 6  2.425  774.3
2000 08 27 -0.435 -2.376 6  2.415  774.7
2000 08 28 -0.135 -2.398 6  2.401  772.1
2000 08 29  0.168 -2.380 7  2.386  766.9
2000 08 30  0.468 -2.324 7  2.370  759.9
2000 08 31  0.760 -2.232 7  2.358  751.9
2000 09 01  1.040 -2.106 7  2.349  743.7
2000 09 02  1.304 -1.950 7  2.346  735.8
2000 09 03  1.545 -1.768 7  2.348  728.8
2000 09 04  1.762 -1.562 8  2.354  723.0
2000 09 05  1.950 -1.336 8  2.363  718.2
2000 09 06  2.106 -1.094 8  2.373  714.2
2000 09 07  2.227 -0.840 8  2.380  710.7
2000 09 08  2.312 -0.577 8  2.383  707.3
2000 09 09  2.359 -0.310 8  2.379  703.3
2000 09 10  2.366 -0.042 8  2.367  698.5
2000 09 11  2.334  0.224 1  2.345  692.7
2000 09 12  2.263  0.484 1  2.314  685.9
2000 09 13  2.154  0.734 1  2.276  678.2
2000 09 14  2.009  0.971 1  2.232  670.3
2000 09 15  1.831  1.192 1  2.185  662.6
2000 09 16  1.623  1.394 1  2.139  656.0
2000 09 17  1.388  1.573 2  2.098  651.0
2000 09 18  1.132  1.727 2  2.065  648.2
2000 09 19  0.860  1.854 2  2.044  647.9
2000 09 20  0.577  1.950 2  2.034  649.9
2000 09 21  0.289  2.015 2  2.036  653.7
2000 09 22  0.003  2.048 2  2.048  658.4
2000 09 23 -0.277  2.046 3  2.065  663.0
2000 09 24 -0.543  2.011 3  2.083  666.3
2000 09 25 -0.790  1.943 3  2.097  666.9
2000 09 26 -1.013  1.843 3  2.103  663.9
2000 09 27 -1.208  1.714 3  2.097  656.3
2000 09 28 -1.370  1.558 3  2.074  643.7
2000 09 29 -1.496  1.378 4  2.034  625.7
2000 09 30 -1.586  1.180 4  1.977  602.6
2000 10 01 -1.638  0.967 4  1.902  575.0
2000 10 02 -1.653  0.745 4  1.813  543.6
2000 10 03 -1.632  0.519 4  1.713  509.9
2000 10 04 -1.579  0.294 4  1.606  475.5
2000 10 05 -1.496  0.077 4  1.498  442.2
2000 10 06 -1.388 -0.130 5  1.394  411.9
2000 10 07 -1.261 -0.320 5  1.301  386.3
2000 10 08 -1.121 -0.491 5  1.223  366.5
2000 10 09 -0.972 -0.638 5  1.163  352.9
2000 10 10 -0.822 -0.762 5  1.121  344.8
2000 10 11 -0.676 -0.859 6  1.093  340.8
2000 10 12 -0.539 -0.931 6  1.076  339.1
2000 10 13 -0.415 -0.979 6  1.063  337.7
2000 10 14 -0.308 -1.004 6  1.050  335.3
2000 10 15 -0.221 -1.009 6  1.033  330.9
2000 10 16 -0.153 -0.998 6  1.009  324.0
2000 10 17 -0.106 -0.974 6  0.980  314.8
2000 10 18 -0.078 -0.942 6  0.945  303.8
2000 10 19 -0.066 -0.905 6  0.908  291.8
2000 10 20 -0.066 -0.868 6  0.870  279.7
2000 10 21 -0.074 -0.833 6  0.836  268.7
2000 10 22 -0.085 -0.802 6  0.807  259.3
2000 10 23 -0.095 -0.779 6  0.784  252.0
2000 10 24 -0.096 -0.762 6  0.768  246.7
2000 10 25 -0.086 -0.752 6  0.757  243.3
2000 10 26 -0.058 -0.748 6  0.750  241.2
2000 10 27 -0.012 -0.747 6  0.747  240.3
2000 10 28  0.057 -0.746 7  0.749  240.6
2000 10 29  0.148 -0.742 7  0.757  242.6
2000 10 30  0.259 -0.731 7  0.776  247.2
2000 10 31  0.390 -0.708 7  0.808  255.2
2000 11 01  0.535 -0.670 7  0.858  267.2
2000 11 02  0.690 -0.614 8  0.924  283.6
2000 11 03  0.847 -0.537 8  1.003  303.9
2000 11 04  1.001 -0.436 8  1.092  327.1
2000 11 05  1.142 -0.313 8  1.184  351.8
2000 11 06  1.264 -0.168 8  1.275  376.8
2000 11 07  1.358 -0.002 8  1.358  400.7
2000 11 08  1.418  0.180 1  1.429  422.4
2000 11 09  1.438  0.373 1  1.485  441.0
2000 11 10  1.414  0.573 1  1.526  456.2
2000 11 11  1.344  0.771 1  1.550  467.9
2000 11 12  1.227  0.962 1  1.559  476.3
2000 11 13  1.066  1.137 2  1.558  482.2
2000 11 14  0.863  1.289 2  1.551  486.4
2000 11 15  0.624  1.412 2  1.543  489.9
2000 11 16  0.358  1.499 2  1.541  493.5
2000 11 17  0.072  1.547 2  1.548  497.8
2000 11 18 -0.222  1.551 3  1.567  503.2
2000 11 19 -0.514  1.511 3  1.597  509.2
2000 11 20 -0.794  1.427 3  1.633  515.4
2000 11 21 -1.050  1.301 3  1.672  520.7
2000 11 22 -1.272  1.137 4  1.706  524.0
2000 11 23 -1.452  0.940 4  1.730  524.4
2000 11 24 -1.583  0.717 4  1.738  521.0
2000 11 25 -1.660  0.476 4  1.727  513.2
2000 11 26 -1.680  0.225 4  1.695  501.1
2000 11 27 -1.643 -0.026 5  1.643  484.9
2000 11 28 -1.550 -0.268 5  1.573  465.6
2000 11 29 -1.407 -0.494 5  1.491  444.6
2000 11 30 -1.219 -0.695 5  1.403  423.5
2000 12 01 -0.994 -0.865 5  1.318  404.4
2000 12 02 -0.742 -0.999 6  1.245  389.0
2000 12 03 -0.474 -1.094 6  1.193  378.7
2000 12 04 -0.199 -1.149 6  1.166  374.0
2000 12 05  0.070 -1.162 7  1.164  374.3
2000 12 06  0.325 -1.137 7  1.182  377.9
2000 12 07  0.556 -1.076 7  1.211  382.9
2000 12 08  0.754 -0.985 7  1.240  387.1
2000 12 09  0.915 -0.869 8  1.262  388.5
2000 12 10  1.033 -0.734 8  1.268  385.7
2000 12 11  1.107 -0.589 8  1.254  377.7
2000 12 12  1.137 -0.439 8  1.218  363.9
2000 12 13  1.123 -0.291 8  1.160  344.5
2000 12 14  1.071 -0.151 8  1.082  319.9
2000 12 15  0.985 -0.025 8  0.986  290.9
2000 12 16  0.872  0.083 1  0.875  258.6
2000 12 17  0.737  0.171 1  0.757  224.5
2000 12 18  0.590  0.237 1  0.636  190.0
2000 12 19  0.437  0.280 1  0.519  157.2
2000 12 20  0.286  0.301 2  0.415  128.3
2000 12 21  0.142  0.301 2  0.333  105.6
2000 12 22  0.012  0.285 2  0.285   91.6
2000 12 23 -0.100  0.253 3  0.272   86.6
2000 12 24 -0.191  0.211 3  0.285   88.2
2000 12 25 -0.260  0.161 4  0.306   92.5
2000 12 26 -0.306  0.107 4  0.324   96.5
2000 12 27 -0.328  0.052 4  0.333   98.4
2000 12 28 -0.330  0.000 4  0.330   97.5
2000 12 29 -0.314 -0.047 5  0.317   93.9
2000 12 30 -0.282 -0.088 5  0.295   87.9
2000 12 31 -0.238 -0.121 5  0.267   80.5
2001 01 01 -0.186 -0.147 5  0.237   72.5
2001 01 02 -0.129 -0.164 6  0.209   65.2
2001 01 03 -0.070 -0.175 6  0.188   59.9
2001 01 04 -0.012 -0.179 6  0.179   57.6
2001 01 05  0.043 -0.177 7  0.182   58.4
2001 01 06  0.093 -0.171 7  0.195   61.6
2001 01 07  0.137 -0.162 7  0.213   66.1
2001 01 08  0.176 -0.150 8  0.232   71.0
2001 01 09  0.209 -0.137 8  0.249   75.6
2001 01 10  0.235 -0.121 8  0.264   79.6
2001 01 11  0.257 -0.102 8  0.277   82.7
2001 01 12  0.274 -0.082 8  0.286   85.1
2001 01 13  0.288 -0.057 8  0.293   86.8
2001 01 14  0.298 -0.027 8  0.299   88.3
2001 01 15  0.304  0.008 1  0.304   89.8
2001 01 16  0.308  0.051 1  0.312   92.2
2001 01 17  0.307  0.101 1  0.323   96.3
2001 01 18  0.302  0.160 1  0.341  102.8
2001 01 19  0.290  0.228 1  0.369  112.6
2001 01 20  0.271  0.304 2  0.407  126.2
2001 01 21  0.243  0.386 2  0.456  143.4
2001 01 22  0.204  0.475 2  0.517  164.0
2001 01 23  0.152  0.566 2  0.586  187.4
2001 01 24  0.088  0.657 2  0.663  212.8
2001 01 25  0.010  0.744 2  0.744  239.2
2001 01 26 -0.081  0.824 3  0.828  265.9
2001 01 27 -0.186  0.891 3  0.911  291.9
2001 01 28 -0.302  0.944 3  0.991  316.3
2001 01 29 -0.426  0.977 3  1.066  338.3
2001 01 30 -0.556  0.987 3  1.133  357.3
2001 01 31 -0.688  0.972 3  1.191  372.7
2001 02 01 -0.818  0.929 3  1.238  384.1
2001 02 02 -0.940  0.859 4  1.273  391.5
2001 02 03 -1.050  0.761 4  1.297  394.9
2001 02 04 -1.143  0.637 4  1.309  394.7
2001 02 05 -1.214  0.490 4  1.309  391.5
2001 02 06 -1.260  0.323 4  1.301  386.1
2001 02 07 -1.277  0.141 4  1.285  379.6
2001 02 08 -1.263 -0.050 5  1.264  373.0
2001 02 09 -1.216 -0.245 5  1.240  367.4
2001 02 10 -1.136 -0.438 5  1.218  363.8
2001 02 11 -1.026 -0.621 5  1.199  362.6
2001 02 12 -0.885 -0.788 5  1.185  364.0
2001 02 13 -0.720 -0.934 6  1.179  367.8
2001 02 14 -0.533 -1.053 6  1.180  373.3
2001 02 15 -0.330 -1.142 6  1.188  379.8
2001 02 16 -0.117 -1.197 6  1.202  386.3
2001 02 17  0.099 -1.216 7  1.220  392.1
2001 02 18  0.311 -1.199 7  1.239  396.4
2001 02 19  0.513 -1.147 7  1.257  398.8
2001 02 20  0.698 -1.063 7  1.271  399.0
2001 02 21  0.861 -0.948 7  1.281  397.0
2001 02 22  0.997 -0.809 8  1.284  392.7
2001 02 23  1.100 -0.650 8  1.278  386.2
2001 02 24  1.170 -0.478 8  1.263  377.9
2001 02 25  1.203 -0.299 8  1.239  367.8
2001 02 26  1.199 -0.121 8  1.205  356.1
2001 02 27  1.160  0.051 1  1.161  342.8
2001 02 28  1.088  0.209 1  1.108  328.0
2001 03 01  0.986  0.347 1  1.045  311.7
2001 03 02  0.858  0.462 1  0.975  293.7
2001 03 03  0.711  0.548 1  0.898  274.1
2001 03 04  0.551  0.603 2  0.816  252.9
2001 03 05  0.383  0.625 2  0.733  230.5
2001 03 06  0.215  0.614 2  0.651  207.4
2001 03 07  0.053  0.572 2  0.574  184.5
2001 03 08 -0.096  0.500 3  0.509  163.3
2001 03 09 -0.227  0.403 3  0.462  145.8
2001 03 10 -0.335  0.284 4  0.439  134.6
2001 03 11 -0.416  0.151 4  0.442  131.9
2001 03 12 -0.467  0.007 4  0.467  137.8
2001 03 13 -0.487 -0.139 5  0.507  150.6
2001 03 14 -0.477 -0.282 5  0.554  167.4
2001 03 15 -0.436 -0.416 5  0.603  185.6
2001 03 16 -0.368 -0.534 6  0.648  203.1
2001 03 17 -0.277 -0.631 6  0.689  218.7
2001 03 18 -0.167 -0.703 6  0.722  231.4
2001 03 19 -0.043 -0.747 6  0.748  240.6
2001 03 20  0.089 -0.761 7  0.767  246.2
2001 03 21  0.222 -0.745 7  0.777  248.4
2001 03 22  0.351 -0.699 7  0.782  247.4
2001 03 23  0.469 -0.624 7  0.781  243.8
2001 03 24  0.571 -0.524 8  0.776  238.5
2001 03 25  0.653 -0.404 8  0.768  232.5
2001 03 26  0.711 -0.267 8  0.760  226.9
2001 03 27  0.743 -0.120 8  0.753  222.7
2001 03 28  0.747  0.031 1  0.747  220.7
2001 03 29  0.723  0.181 1  0.746  221.3
2001 03 30  0.674  0.324 1  0.748  224.5
2001 03 31  0.601  0.454 1  0.753  229.7
2001 04 01  0.508  0.567 2  0.761  236.1
2001 04 02  0.399  0.659 2  0.771  242.5
2001 04 03  0.280  0.727 2  0.779  248.0
2001 04 04  0.157  0.769 2  0.785  251.7
2001 04 05  0.033  0.786 2  0.787  252.9
2001 04 06 -0.085  0.777 3  0.782  251.1
2001 04 07 -0.192  0.744 3  0.769  246.0
2001 04 08 -0.285  0.691 3  0.748  237.7
2001 04 09 -0.360  0.621 3  0.718  226.2
2001 04 10 -0.416  0.537 3  0.679  211.9
2001 04 11 -0.450  0.445 4  0.633  195.4
2001 04 12 -0.464  0.349 4  0.581  177.3
2001 04 13 -0.459  0.255 4  0.525  158.3
2001 04 14 -0.436  0.165 4  0.466  139.3
2001 04 15 -0.400  0.085 4  0.408  121.0
2001 04 16 -0.353  0.017 4  0.353  104.2
2001 04 17 -0.300 -0.037 5  0.302   89.2
2001 04 18 -0.245 -0.074 5  0.256   76.1
2001 04 19 -0.193 -0.095 5  0.215   64.7
2001 04 20 -0.148 -0.100 5  0.179   54.3
2001 04 21 -0.113 -0.090 5  0.145   44.3
2001 04 22 -0.092 -0.068 5  0.114   34.9
2001 04 23 -0.086 -0.036 5  0.093   27.9
2001 04 24 -0.096  0.002 4  0.096   28.3
2001 04 25 -0.122  0.044 4  0.130   38.7
2001 04 26 -0.164  0.085 4  0.184   55.5
2001 04 27 -0.219  0.121 4  0.250   75.3
2001 04 28 -0.284  0.150 4  0.321   96.6
2001 04 29 -0.356  0.168 4  0.394  118.1
2001 04 30 -0.431  0.173 4  0.464  138.8
2001 05 01 -0.504  0.163 4  0.529  157.7
2001 05 02 -0.570  0.138 4  0.587  174.0
2001 05 03 -0.625  0.098 4  0.633  187.2
2001 05 04 -0.665  0.042 4  0.666  196.7
2001 05 05 -0.685 -0.027 5  0.686  202.4
2001 05 06 -0.683 -0.107 5  0.691  204.5
2001 05 07 -0.656 -0.194 5  0.684  203.5
2001 05 08 -0.603 -0.287 5  0.668  200.5
2001 05 09 -0.523 -0.380 5  0.647  196.9
2001 05 10 -0.418 -0.469 6  0.628  194.9
2001 05 11 -0.289 -0.551 6  0.622  196.6
2001 05 12 -0.139 -0.621 6  0.636  203.8
2001 05 13  0.028 -0.675 7  0.675  217.1
2001 05 14  0.207 -0.710 7  0.739  236.3
2001 05 15  0.394 -0.723 7  0.823  259.9
2001 05 16  0.581 -0.712 7  0.919  286.0
2001 05 17  0.763 -0.676 8  1.019  313.0
2001 05 18  0.934 -0.614 8  1.118  339.0
2001 05 19  1.088 -0.526 8  1.208  362.9
2001 05 20  1.218 -0.415 8  1.287  383.5
2001 05 21  1.321 -0.282 8  1.350  400.2
2001 05 22  1.391 -0.130 8  1.397  412.6
2001 05 23  1.425  0.035 1  1.425  420.8
2001 05 24  1.421  0.211 1  1.437  425.0
2001 05 25  1.379  0.393 1  1.433  426.0
2001 05 26  1.297  0.573 1  1.418  424.9
2001 05 27  1.178  0.749 1  1.396  422.9
2001 05 28  1.024  0.913 1  1.372  421.4
2001 05 29  0.840  1.061 2  1.353  421.7
2001 05 30  0.630  1.188 2  1.344  424.8
2001 05 31  0.400  1.289 2  1.350  431.1
2001 06 01  0.156  1.363 2  1.371  440.6
2001 06 02 -0.095  1.405 3  1.408  452.5
2001 06 03 -0.344  1.414 3  1.455  465.8
2001 06 04 -0.586  1.389 3  1.508  479.1
2001 06 05 -0.813  1.332 3  1.561  491.1
2001 06 06 -1.018  1.244 3  1.607  500.3
2001 06 07 -1.196  1.126 4  1.643  505.8
2001 06 08 -1.342  0.983 4  1.664  506.9
2001 06 09 -1.452  0.819 4  1.667  503.0
2001 06 10 -1.524  0.637 4  1.652  494.3
2001 06 11 -1.556  0.444 4  1.618  481.0
2001 06 12 -1.549  0.245 4  1.568  463.9
2001 06 13 -1.504  0.045 4  1.504  444.0
2001 06 14 -1.423 -0.151 5  1.431  422.8
2001 06 15 -1.311 -0.337 5  1.353  401.7
2001 06 16 -1.172 -0.509 5  1.278  382.6
2001 06 17 -1.012 -0.663 5  1.210  367.0
2001 06 18 -0.836 -0.797 5  1.155  355.8
2001 06 19 -0.652 -0.908 6  1.118  349.7
2001 06 20 -0.466 -0.995 6  1.098  348.2
2001 06 21 -0.283 -1.057 6  1.095  350.2
2001 06 22 -0.109 -1.097 6  1.102  354.1
2001 06 23  0.050 -1.114 7  1.115  358.5
2001 06 24  0.191 -1.112 7  1.128  361.9
2001 06 25  0.311 -1.092 7  1.135  363.0
2001 06 26  0.407 -1.059 7  1.135  361.1
2001 06 27  0.480 -1.015 7  1.123  355.9
2001 06 28  0.529 -0.965 7  1.101  347.4
2001 06 29  0.556 -0.912 7  1.068  336.0
2001 06 30  0.565 -0.857 7  1.027  322.2
2001 07 01  0.558 -0.805 7  0.980  306.9
2001 07 02  0.540 -0.757 7  0.930  291.0
2001 07 03  0.516 -0.713 7  0.880  275.3
2001 07 04  0.490 -0.675 7  0.834  260.9
2001 07 05  0.467 -0.642 7  0.794  248.2
2001 07 06  0.451 -0.612 7  0.760  237.7
2001 07 07  0.445 -0.585 7  0.735  229.4
2001 07 08  0.453 -0.556 7  0.717  223.3
2001 07 09  0.476 -0.524 7  0.708  219.5
2001 07 10  0.515 -0.485 8  0.708  217.9
2001 07 11  0.569 -0.436 8  0.717  219.0
2001 07 12  0.636 -0.375 8  0.739  223.2
2001 07 13  0.713 -0.298 8  0.773  231.4
2001 07 14  0.796 -0.205 8  0.822  244.1
2001 07 15  0.880 -0.092 8  0.885  261.6
2001 07 16  0.960  0.038 1  0.961  283.6
2001 07 17  1.029  0.186 1  1.045  309.4
2001 07 18  1.081  0.349 1  1.136  338.2
2001 07 19  1.111  0.526 1  1.229  368.8
2001 07 20  1.113  0.710 1  1.320  400.1
2001 07 21  1.083  0.898 1  1.407  431.0
2001 07 22  1.018  1.085 2  1.488  460.4
2001 07 23  0.916  1.262 2  1.560  487.8
2001 07 24  0.776  1.426 2  1.623  512.5
2001 07 25  0.599  1.567 2  1.678  534.2
2001 07 26  0.389  1.681 2  1.726  552.7
2001 07 27  0.148  1.762 2  1.768  568.2
2001 07 28 -0.117  1.804 3  1.807  581.1
2001 07 29 -0.399  1.803 3  1.846  591.6
2001 07 30 -0.690  1.757 3  1.887  600.5
2001 07 31 -0.982  1.663 3  1.931  608.3
2001 08 01 -1.264  1.523 3  1.979  615.7
2001 08 02 -1.529  1.338 4  2.031  623.4
2001 08 03 -1.766  1.110 4  2.086  631.8
2001 08 04 -1.968  0.844 4  2.142  641.3
2001 08 05 -2.128  0.547 4  2.197  652.2
2001 08 06 -2.238  0.226 4  2.250  664.6
2001 08 07 -2.295 -0.112 5  2.298  678.4
2001 08 08 -2.296 -0.457 5  2.341  693.3
2001 08 09 -2.239 -0.800 5  2.377  709.1
2001 08 10 -2.125 -1.133 5  2.408  725.3
2001 08 11 -1.957 -1.445 5  2.433  741.4
2001 08 12 -1.740 -1.728 5  2.452  756.6
2001 08 13 -1.479 -1.974 6  2.467  770.4
2001 08 14 -1.182 -2.176 6  2.477  782.0
2001 08 15 -0.858 -2.330 6  2.483  790.8
2001 08 16 -0.515 -2.430 6  2.484  796.0
2001 08 17 -0.164 -2.474 6  2.480  797.1
2001 08 18  0.184 -2.462 7  2.469  793.6
2001 08 19  0.521 -2.394 7  2.450  785.2
2001 08 20  0.837 -2.274 7  2.423  771.7
2001 08 21  1.123 -2.104 7  2.385  753.4
2001 08 22  1.371 -1.891 7  2.336  730.6
2001 08 23  1.577 -1.642 7  2.277  703.9
2001 08 24  1.735 -1.364 8  2.207  674.4
2001 08 25  1.844 -1.066 8  2.130  643.2
2001 08 26  1.902 -0.755 8  2.047  611.7
2001 08 27  1.910 -0.443 8  1.961  581.6
2001 08 28  1.872 -0.136 8  1.877  554.3
2001 08 29  1.791  0.157 1  1.798  531.1
2001 08 30  1.673  0.429 1  1.727  512.8
2001 08 31  1.526  0.674 1  1.668  499.7
2001 09 01  1.355  0.886 1  1.619  491.1
2001 09 02  1.171  1.063 1  1.581  486.0
2001 09 03  0.980  1.202 2  1.550  482.6
2001 09 04  0.790  1.302 2  1.523  479.4
2001 09 05  0.610  1.366 2  1.496  474.6
2001 09 06  0.445  1.394 2  1.463  467.1
2001 09 07  0.301  1.391 2  1.423  456.0
2001 09 08  0.181  1.361 2  1.373  440.9
2001 09 09  0.088  1.309 2  1.312  421.8
2001 09 10  0.024  1.242 2  1.242  399.3
2001 09 11 -0.014  1.164 3  1.164  374.3
2001 09 12 -0.026  1.082 3  1.083  348.1
2001 09 13 -0.016  1.002 3  1.002  322.1
2001 09 14  0.010  0.927 2  0.927  298.0
2001 09 15  0.049  0.862 2  0.863  277.5
2001 09 16  0.092  0.809 2  0.814  261.7
2001 09 17  0.135  0.771 2  0.783  251.1
2001 09 18  0.171  0.747 2  0.767  245.5
2001 09 19  0.195  0.737 2  0.762  243.9
2001 09 20  0.200  0.739 2  0.765  244.8
2001 09 21  0.185  0.749 2  0.772  247.0
2001 09 22  0.145  0.764 2  0.778  249.5
2001 09 23  0.079  0.780 2  0.784  251.9
2001 09 24 -0.011  0.791 3  0.791  254.4
2001 09 25 -0.125  0.793 3  0.802  257.6
2001 09 26 -0.258  0.780 3  0.822  262.3
2001 09 27 -0.407  0.750 3  0.853  269.4
2001 09 28 -0.566  0.698 3  0.898  279.7
2001 09 29 -0.728  0.621 4  0.957  293.4
2001 09 30 -0.885  0.520 4  1.027  310.3
2001 10 01 -1.032  0.393 4  1.104  329.8
2001 10 02 -1.161  0.243 4  1.186  351.3
2001 10 03 -1.264  0.071 4  1.266  373.8
2001 10 04 -1.337 -0.118 5  1.342  396.5
2001 10 05 -1.375 -0.319 5  1.411  418.5
2001 10 06 -1.373 -0.526 5  1.471  439.2
2001 10 07 -1.332 -0.732 5  1.520  458.2
2001 10 08 -1.250 -0.929 5  1.558  474.8
2001 10 09 -1.129 -1.112 5  1.585  488.9
2001 10 10 -0.973 -1.273 6  1.602  500.0
2001 10 11 -0.786 -1.405 6  1.610  507.8
2001 10 12 -0.575 -1.502 6  1.608  512.0
2001 10 13 -0.346 -1.562 6  1.599  512.4
2001 10 14 -0.108 -1.579 6  1.583  508.8
2001 10 15  0.130 -1.554 7  1.559  501.2
2001 10 16  0.361 -1.486 7  1.529  489.4
2001 10 17  0.575 -1.376 7  1.491  473.9
2001 10 18  0.765 -1.229 7  1.448  455.1
2001 10 19  0.925 -1.048 7  1.398  433.8
2001 10 20  1.049 -0.840 8  1.344  411.1
2001 10 21  1.134 -0.613 8  1.289  388.3
2001 10 22  1.176 -0.372 8  1.234  367.3
2001 10 23  1.176 -0.128 8  1.183  349.6
2001 10 24  1.135  0.112 1  1.141  337.0
2001 10 25  1.056  0.340 1  1.109  330.3
2001 10 26  0.943  0.548 1  1.091  329.4
2001 10 27  0.801  0.731 1  1.085  333.5
2001 10 28  0.639  0.882 2  1.089  340.6
2001 10 29  0.462  0.999 2  1.100  348.8
2001 10 30  0.278  1.077 2  1.113  356.0
2001 10 31  0.096  1.117 2  1.121  360.4
2001 11 01 -0.078  1.120 3  1.122  360.8
2001 11 02 -0.237  1.086 3  1.112  356.2
2001 11 03 -0.374  1.021 3  1.087  346.3
2001 11 04 -0.486  0.927 3  1.047  330.9
2001 11 05 -0.568  0.812 3  0.991  310.4
2001 11 06 -0.620  0.681 3  0.921  285.4
2001 11 07 -0.640  0.541 4  0.838  256.8
2001 11 08 -0.630  0.398 4  0.745  225.7
2001 11 09 -0.591  0.260 4  0.646  193.5
2001 11 10 -0.528  0.131 4  0.544  161.4
2001 11 11 -0.445  0.017 4  0.445  131.4
2001 11 12 -0.347 -0.077 5  0.355  105.3
2001 11 13 -0.240 -0.149 5  0.282   85.5
2001 11 14 -0.130 -0.197 6  0.236   74.1
2001 11 15 -0.022 -0.221 6  0.222   71.3
2001 11 16  0.076 -0.220 7  0.233   74.2
2001 11 17  0.162 -0.197 7  0.255   79.3
2001 11 18  0.230 -0.155 8  0.277   84.1
2001 11 19  0.277 -0.097 8  0.293   87.4
2001 11 20  0.301 -0.028 8  0.302   89.3
2001 11 21  0.301  0.047 1  0.305   90.3
2001 11 22  0.279  0.123 1  0.305   91.3
2001 11 23  0.234  0.195 1  0.305   93.3
2001 11 24  0.170  0.258 2  0.309   97.0
2001 11 25  0.091  0.308 2  0.321  102.6
2001 11 26 -0.000  0.342 3  0.342  109.9
2001 11 27 -0.098  0.356 3  0.369  118.1
2001 11 28 -0.196  0.350 3  0.401  126.7
2001 11 29 -0.291  0.323 3  0.435  134.8
2001 11 30 -0.377  0.275 4  0.467  142.2
2001 12 01 -0.450  0.208 4  0.495  148.6
2001 12 02 -0.505  0.124 4  0.520  154.2
2001 12 03 -0.539  0.027 4  0.540  159.3
2001 12 04 -0.550 -0.078 5  0.556  164.4
2001 12 05 -0.538 -0.189 5  0.570  170.0
2001 12 06 -0.502 -0.299 5  0.584  176.6
2001 12 07 -0.444 -0.404 5  0.600  184.3
2001 12 08 -0.365 -0.499 6  0.618  193.3
2001 12 09 -0.270 -0.581 6  0.641  203.1
2001 12 10 -0.162 -0.646 6  0.666  213.2
2001 12 11 -0.047 -0.692 6  0.693  222.8
2001 12 12  0.070 -0.716 7  0.720  231.2
2001 12 13  0.184 -0.719 7  0.743  237.6
2001 12 14  0.289 -0.702 7  0.759  241.3
2001 12 15  0.380 -0.665 7  0.766  241.6
2001 12 16  0.454 -0.612 7  0.762  238.0
2001 12 17  0.506 -0.546 7  0.744  230.4
2001 12 18  0.534 -0.471 8  0.712  218.5
2001 12 19  0.537 -0.392 8  0.665  202.4
2001 12 20  0.515 -0.314 8  0.603  182.4
2001 12 21  0.469 -0.241 8  0.528  158.7
2001 12 22  0.403 -0.178 8  0.441  132.1
2001 12 23  0.320 -0.129 8  0.345  103.2
2001 12 24  0.225 -0.097 8  0.245   73.4
2001 12 25  0.124 -0.084 8  0.149   45.4
2001 12 26  0.022 -0.090 7  0.093   29.6
2001 12 27 -0.073 -0.116 6  0.137   43.0
2001 12 28 -0.157 -0.159 6  0.224   69.0
2001 12 29 -0.223 -0.218 5  0.312   96.1
2001 12 30 -0.267 -0.288 6  0.393  121.6
2001 12 31 -0.286 -0.364 6  0.463  144.4
2002 01 01 -0.276 -0.443 6  0.522  164.0
2002 01 02 -0.238 -0.516 6  0.569  180.4
2002 01 03 -0.172 -0.581 6  0.606  193.5
2002 01 04 -0.081 -0.629 6  0.635  203.8
2002 01 05  0.031 -0.658 7  0.659  211.9
2002 01 06  0.160 -0.663 7  0.682  218.3
2002 01 07  0.299 -0.640 7  0.707  224.0
2002 01 08  0.441 -0.589 7  0.736  229.7
2002 01 09  0.579 -0.508 8  0.770  236.4
2002 01 10  0.705 -0.399 8  0.810  244.4
2002 01 11  0.813 -0.264 8  0.854  254.4
2002 01 12  0.895 -0.107 8  0.901  266.4
2002 01 13  0.948  0.067 1  0.950  280.5
2002 01 14  0.966  0.253 1  0.999  296.5
2002 01 15  0.948  0.444 1  1.047  314.1
2002 01 16  0.893  0.633 1  1.094  332.9
2002 01 17  0.801  0.813 2  1.142  352.6
2002 01 18  0.677  0.978 2  1.190  372.7
2002 01 19  0.522  1.123 2  1.238  392.6
2002 01 20  0.345  1.241 2  1.288  411.9
2002 01 21  0.150  1.330 2  1.338  429.9
2002 01 22 -0.056  1.386 3  1.387  445.9
2002 01 23 -0.263  1.408 3  1.432  459.3
2002 01 24 -0.465  1.395 3  1.471  469.3
2002 01 25 -0.654  1.351 3  1.501  475.3
2002 01 26 -0.825  1.276 3  1.519  477.0
2002 01 27 -0.970  1.174 3  1.523  473.9
2002 01 28 -1.086  1.051 4  1.511  465.9
2002 01 29 -1.170  0.911 4  1.483  452.9
2002 01 30 -1.220  0.760 4  1.437  435.2
2002 01 31 -1.236  0.604 4  1.375  413.1
2002 02 01 -1.218  0.447 4  1.298  387.3
2002 02 02 -1.171  0.296 4  1.208  358.5
2002 02 03 -1.097  0.154 4  1.107  327.5
2002 02 04 -1.000  0.026 4  1.000  295.2
2002 02 05 -0.885 -0.086 5  0.889  262.7
2002 02 06 -0.758 -0.179 5  0.779  231.2
2002 02 07 -0.625 -0.253 5  0.674  201.5
2002 02 08 -0.489 -0.308 5  0.578  175.0
2002 02 09 -0.356 -0.344 5  0.495  152.5
2002 02 10 -0.230 -0.363 6  0.429  134.9
2002 02 11 -0.114 -0.367 6  0.384  122.6
2002 02 12 -0.011 -0.358 6  0.359  115.3
2002 02 13  0.078 -0.341 7  0.349  111.9
2002 02 14  0.151 -0.317 7  0.351  111.1
2002 02 15  0.209 -0.289 7  0.356  111.5
2002 02 16  0.252 -0.261 7  0.362  112.0
2002 02 17  0.281 -0.234 8  0.366  112.0
2002 02 18  0.299 -0.212 8  0.366  111.4
2002 02 19  0.307 -0.195 8  0.363  110.1
2002 02 20  0.307 -0.185 8  0.358  108.3
2002 02 21  0.302 -0.182 8  0.353  106.7
2002 02 22  0.294 -0.187 8  0.349  105.6
2002 02 23  0.285 -0.200 8  0.348  105.8
2002 02 24  0.276 -0.219 8  0.352  107.7
2002 02 25  0.269 -0.244 8  0.363  111.6
2002 02 26  0.265 -0.273 7  0.380  117.5
2002 02 27  0.263 -0.305 7  0.403  125.1
2002 02 28  0.265 -0.338 7  0.429  133.9
2002 03 01  0.270 -0.370 7  0.458  143.3
2002 03 02  0.278 -0.401 7  0.488  152.8
2002 03 03  0.287 -0.428 7  0.515  161.6
2002 03 04  0.296 -0.450 7  0.539  169.2
2002 03 05  0.306 -0.467 7  0.558  175.1
2002 03 06  0.313 -0.477 7  0.570  179.0
2002 03 07  0.319 -0.479 7  0.575  180.5
2002 03 08  0.321 -0.474 7  0.572  179.4
2002 03 09  0.318 -0.462 7  0.561  175.7
2002 03 10  0.311 -0.442 7  0.540  169.2
2002 03 11  0.299 -0.415 7  0.512  160.1
2002 03 12  0.282 -0.382 7  0.475  148.5
2002 03 13  0.260 -0.344 7  0.432  134.7
2002 03 14  0.234 -0.302 7  0.382  119.1
2002 03 15  0.203 -0.256 7  0.327  101.8
2002 03 16  0.169 -0.208 7  0.268   83.5
2002 03 17  0.134 -0.159 7  0.207   64.5
2002 03 18  0.097 -0.109 7  0.146   45.2
2002 03 19  0.059 -0.060 7  0.085   26.2
2002 03 20  0.023 -0.013 8  0.027    8.0
2002 03 21 -0.012  0.031 3  0.033   10.6
2002 03 22 -0.044  0.073 3  0.085   26.7
2002 03 23 -0.073  0.110 3  0.132   41.5
2002 03 24 -0.098  0.144 3  0.174   54.5
2002 03 25 -0.119  0.172 3  0.210   65.7
2002 03 26 -0.136  0.196 3  0.238   74.7
2002 03 27 -0.149  0.214 3  0.260   81.6
2002 03 28 -0.157  0.226 3  0.275   86.2
2002 03 29 -0.162  0.232 3  0.283   88.5
2002 03 30 -0.162  0.231 3  0.283   88.5
2002 03 31 -0.159  0.224 3  0.275   86.1
2002 04 01 -0.152  0.211 3  0.260   81.4
2002 04 02 -0.141  0.192 3  0.238   74.5
2002 04 03 -0.126  0.167 3  0.209   65.3
2002 04 04 -0.107  0.136 3  0.173   54.0
2002 04 05 -0.084  0.101 3  0.131   40.7
2002 04 06 -0.055  0.062 3  0.083   25.7
2002 04 07 -0.021  0.021 4  0.030    9.1
2002 04 08  0.018 -0.021 7  0.028    8.8
2002 04 09  0.064 -0.062 8  0.089   27.5
2002 04 10  0.115 -0.100 8  0.153   46.8
2002 04 11  0.172 -0.133 8  0.217   66.4
2002 04 12  0.233 -0.159 8  0.282   85.7
2002 04 13  0.297 -0.176 8  0.345  104.4
2002 04 14  0.364 -0.181 8  0.406  122.1
2002 04 15  0.430 -0.173 8  0.464  138.7
2002 04 16  0.494 -0.151 8  0.516  153.7
2002 04 17  0.552 -0.114 8  0.564  167.0
2002 04 18  0.602 -0.060 8  0.605  178.8
2002 04 19  0.640  0.008 1  0.640  189.1
2002 04 20  0.664  0.091 1  0.670  198.1
2002 04 21  0.670  0.186 1  0.695  206.5
2002 04 22  0.655  0.292 1  0.717  214.9
2002 04 23  0.617  0.405 1  0.738  224.0
2002 04 24  0.555  0.522 1  0.762  234.7
2002 04 25  0.468  0.639 2  0.792  247.6
2002 04 26  0.356  0.750 2  0.831  263.2
2002 04 27  0.220  0.853 2  0.881  281.8
2002 04 28  0.062  0.941 2  0.943  303.1
2002 04 29 -0.115  1.011 3  1.017  326.8
2002 04 30 -0.307  1.058 3  1.102  352.2
2002 05 01 -0.510  1.080 3  1.194  378.5
2002 05 02 -0.716  1.073 3  1.290  404.7
2002 05 03 -0.922  1.036 3  1.386  430.0
2002 05 04 -1.119  0.967 4  1.479  453.6
2002 05 05 -1.301  0.867 4  1.563  474.6
2002 05 06 -1.461  0.738 4  1.637  492.3
2002 05 07 -1.594  0.581 4  1.697  506.3
2002 05 08 -1.694  0.399 4  1.740  516.2
2002 05 09 -1.755  0.198 4  1.766  522.0
2002 05 10 -1.775 -0.018 5  1.775  523.8
2002 05 11 -1.749 -0.242 5  1.766  522.1
2002 05 12 -1.678 -0.470 5  1.742  517.7
2002 05 13 -1.560 -0.693 5  1.707  511.6
2002 05 14 -1.398 -0.906 5  1.666  505.1
2002 05 15 -1.194 -1.102 5  1.625  499.7
2002 05 16 -0.953 -1.274 6  1.591  497.0
2002 05 17 -0.678 -1.419 6  1.573  498.3
2002 05 18 -0.377 -1.530 6  1.576  504.5
2002 05 19 -0.057 -1.604 6  1.605  516.2
2002 05 20  0.275 -1.639 7  1.661  533.1
2002 05 21  0.610 -1.631 7  1.741  554.5
2002 05 22  0.941 -1.581 7  1.839  579.2
2002 05 23  1.259 -1.488 7  1.949  605.9
2002 05 24  1.556 -1.355 8  2.063  633.1
2002 05 25  1.825 -1.184 8  2.175  659.5
2002 05 26  2.059 -0.977 8  2.279  684.1
2002 05 27  2.252 -0.740 8  2.370  706.0
2002 05 28  2.398 -0.478 8  2.445  724.4
2002 05 29  2.494 -0.196 8  2.502  738.9
2002 05 30  2.537  0.099 1  2.539  749.4
2002 05 31  2.523  0.401 1  2.555  755.8
2002 06 01  2.453  0.702 1  2.552  758.5
2002 06 02  2.327  0.996 1  2.531  757.8
2002 06 03  2.145  1.274 1  2.495  754.3
2002 06 04  1.912  1.531 1  2.449  748.9
2002 06 05  1.630  1.759 2  2.398  742.6
2002 06 06  1.305  1.952 2  2.348  736.3
2002 06 07  0.942  2.104 2  2.305  731.4
2002 06 08  0.550  2.210 2  2.277  728.9
2002 06 09  0.135  2.266 2  2.270  729.9
2002 06 10 -0.292  2.270 3  2.289  735.1
2002 06 11 -0.723  2.219 3  2.334  744.9
2002 06 12 -1.147  2.114 3  2.405  759.3
2002 06 13 -1.553  1.954 3  2.496  777.9
2002 06 14 -1.932  1.744 4  2.602  799.7
2002 06 15 -2.273  1.486 4  2.715  823.6
2002 06 16 -2.566  1.186 4  2.827  848.1
2002 06 17 -2.804  0.851 4  2.930  871.8
2002 06 18 -2.979  0.490 4  3.019  893.3
2002 06 19 -3.085  0.111 4  3.087  911.3
2002 06 20 -3.119 -0.275 5  3.131  924.8
2002 06 21 -3.078 -0.659 5  3.148  933.0
2002 06 22 -2.964 -1.030 5  3.138  935.4
2002 06 23 -2.779 -1.377 5  3.101  932.0
2002 06 24 -2.528 -1.690 5  3.041  923.0
2002 06 25 -2.218 -1.961 5  2.961  909.0
2002 06 26 -1.859 -2.182 6  2.867  890.8
2002 06 27 -1.461 -2.348 6  2.765  869.5
2002 06 28 -1.036 -2.454 6  2.663  846.2
2002 06 29 -0.597 -2.498 6  2.568  822.3
2002 06 30 -0.157 -2.479 6  2.484  798.6
2002 07 01  0.270 -2.401 7  2.416  776.2
2002 07 02  0.673 -2.266 7  2.364  755.4
2002 07 03  1.041 -2.082 7  2.328  736.6
2002 07 04  1.365 -1.854 7  2.302  719.5
2002 07 05  1.636 -1.591 8  2.282  703.6
2002 07 06  1.851 -1.304 8  2.264  688.6
2002 07 07  2.006 -1.000 8  2.241  673.8
2002 07 08  2.101 -0.691 8  2.212  658.8
2002 07 09  2.138 -0.385 8  2.173  643.2
2002 07 10  2.122 -0.092 8  2.124  627.1
2002 07 11  2.058  0.183 1  2.066  610.3
2002 07 12  1.954  0.431 1  2.001  593.3
2002 07 13  1.819  0.650 1  1.931  576.1
2002 07 14  1.660  0.837 1  1.859  559.0
2002 07 15  1.488  0.989 1  1.786  542.2
2002 07 16  1.310  1.108 1  1.716  525.8
2002 07 17  1.134  1.195 2  1.648  509.7
2002 07 18  0.967  1.253 2  1.583  493.8
2002 07 19  0.813  1.286 2  1.521  478.1
2002 07 20  0.676  1.298 2  1.463  462.5
2002 07 21  0.556  1.293 2  1.407  447.0
2002 07 22  0.454  1.276 2  1.354  431.5
2002 07 23  0.367  1.250 2  1.303  416.3
2002 07 24  0.292  1.219 2  1.253  401.4
2002 07 25  0.226  1.185 2  1.206  386.8
2002 07 26  0.164  1.148 2  1.160  372.4
2002 07 27  0.100  1.110 2  1.115  358.3
2002 07 28  0.031  1.070 2  1.070  344.2
2002 07 29 -0.047  1.025 3  1.026  330.0
2002 07 30 -0.137  0.974 3  0.984  315.8
2002 07 31 -0.241  0.914 3  0.945  302.4
2002 08 01 -0.359  0.842 3  0.915  290.7
2002 08 02 -0.489  0.755 3  0.900  282.4
2002 08 03 -0.629  0.651 3  0.905  279.9
2002 08 04 -0.775  0.529 4  0.938  285.0
2002 08 05 -0.921  0.388 4  0.999  299.0
2002 08 06 -1.061  0.228 4  1.085  321.7
2002 08 07 -1.189  0.052 4  1.191  351.5
2002 08 08 -1.299 -0.139 5  1.307  386.1
2002 08 09 -1.384 -0.339 5  1.425  422.9
2002 08 10 -1.439 -0.545 5  1.539  459.5
2002 08 11 -1.460 -0.749 5  1.641  493.6
2002 08 12 -1.442 -0.946 5  1.725  523.2
2002 08 13 -1.387 -1.128 5  1.788  546.9
2002 08 14 -1.292 -1.289 5  1.825  563.4
2002 08 15 -1.161 -1.423 6  1.837  571.8
2002 08 16 -0.998 -1.524 6  1.821  571.7
2002 08 17 -0.807 -1.587 6  1.781  563.2
2002 08 18 -0.595 -1.610 6  1.716  546.7
2002 08 19 -0.371 -1.590 6  1.632  522.8
2002 08 20 -0.142 -1.527 6  1.534  492.9
2002 08 21  0.083 -1.424 7  1.426  458.4
2002 08 22  0.295 -1.282 7  1.316  421.5
2002 08 23  0.488 -1.108 7  1.211  384.4
2002 08 24  0.653 -0.908 7  1.118  349.7
2002 08 25  0.785 -0.688 8  1.043  320.3
2002 08 26  0.879 -0.457 8  0.991  298.3
2002 08 27  0.935 -0.224 8  0.961  285.2
2002 08 28  0.950  0.003 1  0.950  280.6
2002 08 29  0.927  0.216 1  0.952  282.4
2002 08 30  0.869  0.406 1  0.959  287.8
2002 08 31  0.780  0.568 1  0.964  293.7
2002 09 01  0.666  0.695 2  0.962  297.6
2002 09 02  0.534  0.784 2  0.949  297.4
2002 09 03  0.393  0.833 2  0.921  292.0
2002 09 04  0.250  0.842 2  0.878  280.7
2002 09 05  0.114  0.812 2  0.820  263.3
2002 09 06 -0.009  0.747 3  0.747  240.1
2002 09 07 -0.111  0.650 3  0.660  211.7
2002 09 08 -0.187  0.529 3  0.561  179.0
2002 09 09 -0.234  0.391 3  0.455  143.4
2002 09 10 -0.248  0.242 4  0.347  107.0
2002 09 11 -0.230  0.092 4  0.248   74.1
2002 09 12 -0.181 -0.053 5  0.188   56.0
2002 09 13 -0.103 -0.184 6  0.211   66.4
2002 09 14 -0.000 -0.295 6  0.295   94.9
2002 09 15  0.121 -0.381 7  0.399  127.5
2002 09 16  0.254 -0.437 7  0.505  159.3
2002 09 17  0.392 -0.461 7  0.605  188.0
2002 09 18  0.527 -0.452 8  0.694  212.8
2002 09 19  0.652 -0.410 8  0.770  233.2
2002 09 20  0.759 -0.339 8  0.831  249.1
2002 09 21  0.843 -0.240 8  0.877  260.5
2002 09 22  0.898 -0.121 8  0.906  267.9
2002 09 23  0.921  0.014 1  0.921  271.8
2002 09 24  0.908  0.158 1  0.922  272.9
2002 09 25  0.860  0.304 1  0.912  272.0
2002 09 26  0.776  0.444 1  0.894  270.0
2002 09 27  0.660  0.572 1  0.874  268.0
2002 09 28  0.515  0.682 2  0.854  266.8
2002 09 29  0.345  0.768 2  0.842  267.2
2002 09 30  0.157  0.827 2  0.842  269.9
2002 10 01 -0.043  0.855 3  0.856  275.1
2002 10 02 -0.247  0.850 3  0.885  283.0
2002 10 03 -0.449  0.813 3  0.929  293.2
2002 10 04 -0.640  0.745 3  0.983  305.3
2002 10 05 -0.816  0.649 4  1.043  318.7
2002 10 06 -0.969  0.528 4  1.104  332.7
2002 10 07 -1.096  0.386 4  1.162  346.5
2002 10 08 -1.191  0.230 4  1.213  359.3
2002 10 09 -1.253  0.064 4  1.255  370.5
2002 10 10 -1.280 -0.104 5  1.284  379.3
2002 10 11 -1.272 -0.270 5  1.300  385.3
2002 10 12 -1.229 -0.427 5  1.301  387.9
2002 10 13 -1.154 -0.570 5  1.287  386.8
2002 10 14 -1.050 -0.694 5  1.259  381.9
2002 10 15 -0.920 -0.797 5  1.217  373.4
2002 10 16 -0.769 -0.875 6  1.165  361.4
2002 10 17 -0.601 -0.926 6  1.104  346.6
2002 10 18 -0.422 -0.950 6  1.039  329.9
2002 10 19 -0.235 -0.946 6  0.975  312.2
2002 10 20 -0.047 -0.917 6  0.918  295.1
2002 10 21  0.139 -0.862 7  0.873  280.2
2002 10 22  0.319 -0.784 7  0.847  269.2
2002 10 23  0.489 -0.686 7  0.843  263.8
2002 10 24  0.646 -0.571 8  0.863  264.9
2002 10 25  0.787 -0.442 8  0.903  272.5
2002 10 26  0.911 -0.302 8  0.959  285.8
2002 10 27  1.014 -0.154 8  1.026  303.4
2002 10 28  1.097 -0.001 8  1.097  323.8
2002 10 29  1.158  0.155 1  1.168  345.3
2002 10 30  1.196  0.309 1  1.235  366.7
2002 10 31  1.211  0.461 1  1.295  386.9
2002 11 01  1.202  0.607 1  1.347  405.0
2002 11 02  1.171  0.745 1  1.388  420.5
2002 11 03  1.116  0.874 1  1.418  433.0
2002 11 04  1.039  0.990 1  1.436  442.2
2002 11 05  0.941  1.093 2  1.442  447.9
2002 11 06  0.822  1.179 2  1.437  450.2
2002 11 07  0.684  1.248 2  1.423  449.3
2002 11 08  0.529  1.297 2  1.401  445.4
2002 11 09  0.359  1.325 2  1.372  439.0
2002 11 10  0.178  1.329 2  1.341  430.6
2002 11 11 -0.012  1.309 3  1.309  420.9
2002 11 12 -0.206  1.264 3  1.280  410.9
2002 11 13 -0.402  1.192 3  1.258  401.3
2002 11 14 -0.593  1.095 3  1.245  393.1
2002 11 15 -0.776  0.972 3  1.244  387.4
2002 11 16 -0.945  0.825 4  1.255  385.0
2002 11 17 -1.097  0.656 4  1.278  386.5
2002 11 18 -1.228  0.467 4  1.313  392.2
2002 11 19 -1.332  0.262 4  1.357  402.0
2002 11 20 -1.407  0.044 4  1.407  415.5
2002 11 21 -1.450 -0.181 5  1.461  431.9
2002 11 22 -1.460 -0.409 5  1.516  450.5
2002 11 23 -1.435 -0.634 5  1.569  470.1
2002 11 24 -1.377 -0.851 5  1.619  489.9
2002 11 25 -1.285 -1.055 5  1.663  508.9
2002 11 26 -1.163 -1.240 6  1.700  526.2
2002 11 27 -1.013 -1.402 6  1.730  541.0
2002 11 28 -0.840 -1.535 6  1.750  552.5
2002 11 29 -0.648 -1.638 6  1.761  560.3
2002 11 30 -0.441 -1.706 6  1.762  563.9
2002 12 01 -0.226 -1.738 6  1.753  563.0
2002 12 02 -0.009 -1.734 6  1.734  557.5
2002 12 03  0.206 -1.692 7  1.705  547.6
2002 12 04  0.413 -1.615 7  1.667  533.5
2002 12 05  0.607 -1.504 7  1.622  515.8
2002 12 06  0.783 -1.362 7  1.571  495.3
2002 12 07  0.938 -1.193 7  1.517  473.1
2002 12 08  1.068 -1.000 8  1.463  450.4
2002 12 09  1.172 -0.789 8  1.413  428.9
2002 12 10  1.247 -0.564 8  1.369  410.3
2002 12 11  1.293 -0.330 8  1.335  396.2
2002 12 12  1.310 -0.093 8  1.314  387.9
2002 12 13  1.299  0.143 1  1.307  386.2
2002 12 14  1.260  0.372 1  1.314  390.8
2002 12 15  1.196  0.590 1  1.334  400.9
2002 12 16  1.109  0.793 1  1.363  415.0
2002 12 17  1.001  0.977 1  1.399  431.3
2002 12 18  0.875  1.138 2  1.436  448.1
2002 12 19  0.734  1.275 2  1.471  463.8
2002 12 20  0.581  1.385 2  1.502  477.2
2002 12 21  0.419  1.465 2  1.524  487.2
2002 12 22  0.252  1.516 2  1.537  493.2
2002 12 23  0.083  1.536 2  1.538  494.6
2002 12 24 -0.086  1.526 3  1.528  491.3
2002 12 25 -0.250  1.486 3  1.506  483.4
2002 12 26 -0.407  1.416 3  1.473  471.0
2002 12 27 -0.553  1.320 3  1.431  454.7
2002 12 28 -0.687  1.198 3  1.381  435.2
2002 12 29 -0.805  1.053 3  1.325  413.6
2002 12 30 -0.904  0.889 4  1.268  391.0
2002 12 31 -0.983  0.708 4  1.211  368.8
2003 01 01 -1.040  0.515 4  1.160  348.7
2003 01 02 -1.073  0.313 4  1.117  332.2
2003 01 03 -1.081  0.108 4  1.086  320.9
2003 01 04 -1.064 -0.097 5  1.069  315.7
2003 01 05 -1.023 -0.298 5  1.065  316.6
2003 01 06 -0.957 -0.488 5  1.074  323.2
2003 01 07 -0.869 -0.666 5  1.094  334.0
2003 01 08 -0.760 -0.825 6  1.122  347.4
2003 01 09 -0.633 -0.963 6  1.153  361.8
2003 01 10 -0.492 -1.077 6  1.184  375.6
2003 01 11 -0.340 -1.164 6  1.213  387.5
2003 01 12 -0.180 -1.222 6  1.236  396.6
2003 01 13 -0.018 -1.251 6  1.251  402.2
2003 01 14  0.142 -1.249 7  1.257  403.8
2003 01 15  0.295 -1.218 7  1.253  401.2
2003 01 16  0.439 -1.158 7  1.238  394.3
2003 01 17  0.567 -1.072 7  1.213  383.3
2003 01 18  0.677 -0.963 7  1.177  368.6
2003 01 19  0.765 -0.834 7  1.132  350.6
2003 01 20  0.829 -0.689 8  1.078  330.0
2003 01 21  0.867 -0.532 8  1.017  307.8
2003 01 22  0.879 -0.368 8  0.953  285.0
2003 01 23  0.863 -0.201 8  0.886  262.9
2003 01 24  0.822 -0.037 8  0.822  242.8
2003 01 25  0.755  0.120 1  0.765  226.2
2003 01 26  0.667  0.267 1  0.718  214.6
2003 01 27  0.559  0.398 1  0.686  208.8
2003 01 28  0.435  0.512 2  0.672  208.9
2003 01 29  0.301  0.605 2  0.676  213.8
2003 01 30  0.159  0.676 2  0.694  222.3
2003 01 31  0.014  0.723 2  0.723  232.6
2003 02 01 -0.128  0.747 3  0.758  243.1
2003 02 02 -0.263  0.747 3  0.792  252.5
2003 02 03 -0.388  0.726 3  0.823  259.9
2003 02 04 -0.498  0.684 3  0.846  264.5
2003 02 05 -0.590  0.625 3  0.859  265.8
2003 02 06 -0.661  0.551 4  0.861  263.6
2003 02 07 -0.711  0.466 4  0.850  257.7
2003 02 08 -0.737  0.373 4  0.826  248.3
2003 02 09 -0.739  0.276 4  0.789  235.6
2003 02 10 -0.719  0.179 4  0.741  219.9
2003 02 11 -0.677  0.086 4  0.683  201.8
2003 02 12 -0.616 -0.001 5  0.616  181.9
2003 02 13 -0.539 -0.079 5  0.545  161.1
2003 02 14 -0.449 -0.145 5  0.472  140.4
2003 02 15 -0.349 -0.198 5  0.401  121.1
2003 02 16 -0.244 -0.236 5  0.339  104.6
2003 02 17 -0.138 -0.258 6  0.293   92.5
2003 02 18 -0.035 -0.265 6  0.268   85.9
2003 02 19  0.061 -0.258 7  0.265   84.9
2003 02 20  0.148 -0.237 7  0.279   87.8
2003 02 21  0.221 -0.205 8  0.301   92.7
2003 02 22  0.279 -0.163 8  0.323   97.7
2003 02 23  0.320 -0.115 8  0.340  101.5
2003 02 24  0.344 -0.062 8  0.350  103.5
2003 02 25  0.350 -0.008 8  0.350  103.4
2003 02 26  0.340  0.044 1  0.343  101.3
2003 02 27  0.314  0.093 1  0.327   97.3
2003 02 28  0.275  0.135 1  0.306   92.0
2003 03 01  0.225  0.169 1  0.282   85.9
2003 03 02  0.169  0.193 2  0.256   79.6
2003 03 03  0.108  0.207 2  0.233   73.7
2003 03 04  0.046  0.210 2  0.215   68.8
2003 03 05 -0.014  0.201 3  0.202   64.9
2003 03 06 -0.068  0.183 3  0.195   62.1
2003 03 07 -0.114  0.155 3  0.192   60.1
2003 03 08 -0.151  0.119 4  0.192   58.7
2003 03 09 -0.177  0.077 4  0.193   57.7
2003 03 10 -0.191  0.031 4  0.193   57.1
2003 03 11 -0.193 -0.018 5  0.194   57.3
2003 03 12 -0.185 -0.066 5  0.196   58.5
2003 03 13 -0.166 -0.113 5  0.201   61.2
2003 03 14 -0.140 -0.157 6  0.211   65.4
2003 03 15 -0.108 -0.197 6  0.225   70.9
2003 03 16 -0.073 -0.231 6  0.242   77.2
2003 03 17 -0.036 -0.258 6  0.261   83.7
2003 03 18 -0.001 -0.279 6  0.279   89.8
2003 03 19  0.032 -0.294 7  0.296   95.0
2003 03 20  0.060 -0.302 7  0.308   98.8
2003 03 21  0.082 -0.305 7  0.316  101.0
2003 03 22  0.097 -0.302 7  0.318  101.4
2003 03 23  0.106 -0.296 7  0.314  100.1
2003 03 24  0.108 -0.285 7  0.305   97.1
2003 03 25  0.104 -0.272 7  0.291   92.8
2003 03 26  0.095 -0.258 7  0.274   87.4
2003 03 27  0.082 -0.241 7  0.255   81.4
2003 03 28  0.068 -0.225 7  0.235   75.0
2003 03 29  0.053 -0.207 7  0.214   68.5
2003 03 30  0.040 -0.190 7  0.194   62.3
2003 03 31  0.029 -0.173 7  0.175   56.3
2003 04 01  0.023 -0.156 7  0.158   50.6
2003 04 02  0.021 -0.139 7  0.141   45.3
2003 04 03  0.025 -0.123 7  0.126   40.3
2003 04 04  0.036 -0.107 7  0.113   36.1
2003 04 05  0.052 -0.092 7  0.106   33.3
2003 04 06  0.075 -0.077 7  0.107   33.1
2003 04 07  0.102 -0.062 8  0.120   36.2
2003 04 08  0.135 -0.048 8  0.143   42.8
2003 04 09  0.172 -0.035 8  0.175   51.9
2003 04 10  0.212 -0.022 8  0.213   62.8
2003 04 11  0.254 -0.010 8  0.254   75.0
2003 04 12  0.298  0.003 1  0.298   87.9
2003 04 13  0.342  0.016 1  0.343  101.2
2003 04 14  0.387  0.030 1  0.388  114.7
2003 04 15  0.431  0.047 1  0.434  128.2
2003 04 16  0.474  0.067 1  0.478  141.5
2003 04 17  0.514  0.091 1  0.522  154.5
2003 04 18  0.551  0.120 1  0.564  167.2
2003 04 19  0.583  0.157 1  0.604  179.4
2003 04 20  0.610  0.202 1  0.643  191.4
2003 04 21  0.629  0.256 1  0.679  203.2
2003 04 22  0.640  0.319 1  0.715  214.9
2003 04 23  0.639  0.392 1  0.749  226.8
2003 04 24  0.625  0.474 1  0.784  239.3
2003 04 25  0.595  0.565 1  0.820  252.6
2003 04 26  0.548  0.661 2  0.859  267.2
2003 04 27  0.482  0.762 2  0.901  283.2
2003 04 28  0.394  0.862 2  0.948  300.8
2003 04 29  0.285  0.960 2  1.001  319.9
2003 04 30  0.154  1.049 2  1.061  340.5
2003 05 01  0.001  1.126 2  1.126  362.2
2003 05 02 -0.172  1.186 3  1.198  384.7
2003 05 03 -0.361  1.223 3  1.275  407.5
2003 05 04 -0.565  1.234 3  1.357  430.3
2003 05 05 -0.777  1.213 3  1.441  452.5
2003 05 06 -0.991  1.159 3  1.525  474.0
2003 05 07 -1.202  1.070 4  1.609  494.3
2003 05 08 -1.402  0.944 4  1.690  513.2
2003 05 09 -1.582  0.783 4  1.766  530.7
2003 05 10 -1.737  0.590 4  1.834  546.7
2003 05 11 -1.858  0.366 4  1.894  561.0
2003 05 12 -1.940  0.119 4  1.943  573.8
2003 05 13 -1.975 -0.145 5  1.981  585.0
2003 05 14 -1.962 -0.419 5  2.006  594.6
2003 05 15 -1.897 -0.695 5  2.020  602.8
2003 05 16 -1.780 -0.962 5  2.023  609.7
2003 05 17 -1.612 -1.214 5  2.018  615.3
2003 05 18 -1.396 -1.440 6  2.006  619.9
2003 05 19 -1.139 -1.633 6  1.991  623.5
2003 05 20 -0.846 -1.787 6  1.977  626.5
2003 05 21 -0.527 -1.896 6  1.967  629.1
2003 05 22 -0.191 -1.955 6  1.965  631.3
2003 05 23  0.151 -1.965 7  1.970  633.3
2003 05 24  0.490 -1.923 7  1.985  635.1
2003 05 25  0.813 -1.833 7  2.006  636.6
2003 05 26  1.112 -1.699 7  2.031  637.4
2003 05 27  1.378 -1.525 7  2.055  637.2
2003 05 28  1.603 -1.320 8  2.076  635.5
2003 05 29  1.781 -1.090 8  2.088  631.9
2003 05 30  1.910 -0.845 8  2.089  625.8
2003 05 31  1.987 -0.594 8  2.074  616.8
2003 06 01  2.013 -0.346 8  2.043  604.6
2003 06 02  1.991 -0.109 8  1.994  588.8
2003 06 03  1.926  0.109 1  1.929  569.4
2003 06 04  1.822  0.303 1  1.847  546.5
2003 06 05  1.687  0.466 1  1.751  520.1
2003 06 06  1.530  0.597 1  1.642  490.7
2003 06 07  1.358  0.693 1  1.525  458.6
2003 06 08  1.180  0.754 1  1.401  424.5
2003 06 09  1.004  0.784 1  1.274  389.0
2003 06 10  0.836  0.784 1  1.146  352.8
2003 06 11  0.682  0.760 2  1.021  316.7
2003 06 12  0.546  0.717 2  0.902  281.4
2003 06 13  0.431  0.661 2  0.789  247.8
2003 06 14  0.338  0.598 2  0.687  216.8
2003 06 15  0.267  0.534 2  0.597  189.0
2003 06 16  0.216  0.475 2  0.521  165.4
2003 06 17  0.180  0.425 2  0.461  146.6
2003 06 18  0.158  0.388 2  0.419  133.1
2003 06 19  0.143  0.366 2  0.393  125.1
2003 06 20  0.130  0.362 2  0.385  122.6
2003 06 21  0.116  0.375 2  0.392  125.2
2003 06 22  0.094  0.404 2  0.414  132.7
2003 06 23  0.062  0.446 2  0.450  144.7
2003 06 24  0.016  0.500 2  0.500  160.8
2003 06 25 -0.044  0.560 3  0.562  180.6
2003 06 26 -0.121  0.624 3  0.635  203.7
2003 06 27 -0.214  0.686 3  0.718  229.3
2003 06 28 -0.319  0.742 3  0.808  256.5
2003 06 29 -0.436  0.789 3  0.901  284.4
2003 06 30 -0.561  0.822 3  0.995  312.0
2003 07 01 -0.688  0.841 3  1.087  338.2
2003 07 02 -0.815  0.842 3  1.171  362.1
2003 07 03 -0.936  0.824 4  1.247  382.8
2003 07 04 -1.048  0.787 4  1.311  399.8
2003 07 05 -1.147  0.733 4  1.361  412.4
2003 07 06 -1.229  0.662 4  1.396  420.5
2003 07 07 -1.292  0.576 4  1.415  424.0
2003 07 08 -1.335  0.478 4  1.418  423.0
2003 07 09 -1.358  0.370 4  1.407  418.1
2003 07 10 -1.360  0.255 4  1.384  409.7
2003 07 11 -1.343  0.135 4  1.350  398.9
2003 07 12 -1.309  0.014 4  1.309  386.4
2003 07 13 -1.260 -0.107 5  1.264  373.4
2003 07 14 -1.198 -0.227 5  1.219  360.9
2003 07 15 -1.125 -0.342 5  1.176  349.9
2003 07 16 -1.046 -0.453 5  1.139  341.2
2003 07 17 -0.960 -0.558 5  1.110  335.4
2003 07 18 -0.871 -0.657 5  1.091  332.7
2003 07 19 -0.779 -0.749 5  1.081  333.0
2003 07 20 -0.686 -0.834 6  1.079  335.9
2003 07 21 -0.591 -0.911 6  1.086  340.9
2003 07 22 -0.494 -0.980 6  1.097  347.2
2003 07 23 -0.395 -1.040 6  1.113  354.3
2003 07 24 -0.292 -1.091 6  1.129  361.2
2003 07 25 -0.186 -1.130 6  1.146  367.6
2003 07 26 -0.076 -1.157 6  1.160  372.9
2003 07 27  0.040 -1.171 7  1.171  376.7
2003 07 28  0.160 -1.169 7  1.180  378.8
2003 07 29  0.285 -1.150 7  1.185  379.2
2003 07 30  0.412 -1.113 7  1.187  378.1
2003 07 31  0.541 -1.057 7  1.187  375.6
2003 08 01  0.668 -0.981 7  1.187  372.2
2003 08 02  0.791 -0.886 7  1.188  368.4
2003 08 03  0.906 -0.772 8  1.190  364.9
2003 08 04  1.010 -0.640 8  1.196  362.2
2003 08 05  1.098 -0.492 8  1.203  360.7
2003 08 06  1.167 -0.332 8  1.214  360.7
2003 08 07  1.214 -0.162 8  1.225  362.1
2003 08 08  1.236  0.013 1  1.236  364.7
2003 08 09  1.230  0.189 1  1.244  368.1
2003 08 10  1.196  0.361 1  1.249  371.6
2003 08 11  1.133  0.524 1  1.249  374.6
2003 08 12  1.044  0.674 1  1.242  376.6
2003 08 13  0.929  0.805 1  1.229  377.0
2003 08 14  0.791  0.915 2  1.209  375.6
2003 08 15  0.636  0.999 2  1.184  372.0
2003 08 16  0.468  1.055 2  1.154  366.2
2003 08 17  0.292  1.082 2  1.120  358.4
2003 08 18  0.115  1.078 2  1.085  348.5
2003 08 19 -0.058  1.046 3  1.048  336.8
2003 08 20 -0.220  0.986 3  1.010  323.6
2003 08 21 -0.367  0.901 3  0.973  309.2
2003 08 22 -0.493  0.794 3  0.935  293.9
2003 08 23 -0.596  0.669 3  0.896  278.0
2003 08 24 -0.672  0.532 4  0.857  261.9
2003 08 25 -0.719  0.386 4  0.816  246.0
2003 08 26 -0.738  0.238 4  0.775  230.9
2003 08 27 -0.729  0.092 4  0.735  217.2
2003 08 28 -0.694 -0.048 5  0.696  205.6
2003 08 29 -0.637 -0.178 5  0.661  196.5
2003 08 30 -0.561 -0.293 5  0.633  190.5
2003 08 31 -0.470 -0.392 5  0.613  187.6
2003 09 01 -0.370 -0.474 6  0.601  187.4
2003 09 02 -0.265 -0.536 6  0.598  189.3
2003 09 03 -0.159 -0.580 6  0.601  192.2
2003 09 04 -0.058 -0.605 6  0.608  195.4
2003 09 05  0.035 -0.615 7  0.616  197.9
2003 09 06  0.118 -0.609 7  0.621  199.0
2003 09 07  0.188 -0.592 7  0.621  198.4
2003 09 08  0.243 -0.566 7  0.616  195.8
2003 09 09  0.285 -0.533 7  0.605  191.0
2003 09 10  0.313 -0.496 7  0.587  184.4
2003 09 11  0.329 -0.457 7  0.563  176.2
2003 09 12  0.335 -0.418 7  0.535  166.8
2003 09 13  0.333 -0.379 7  0.504  156.5
2003 09 14  0.326 -0.341 7  0.472  146.0
2003 09 15  0.317 -0.305 8  0.440  135.5
2003 09 16  0.307 -0.270 8  0.409  125.5
2003 09 17  0.300 -0.234 8  0.380  116.2
2003 09 18  0.296 -0.197 8  0.355  107.8
2003 09 19  0.296 -0.156 8  0.335  100.8
2003 09 20  0.301 -0.111 8  0.320   95.6
2003 09 21  0.309 -0.059 8  0.314   93.1
2003 09 22  0.319  0.001 1  0.319   94.2
2003 09 23  0.330  0.068 1  0.337   99.8
2003 09 24  0.338  0.145 1  0.368  110.0
2003 09 25  0.341  0.229 1  0.411  124.7
2003 09 26  0.336  0.319 1  0.464  142.8
2003 09 27  0.321  0.415 2  0.524  163.6
2003 09 28  0.293  0.512 2  0.590  185.9
2003 09 29  0.250  0.608 2  0.657  209.0
2003 09 30  0.191  0.699 2  0.725  231.8
2003 10 01  0.117  0.781 2  0.790  253.5
2003 10 02  0.027  0.850 2  0.850  273.3
2003 10 03 -0.075  0.901 3  0.904  290.6
2003 10 04 -0.188  0.932 3  0.951  304.8
2003 10 05 -0.309  0.939 3  0.988  315.3
2003 10 06 -0.431  0.919 3  1.015  321.8
2003 10 07 -0.551  0.872 3  1.032  324.2
2003 10 08 -0.664  0.797 3  1.037  322.6
2003 10 09 -0.764  0.694 4  1.032  317.4
2003 10 10 -0.846  0.567 4  1.019  309.2
2003 10 11 -0.907  0.417 4  0.998  299.3
2003 10 12 -0.941  0.249 4  0.973  289.0
2003 10 13 -0.946  0.067 4  0.949  280.1
2003 10 14 -0.921 -0.121 5  0.929  274.7
2003 10 15 -0.865 -0.311 5  0.919  274.3
2003 10 16 -0.779 -0.496 5  0.923  279.8
2003 10 17 -0.664 -0.669 6  0.943  291.0
2003 10 18 -0.525 -0.824 6  0.977  306.9
2003 10 19 -0.365 -0.955 6  1.023  325.5
2003 10 20 -0.190 -1.059 6  1.075  345.0
2003 10 21 -0.005 -1.130 6  1.130  363.3
2003 10 22  0.183 -1.166 7  1.181  378.9
2003 10 23  0.367 -1.167 7  1.223  390.5
2003 10 24  0.541 -1.131 7  1.254  397.2
2003 10 25  0.698 -1.060 7  1.269  398.4
2003 10 26  0.833 -0.958 7  1.269  394.0
2003 10 27  0.941 -0.826 8  1.252  384.4
2003 10 28  1.019 -0.671 8  1.220  370.1
2003 10 29  1.063 -0.498 8  1.174  352.2
2003 10 30  1.073 -0.313 8  1.117  332.2
2003 10 31  1.048 -0.123 8  1.055  311.8
2003 11 01  0.990  0.065 1  0.992  292.9
2003 11 02  0.901  0.245 1  0.934  277.3
2003 11 03  0.785  0.411 1  0.886  266.7
2003 11 04  0.647  0.556 1  0.853  261.7
2003 11 05  0.492  0.677 2  0.837  261.9
2003 11 06  0.327  0.770 2  0.837  265.8
2003 11 07  0.157  0.832 2  0.847  271.6
2003 11 08 -0.010  0.863 3  0.863  277.4
2003 11 09 -0.169  0.861 3  0.878  281.4
2003 11 10 -0.313  0.830 3  0.887  282.3
2003 11 11 -0.438  0.770 3  0.886  279.4
2003 11 12 -0.538  0.687 3  0.873  272.1
2003 11 13 -0.610  0.585 4  0.845  260.4
2003 11 14 -0.653  0.468 4  0.803  244.6
2003 11 15 -0.664  0.344 4  0.748  225.1
2003 11 16 -0.645  0.217 4  0.681  202.9
2003 11 17 -0.597  0.095 4  0.605  178.9
2003 11 18 -0.523 -0.018 5  0.523  154.4
2003 11 19 -0.425 -0.116 5  0.441  130.9
2003 11 20 -0.310 -0.194 5  0.366  110.8
2003 11 21 -0.182 -0.250 6  0.309   96.6
2003 11 22 -0.047 -0.279 6  0.283   90.8
2003 11 23  0.088 -0.282 7  0.295   94.2
2003 11 24  0.217 -0.258 7  0.337  104.7
2003 11 25  0.335 -0.207 8  0.394  119.3
2003 11 26  0.436 -0.134 8  0.456  135.7
2003 11 27  0.515 -0.040 8  0.517  152.6
2003 11 28  0.569  0.069 1  0.573  169.3
2003 11 29  0.594  0.188 1  0.623  185.5
2003 11 30  0.589  0.313 1  0.667  200.9
2003 12 01  0.554  0.436 1  0.705  215.3
2003 12 02  0.489  0.552 2  0.737  228.7
2003 12 03  0.397  0.654 2  0.766  240.9
2003 12 04  0.281  0.739 2  0.791  251.7
2003 12 05  0.145  0.800 2  0.813  260.9
2003 12 06 -0.006  0.835 3  0.835  268.5
2003 12 07 -0.165  0.840 3  0.856  274.4
2003 12 08 -0.327  0.814 3  0.877  279.0
2003 12 09 -0.486  0.757 3  0.899  282.4
2003 12 10 -0.635  0.669 3  0.922  285.3
2003 12 11 -0.767  0.554 4  0.946  288.1
2003 12 12 -0.879  0.414 4  0.972  291.7
2003 12 13 -0.966  0.254 4  0.999  296.7
2003 12 14 -1.024  0.080 4  1.027  303.4
2003 12 15 -1.052 -0.103 5  1.057  312.2
2003 12 16 -1.048 -0.288 5  1.087  322.9
2003 12 17 -1.014 -0.469 5  1.117  335.1
2003 12 18 -0.950 -0.641 5  1.146  348.0
2003 12 19 -0.861 -0.796 5  1.173  360.7
2003 12 20 -0.749 -0.932 6  1.196  372.4
2003 12 21 -0.621 -1.043 6  1.213  382.1
2003 12 22 -0.481 -1.126 6  1.224  388.9
2003 12 23 -0.335 -1.180 6  1.227  392.2
2003 12 24 -0.189 -1.205 6  1.219  391.4
2003 12 25 -0.049 -1.200 6  1.201  386.2
2003 12 26  0.081 -1.168 7  1.171  376.4
2003 12 27  0.196 -1.112 7  1.129  362.2
2003 12 28  0.294 -1.035 7  1.076  343.9
2003 12 29  0.372 -0.941 7  1.012  321.9
2003 12 30  0.429 -0.835 7  0.939  296.9
2003 12 31  0.467 -0.722 7  0.859  269.9
2004 01 01  0.485 -0.606 7  0.776  241.7
2004 01 02  0.488 -0.491 7  0.692  213.6
2004 01 03  0.477 -0.381 8  0.610  186.6
2004 01 04  0.457 -0.280 8  0.536  162.1
2004 01 05  0.432 -0.188 8  0.471  141.1
2004 01 06  0.406 -0.107 8  0.420  124.7
2004 01 07  0.383 -0.038 8  0.385  113.6
2004 01 08  0.366  0.020 1  0.366  108.2
2004 01 09  0.358  0.069 1  0.364  107.9
2004 01 10  0.360  0.111 1  0.377  112.1
2004 01 11  0.374  0.148 1  0.402  120.1
2004 01 12  0.398  0.182 1  0.438  131.3
2004 01 13  0.431  0.217 1  0.483  145.2
2004 01 14  0.471  0.255 1  0.536  161.5
2004 01 15  0.515  0.297 1  0.595  179.5
2004 01 16  0.558  0.346 1  0.656  198.6
2004 01 17  0.596  0.401 1  0.718  217.9
2004 01 18  0.624  0.462 1  0.776  236.7
2004 01 19  0.638  0.530 1  0.829  254.0
2004 01 20  0.635  0.601 1  0.874  269.2
2004 01 21  0.610  0.674 2  0.909  281.7
2004 01 22  0.563  0.744 2  0.933  291.4
2004 01 23  0.491  0.809 2  0.947  298.0
2004 01 24  0.396  0.865 2  0.951  301.7
2004 01 25  0.278  0.908 2  0.949  303.2
2004 01 26  0.140  0.934 2  0.944  303.1
2004 01 27 -0.014  0.940 3  0.940  302.2
2004 01 28 -0.178  0.923 3  0.940  301.4
2004 01 29 -0.348  0.882 3  0.948  301.7
2004 01 30 -0.516  0.817 3  0.966  303.6
2004 01 31 -0.676  0.727 3  0.992  307.2
2004 02 01 -0.821  0.613 4  1.025  312.5
2004 02 02 -0.946  0.480 4  1.060  318.9
2004 02 03 -1.044  0.329 4  1.094  325.7
2004 02 04 -1.110  0.165 4  1.123  332.1
2004 02 05 -1.143 -0.006 5  1.143  337.3
2004 02 06 -1.138 -0.180 5  1.152  340.8
2004 02 07 -1.096 -0.350 5  1.150  342.4
2004 02 08 -1.016 -0.510 5  1.137  341.9
2004 02 09 -0.903 -0.655 5  1.115  339.6
2004 02 10 -0.758 -0.780 6  1.087  336.0
2004 02 11 -0.587 -0.879 6  1.057  331.7
2004 02 12 -0.396 -0.951 6  1.030  327.3
2004 02 13 -0.192 -0.990 6  1.009  323.5
2004 02 14  0.019 -0.997 7  0.998  320.8
2004 02 15  0.229 -0.971 7  0.998  319.5
2004 02 16  0.430 -0.912 7  1.008  319.6
2004 02 17  0.614 -0.823 7  1.027  320.9
2004 02 18  0.777 -0.707 8  1.051  322.9
2004 02 19  0.912 -0.567 8  1.074  325.1
2004 02 20  1.014 -0.409 8  1.093  326.8
2004 02 21  1.079 -0.238 8  1.105  327.7
2004 02 22  1.107 -0.061 8  1.109  327.3
2004 02 23  1.096  0.117 1  1.102  325.6
2004 02 24  1.046  0.290 1  1.086  322.7
2004 02 25  0.961  0.451 1  1.062  318.7
2004 02 26  0.844  0.595 1  1.032  314.0
2004 02 27  0.698  0.717 2  1.001  309.2
2004 02 28  0.529  0.813 2  0.971  304.7
2004 02 29  0.345  0.881 2  0.946  300.9
2004 03 01  0.150  0.917 2  0.929  298.2
2004 03 02 -0.047  0.922 3  0.923  296.7
2004 03 03 -0.240  0.894 3  0.926  296.2
2004 03 04 -0.422  0.837 3  0.938  296.6
2004 03 05 -0.588  0.752 3  0.954  297.6
2004 03 06 -0.732  0.642 4  0.973  298.8
2004 03 07 -0.849  0.512 4  0.991  299.7
2004 03 08 -0.936  0.366 4  1.005  300.3
2004 03 09 -0.991  0.210 4  1.013  300.2
2004 03 10 -1.013  0.049 4  1.015  299.6
2004 03 11 -1.003 -0.111 5  1.009  298.3
2004 03 12 -0.962 -0.266 5  0.998  296.4
2004 03 13 -0.891 -0.409 5  0.981  294.1
2004 03 14 -0.795 -0.537 5  0.960  291.4
2004 03 15 -0.679 -0.645 5  0.936  288.3
2004 03 16 -0.545 -0.731 6  0.912  284.8
2004 03 17 -0.401 -0.791 6  0.887  280.7
2004 03 18 -0.252 -0.826 6  0.864  275.9
2004 03 19 -0.103 -0.835 6  0.841  270.1
2004 03 20  0.042 -0.818 7  0.819  263.2
2004 03 21  0.175 -0.777 7  0.796  255.1
2004 03 22  0.294 -0.715 7  0.773  245.7
2004 03 23  0.395 -0.635 7  0.748  235.1
2004 03 24  0.475 -0.541 7  0.720  223.4
2004 03 25  0.532 -0.437 8  0.689  210.8
2004 03 26  0.565 -0.329 8  0.654  197.5
2004 03 27  0.575 -0.220 8  0.616  183.9
2004 03 28  0.563 -0.115 8  0.575  170.2
2004 03 29  0.531 -0.019 8  0.531  156.8
2004 03 30  0.482  0.065 1  0.486  143.7
2004 03 31  0.419  0.134 1  0.440  131.1
2004 04 01  0.348  0.185 1  0.394  118.8
2004 04 02  0.273  0.217 1  0.349  106.7
2004 04 03  0.200  0.229 2  0.304   94.4
2004 04 04  0.132  0.223 2  0.259   81.6
2004 04 05  0.075  0.199 2  0.213   67.8
2004 04 06  0.032  0.161 2  0.164   52.7
2004 04 07  0.008  0.111 2  0.112   35.9
2004 04 08  0.004  0.055 2  0.055   17.6
2004 04 09  0.023 -0.005 8  0.023    6.9
2004 04 10  0.063 -0.062 8  0.089   27.4
2004 04 11  0.125 -0.113 8  0.169   51.8
2004 04 12  0.206 -0.152 8  0.256   77.9
2004 04 13  0.302 -0.175 8  0.349  105.4
2004 04 14  0.409 -0.179 8  0.447  133.8
2004 04 15  0.522 -0.161 8  0.546  162.5
2004 04 16  0.633 -0.119 8  0.645  190.9
2004 04 17  0.738 -0.055 8  0.740  218.4
2004 04 18  0.828  0.032 1  0.828  244.5
2004 04 19  0.897  0.140 1  0.908  268.6
2004 04 20  0.940  0.263 1  0.977  290.2
2004 04 21  0.952  0.399 1  1.032  309.0
2004 04 22  0.928  0.542 1  1.075  324.7
2004 04 23  0.867  0.685 1  1.105  337.5
2004 04 24  0.767  0.821 2  1.123  347.7
2004 04 25  0.629  0.944 2  1.134  355.8
2004 04 26  0.456  1.047 2  1.142  362.7
2004 04 27  0.253  1.125 2  1.153  369.4
2004 04 28  0.025  1.172 2  1.172  376.9
2004 04 29 -0.221  1.184 3  1.204  386.2
2004 04 30 -0.475  1.158 3  1.252  397.9
2004 05 01 -0.729  1.094 3  1.314  412.3
2004 05 02 -0.973  0.991 3  1.389  428.9
2004 05 03 -1.197  0.852 4  1.469  447.1
2004 05 04 -1.393  0.680 4  1.550  465.7
2004 05 05 -1.551  0.481 4  1.624  483.4
2004 05 06 -1.666  0.262 4  1.686  498.8
2004 05 07 -1.730  0.029 4  1.731  510.9
2004 05 08 -1.742 -0.209 5  1.754  518.5
2004 05 09 -1.698 -0.442 5  1.755  521.0
2004 05 10 -1.599 -0.663 5  1.731  518.0
2004 05 11 -1.449 -0.862 5  1.686  509.6
2004 05 12 -1.251 -1.032 5  1.622  496.4
2004 05 13 -1.012 -1.166 6  1.544  479.3
2004 05 14 -0.740 -1.258 6  1.459  459.7
2004 05 15 -0.444 -1.305 6  1.378  439.6
2004 05 16 -0.136 -1.303 6  1.310  421.0
2004 05 17  0.175 -1.253 7  1.265  406.3
2004 05 18  0.476 -1.156 7  1.250  397.5
2004 05 19  0.756 -1.015 7  1.266  395.5
2004 05 20  1.007 -0.835 8  1.308  400.6
2004 05 21  1.218 -0.622 8  1.368  411.4
2004 05 22  1.382 -0.384 8  1.434  426.2
2004 05 23  1.493 -0.129 8  1.498  442.6
2004 05 24  1.547  0.133 1  1.552  458.5
2004 05 25  1.542  0.393 1  1.591  472.3
2004 05 26  1.477  0.642 1  1.611  482.5
2004 05 27  1.357  0.870 1  1.612  488.6
2004 05 28  1.184  1.069 1  1.595  490.3
2004 05 29  0.965  1.232 2  1.565  488.0
2004 05 30  0.707  1.352 2  1.526  482.4
2004 05 31  0.420  1.426 2  1.486  475.0
2004 06 01  0.114  1.449 2  1.453  467.1
2004 06 02 -0.201  1.420 3  1.434  460.5
2004 06 03 -0.514  1.340 3  1.436  457.0
2004 06 04 -0.815  1.211 3  1.460  457.7
2004 06 05 -1.092  1.036 4  1.505  463.6
2004 06 06 -1.336  0.821 4  1.568  474.6
2004 06 07 -1.540  0.571 4  1.642  490.2
2004 06 08 -1.695  0.294 4  1.721  509.3
2004 06 09 -1.798 -0.001 5  1.798  530.6
2004 06 10 -1.843 -0.307 5  1.868  552.9
2004 06 11 -1.830 -0.613 5  1.930  574.9
2004 06 12 -1.758 -0.910 5  1.980  595.7
2004 06 13 -1.630 -1.190 5  2.018  614.7
2004 06 14 -1.449 -1.445 5  2.046  631.5
2004 06 15 -1.221 -1.666 6  2.066  645.8
2004 06 16 -0.954 -1.848 6  2.080  657.6
2004 06 17 -0.655 -1.985 6  2.090  666.9
2004 06 18 -0.333 -2.073 6  2.099  673.7
2004 06 19  0.002 -2.109 7  2.109  678.2
2004 06 20  0.339 -2.093 7  2.120  680.5
2004 06 21  0.669 -2.025 7  2.133  680.6
2004 06 22  0.981 -1.908 7  2.145  678.5
2004 06 23  1.268 -1.744 7  2.156  674.2
2004 06 24  1.520 -1.539 7  2.163  667.9
2004 06 25  1.731 -1.298 8  2.163  659.6
2004 06 26  1.896 -1.027 8  2.156  649.8
2004 06 27  2.010 -0.736 8  2.141  638.8
2004 06 28  2.073 -0.430 8  2.117  627.2
2004 06 29  2.083 -0.119 8  2.086  615.9
2004 06 30  2.041  0.189 1  2.050  605.6
2004 07 01  1.952  0.488 1  2.012  597.1
2004 07 02  1.819  0.770 1  1.975  591.2
2004 07 03  1.648  1.029 1  1.942  588.2
2004 07 04  1.445  1.259 1  1.916  588.1
2004 07 05  1.218  1.456 2  1.899  590.5
2004 07 06  0.975  1.618 2  1.889  594.6
2004 07 07  0.724  1.742 2  1.886  599.5
2004 07 08  0.473  1.827 2  1.887  604.0
2004 07 09  0.228  1.875 2  1.889  606.8
2004 07 10 -0.004  1.887 3  1.887  606.9
2004 07 11 -0.217  1.866 3  1.878  603.4
2004 07 12 -0.407  1.815 3  1.860  595.8
2004 07 13 -0.570  1.738 3  1.829  583.6
2004 07 14 -0.706  1.640 3  1.785  566.9
2004 07 15 -0.813  1.525 3  1.728  545.9
2004 07 16 -0.892  1.399 3  1.659  521.1
2004 07 17 -0.946  1.265 3  1.579  493.2
2004 07 18 -0.977  1.127 3  1.492  463.2
2004 07 19 -0.989  0.990 3  1.399  431.9
2004 07 20 -0.987  0.855 4  1.306  400.6
2004 07 21 -0.976  0.725 4  1.215  370.4
2004 07 22 -0.959  0.600 4  1.131  342.6
2004 07 23 -0.942  0.481 4  1.058  318.1
2004 07 24 -0.928  0.367 4  0.998  298.3
2004 07 25 -0.921  0.257 4  0.956  284.2
2004 07 26 -0.923  0.149 4  0.935  276.7
2004 07 27 -0.935  0.041 4  0.936  276.4
2004 07 28 -0.958 -0.069 5  0.960  283.6
2004 07 29 -0.990 -0.185 5  1.007  298.1
2004 07 30 -1.028 -0.307 5  1.073  319.2
2004 07 31 -1.071 -0.438 5  1.157  346.0
2004 08 01 -1.113 -0.578 5  1.254  377.5
2004 08 02 -1.151 -0.728 5  1.362  412.5
2004 08 03 -1.178 -0.887 5  1.475  449.8
2004 08 04 -1.191 -1.053 5  1.590  488.2
2004 08 05 -1.184 -1.225 6  1.703  526.5
2004 08 06 -1.153 -1.397 6  1.811  563.5
2004 08 07 -1.094 -1.566 6  1.910  598.2
2004 08 08 -1.004 -1.727 6  1.998  629.5
2004 08 09 -0.883 -1.874 6  2.072  656.6
2004 08 10 -0.729 -2.002 6  2.131  679.0
2004 08 11 -0.545 -2.106 6  2.175  696.0
2004 08 12 -0.332 -2.179 6  2.204  707.5
2004 08 13 -0.096 -2.217 6  2.219  713.6
2004 08 14  0.160 -2.217 7  2.222  714.4
2004 08 15  0.428 -2.174 7  2.216  710.6
2004 08 16  0.701 -2.089 7  2.203  702.9
2004 08 17  0.971 -1.960 7  2.187  692.4
2004 08 18  1.231 -1.788 7  2.171  680.4
2004 08 19  1.473 -1.577 7  2.158  668.1
2004 08 20  1.689 -1.331 8  2.150  657.0
2004 08 21  1.872 -1.054 8  2.148  648.2
2004 08 22  2.016 -0.754 8  2.153  642.6
2004 08 23  2.117 -0.437 8  2.162  640.6
2004 08 24  2.171 -0.113 8  2.174  641.9
2004 08 25  2.177  0.210 1  2.187  646.1
2004 08 26  2.134  0.524 1  2.197  652.0
2004 08 27  2.044  0.820 1  2.202  658.4
2004 08 28  1.910  1.091 1  2.200  664.0
2004 08 29  1.737  1.330 1  2.187  667.6
2004 08 30  1.531  1.530 1  2.164  668.0
2004 08 31  1.299  1.688 2  2.130  664.6
2004 09 01  1.048  1.801 2  2.084  656.7
2004 09 02  0.788  1.869 2  2.028  644.3
2004 09 03  0.526  1.890 2  1.962  627.4
2004 09 04  0.272  1.869 2  1.889  606.4
2004 09 05  0.031  1.809 2  1.809  581.7
2004 09 06 -0.188  1.715 3  1.725  554.2
2004 09 07 -0.382  1.593 3  1.638  524.4
2004 09 08 -0.544  1.450 3  1.549  493.3
2004 09 09 -0.674  1.295 3  1.460  461.6
2004 09 10 -0.771  1.134 3  1.371  429.9
2004 09 11 -0.834  0.976 3  1.284  398.9
2004 09 12 -0.868  0.826 4  1.198  369.0
2004 09 13 -0.874  0.691 4  1.114  340.6
2004 09 14 -0.860  0.575 4  1.034  314.0
2004 09 15 -0.829  0.481 4  0.959  289.6
2004 09 16 -0.789  0.411 4  0.890  268.0
2004 09 17 -0.747  0.366 4  0.831  249.8
2004 09 18 -0.708  0.342 4  0.786  236.0
2004 09 19 -0.677  0.337 4  0.757  227.5
2004 09 20 -0.661  0.347 4  0.747  224.9
2004 09 21 -0.663  0.367 4  0.757  228.4
2004 09 22 -0.684  0.389 4  0.786  237.4
2004 09 23 -0.725  0.407 4  0.831  250.8
2004 09 24 -0.784  0.415 4  0.887  267.3
2004 09 25 -0.860  0.407 4  0.951  285.6
2004 09 26 -0.947  0.377 4  1.019  304.7
2004 09 27 -1.040  0.321 4  1.088  323.8
2004 09 28 -1.131  0.235 4  1.156  342.4
2004 09 29 -1.214  0.120 4  1.220  360.5
2004 09 30 -1.281 -0.026 5  1.281  378.1
2004 10 01 -1.323 -0.199 5  1.338  395.7
2004 10 02 -1.334 -0.396 5  1.391  413.8
2004 10 03 -1.307 -0.611 5  1.443  433.0
2004 10 04 -1.239 -0.836 5  1.495  453.9
2004 10 05 -1.126 -1.064 5  1.549  477.0
2004 10 06 -0.967 -1.286 6  1.609  502.5
2004 10 07 -0.764 -1.493 6  1.677  530.3
2004 10 08 -0.520 -1.675 6  1.754  560.0
2004 10 09 -0.240 -1.824 6  1.840  590.8
2004 10 10  0.067 -1.932 7  1.934  621.7
2004 10 11  0.392 -1.994 7  2.033  651.7
2004 10 12  0.726 -2.005 7  2.132  679.5
2004 10 13  1.057 -1.962 7  2.228  703.8
2004 10 14  1.372 -1.864 7  2.315  723.5
2004 10 15  1.661 -1.714 7  2.387  737.6
2004 10 16  1.913 -1.514 8  2.439  745.5
2004 10 17  2.117 -1.271 8  2.469  746.7
2004 10 18  2.266 -0.992 8  2.474  741.1
2004 10 19  2.354 -0.685 8  2.452  728.9
2004 10 20  2.377 -0.360 8  2.404  711.1
2004 10 21  2.333 -0.028 8  2.333  688.7
2004 10 22  2.224  0.301 1  2.244  663.4
2004 10 23  2.052  0.617 1  2.143  637.3
2004 10 24  1.824  0.909 1  2.038  612.8
2004 10 25  1.548  1.170 1  1.941  592.0
2004 10 26  1.234  1.392 2  1.860  577.0
2004 10 27  0.891  1.569 2  1.805  569.0
2004 10 28  0.531  1.698 2  1.780  568.2
2004 10 29  0.168  1.777 2  1.785  573.6
2004 10 30 -0.188  1.805 3  1.815  583.2
2004 10 31 -0.525  1.785 3  1.861  594.6
2004 11 01 -0.833  1.720 3  1.911  605.2
2004 11 02 -1.102  1.614 3  1.955  612.6
2004 11 03 -1.326  1.475 3  1.983  615.0
2004 11 04 -1.499  1.309 4  1.990  610.7
2004 11 05 -1.618  1.124 4  1.970  598.9
2004 11 06 -1.682  0.927 4  1.921  579.1
2004 11 07 -1.692  0.727 4  1.841  551.3
2004 11 08 -1.650  0.530 4  1.733  516.0
2004 11 09 -1.562  0.344 4  1.599  474.0
2004 11 10 -1.432  0.174 4  1.443  426.5
2004 11 11 -1.270  0.024 4  1.270  375.0
2004 11 12 -1.083 -0.102 5  1.087  321.2
2004 11 13 -0.879 -0.203 5  0.902  267.4
2004 11 14 -0.667 -0.278 5  0.722  216.1
2004 11 15 -0.456 -0.327 5  0.561  170.7
2004 11 16 -0.253 -0.352 6  0.434  135.8
2004 11 17 -0.067 -0.357 6  0.363  116.6
2004 11 18  0.098 -0.345 7  0.359  114.6
2004 11 19  0.237 -0.320 7  0.398  124.3
2004 11 20  0.346 -0.286 8  0.449  137.3
2004 11 21  0.423 -0.249 8  0.491  148.2
2004 11 22  0.468 -0.212 8  0.514  154.1
2004 11 23  0.483 -0.181 8  0.515  153.8
2004 11 24  0.468 -0.158 8  0.494  147.2
2004 11 25  0.429 -0.147 8  0.453  135.1
2004 11 26  0.368 -0.150 8  0.397  118.9
2004 11 27  0.292 -0.168 8  0.337  101.6
2004 11 28  0.205 -0.201 8  0.287   88.6
2004 11 29  0.114 -0.249 7  0.274   86.9
2004 11 30  0.024 -0.310 7  0.311  100.0
2004 12 01 -0.060 -0.382 6  0.387  124.2
2004 12 02 -0.132 -0.462 6  0.481  153.7
2004 12 03 -0.189 -0.546 6  0.578  184.3
2004 12 04 -0.227 -0.630 6  0.670  213.5
2004 12 05 -0.244 -0.711 6  0.751  239.5
2004 12 06 -0.237 -0.782 6  0.818  261.2
2004 12 07 -0.208 -0.842 6  0.867  277.6
2004 12 08 -0.156 -0.885 6  0.899  288.3
2004 12 09 -0.083 -0.909 6  0.913  293.3
2004 12 10  0.007 -0.911 7  0.911  292.8
2004 12 11  0.112 -0.888 7  0.895  287.5
2004 12 12  0.227 -0.840 7  0.871  278.4
2004 12 13  0.348 -0.767 7  0.842  267.2
2004 12 14  0.468 -0.669 7  0.817  255.7
2004 12 15  0.583 -0.548 8  0.800  246.3
2004 12 16  0.688 -0.406 8  0.799  241.4
2004 12 17  0.777 -0.247 8  0.815  242.8
2004 12 18  0.846 -0.075 8  0.850  250.9
2004 12 19  0.891  0.106 1  0.898  265.3
2004 12 20  0.909  0.291 1  0.955  284.3
2004 12 21  0.898  0.474 1  1.016  305.8
2004 12 22  0.857  0.649 1  1.075  328.0
2004 12 23  0.785  0.813 2  1.130  349.3
2004 12 24  0.684  0.958 2  1.178  368.5
2004 12 25  0.557  1.082 2  1.217  384.8
2004 12 26  0.406  1.179 2  1.247  397.7
2004 12 27  0.236  1.248 2  1.270  407.2
2004 12 28  0.052  1.284 2  1.285  413.2
2004 12 29 -0.140  1.288 3  1.296  416.2
2004 12 30 -0.334  1.259 3  1.302  416.5
2004 12 31 -0.522  1.197 3  1.306  414.7
2005 01 01 -0.700  1.105 3  1.308  411.1
2005 01 02 -0.860  0.986 3  1.309  406.3
2005 01 03 -0.997  0.844 4  1.307  400.4
2005 01 04 -1.107  0.683 4  1.301  393.7
2005 01 05 -1.185  0.508 4  1.290  386.2
2005 01 06 -1.230  0.326 4  1.272  377.8
2005 01 07 -1.238  0.141 4  1.246  368.3
2005 01 08 -1.211 -0.039 5  1.212  357.8
2005 01 09 -1.150 -0.211 5  1.169  346.2
2005 01 10 -1.057 -0.367 5  1.119  333.6
2005 01 11 -0.936 -0.505 5  1.063  320.4
2005 01 12 -0.792 -0.620 5  1.005  307.1
2005 01 13 -0.629 -0.710 6  0.948  294.2
2005 01 14 -0.455 -0.773 6  0.897  282.5
2005 01 15 -0.276 -0.809 6  0.855  272.5
2005 01 16 -0.099 -0.818 6  0.824  264.6
2005 01 17  0.071 -0.802 7  0.805  258.9
2005 01 18  0.227 -0.765 7  0.797  254.8
2005 01 19  0.364 -0.708 7  0.796  251.7
2005 01 20  0.478 -0.637 7  0.796  248.6
2005 01 21  0.565 -0.555 8  0.792  244.4
2005 01 22  0.625 -0.468 8  0.781  238.0
2005 01 23  0.655 -0.380 8  0.758  228.8
2005 01 24  0.658 -0.296 8  0.721  216.2
2005 01 25  0.633 -0.219 8  0.670  199.8
2005 01 26  0.585 -0.154 8  0.605  179.8
2005 01 27  0.518 -0.102 8  0.528  156.3
2005 01 28  0.435 -0.066 8  0.440  130.1
2005 01 29  0.341 -0.046 8  0.344  101.8
2005 01 30  0.243 -0.042 8  0.246   72.9
2005 01 31  0.144 -0.053 8  0.154   45.8
2005 02 01  0.050 -0.078 7  0.092   29.0
2005 02 02 -0.035 -0.113 6  0.118   37.7
2005 02 03 -0.107 -0.155 6  0.188   59.0
2005 02 04 -0.165 -0.201 6  0.260   80.8
2005 02 05 -0.205 -0.247 6  0.321   99.7
2005 02 06 -0.227 -0.289 6  0.367  114.6
2005 02 07 -0.232 -0.324 6  0.398  124.7
2005 02 08 -0.220 -0.349 6  0.412  129.6
2005 02 09 -0.195 -0.360 6  0.410  129.4
2005 02 10 -0.157 -0.357 6  0.390  124.0
2005 02 11 -0.112 -0.339 6  0.356  113.7
2005 02 12 -0.061 -0.303 6  0.309   99.2
2005 02 13 -0.009 -0.253 6  0.253   81.3
2005 02 14  0.040 -0.188 7  0.192   61.5
2005 02 15  0.084 -0.111 7  0.139   43.4
2005 02 16  0.119 -0.024 8  0.122   36.1
2005 02 17  0.144  0.069 1  0.160   48.0
2005 02 18  0.157  0.164 2  0.227   70.2
2005 02 19  0.157  0.259 2  0.302   95.1
2005 02 20  0.144  0.348 2  0.376  119.6
2005 02 21  0.118  0.429 2  0.445  142.3
2005 02 22  0.083  0.498 2  0.505  161.9
2005 02 23  0.039  0.552 2  0.554  177.9
2005 02 24 -0.010  0.590 3  0.590  189.6
2005 02 25 -0.063  0.609 3  0.612  196.6
2005 02 26 -0.114  0.608 3  0.619  198.4
2005 02 27 -0.161  0.588 3  0.610  195.0
2005 02 28 -0.201  0.550 3  0.585  186.4
2005 03 01 -0.230  0.494 3  0.545  172.7
2005 03 02 -0.246  0.423 3  0.490  154.3
2005 03 03 -0.248  0.340 3  0.420  131.4
2005 03 04 -0.232  0.247 3  0.339  105.0
2005 03 05 -0.200  0.149 4  0.249   76.0
2005 03 06 -0.150  0.050 4  0.158   46.9
2005 03 07 -0.083 -0.048 5  0.096   28.9
2005 03 08 -0.001 -0.140 6  0.140   44.9
2005 03 09  0.094 -0.222 7  0.241   76.5
2005 03 10  0.200 -0.291 7  0.353  110.6
2005 03 11  0.312 -0.344 7  0.465  144.1
2005 03 12  0.429 -0.379 8  0.572  175.8
2005 03 13  0.545 -0.394 8  0.673  204.8
2005 03 14  0.657 -0.388 8  0.763  230.6
2005 03 15  0.760 -0.361 8  0.842  252.7
2005 03 16  0.851 -0.313 8  0.907  270.6
2005 03 17  0.926 -0.245 8  0.958  284.4
2005 03 18  0.981 -0.159 8  0.994  294.0
2005 03 19  1.013 -0.057 8  1.015  299.6
2005 03 20  1.020  0.057 1  1.022  301.7
2005 03 21  1.000  0.179 1  1.016  300.9
2005 03 22  0.953  0.307 1  1.001  298.0
2005 03 23  0.876  0.434 1  0.978  293.9
2005 03 24  0.772  0.557 1  0.952  289.9
2005 03 25  0.642  0.670 2  0.928  287.0
2005 03 26  0.487  0.770 2  0.911  286.3
2005 03 27  0.312  0.851 2  0.906  288.7
2005 03 28  0.119  0.910 2  0.917  294.6
2005 03 29 -0.086  0.942 3  0.946  304.0
2005 03 30 -0.298  0.946 3  0.992  316.6
2005 03 31 -0.511  0.919 3  1.051  331.7
2005 04 01 -0.718  0.860 3  1.120  348.5
2005 04 02 -0.914  0.770 4  1.195  366.1
2005 04 03 -1.092  0.649 4  1.270  383.9
2005 04 04 -1.246  0.499 4  1.342  401.2
2005 04 05 -1.369  0.326 4  1.408  417.6
2005 04 06 -1.459  0.132 4  1.465  432.6
2005 04 07 -1.509 -0.077 5  1.511  446.2
2005 04 08 -1.519 -0.294 5  1.547  458.1
2005 04 09 -1.485 -0.513 5  1.571  468.3
2005 04 10 -1.409 -0.727 5  1.585  476.9
2005 04 11 -1.291 -0.927 5  1.589  483.8
2005 04 12 -1.135 -1.108 5  1.586  489.1
2005 04 13 -0.945 -1.263 6  1.577  492.6
2005 04 14 -0.727 -1.385 6  1.564  494.4
2005 04 15 -0.488 -1.471 6  1.550  494.4
2005 04 16 -0.236 -1.516 6  1.534  492.4
2005 04 17  0.021 -1.518 7  1.518  488.3
2005 04 18  0.274 -1.477 7  1.502  481.9
2005 04 19  0.513 -1.394 7  1.485  473.1
2005 04 20  0.731 -1.271 7  1.466  462.1
2005 04 21  0.920 -1.112 7  1.443  448.9
2005 04 22  1.073 -0.922 8  1.415  433.8
2005 04 23  1.185 -0.708 8  1.381  417.5
2005 04 24  1.253 -0.477 8  1.341  400.6
2005 04 25  1.275 -0.238 8  1.297  384.1
2005 04 26  1.251  0.003 1  1.251  369.3
2005 04 27  1.183  0.236 1  1.206  357.2
2005 04 28  1.073  0.456 1  1.166  349.0
2005 04 29  0.928  0.653 1  1.135  345.3
2005 04 30  0.755  0.824 2  1.117  346.1
2005 05 01  0.559  0.963 2  1.113  350.9
2005 05 02  0.350  1.067 2  1.123  358.4
2005 05 03  0.136  1.135 2  1.143  367.1
2005 05 04 -0.074  1.166 3  1.168  375.5
2005 05 05 -0.273  1.161 3  1.193  382.0
2005 05 06 -0.453  1.124 3  1.212  385.4
2005 05 07 -0.609  1.057 3  1.220  384.5
2005 05 08 -0.735  0.966 3  1.214  378.8
2005 05 09 -0.828  0.855 3  1.190  367.8
2005 05 10 -0.886  0.730 4  1.148  351.4
2005 05 11 -0.908  0.597 4  1.087  329.8
2005 05 12 -0.897  0.461 4  1.009  303.5
2005 05 13 -0.854  0.328 4  0.915  273.2
2005 05 14 -0.783  0.200 4  0.808  240.0
2005 05 15 -0.689  0.083 4  0.694  205.0
2005 05 16 -0.576 -0.022 5  0.576  170.2
2005 05 17 -0.450 -0.112 5  0.464  137.8
2005 05 18 -0.318 -0.188 5  0.369  111.5
2005 05 19 -0.183 -0.249 6  0.308   96.4
2005 05 20 -0.051 -0.295 6  0.299   96.0
2005 05 21  0.075 -0.329 7  0.337  107.9
2005 05 22  0.189 -0.351 7  0.399  126.0
2005 05 23  0.291 -0.365 7  0.467  145.5
2005 05 24  0.379 -0.372 8  0.531  163.7
2005 05 25  0.451 -0.374 8  0.586  179.4
2005 05 26  0.509 -0.372 8  0.630  192.0
2005 05 27  0.552 -0.368 8  0.663  201.4
2005 05 28  0.583 -0.362 8  0.686  207.6
2005 05 29  0.602 -0.354 8  0.698  211.1
2005 05 30  0.612 -0.345 8  0.702  211.9
2005 05 31  0.613 -0.333 8  0.698  210.3
2005 06 01  0.609 -0.317 8  0.686  206.6
2005 06 02  0.599 -0.297 8  0.668  200.9
2005 06 03  0.585 -0.270 8  0.644  193.3
2005 06 04  0.567 -0.236 8  0.614  183.7
2005 06 05  0.544 -0.194 8  0.578  172.4
2005 06 06  0.517 -0.144 8  0.537  159.6
2005 06 07  0.485 -0.086 8  0.492  145.7
2005 06 08  0.446 -0.021 8  0.446  131.8
2005 06 09  0.400  0.050 1  0.403  119.1
2005 06 10  0.345  0.125 1  0.367  109.6
2005 06 11  0.283  0.201 1  0.346  105.4
2005 06 12  0.211  0.274 2  0.346  107.9
2005 06 13  0.131  0.343 2  0.367  116.8
2005 06 14  0.043  0.402 2  0.405  130.0
2005 06 15 -0.050  0.450 3  0.453  145.5
2005 06 16 -0.147  0.483 3  0.505  161.2
2005 06 17 -0.245  0.498 3  0.555  175.8
2005 06 18 -0.341  0.495 3  0.601  188.2
2005 06 19 -0.431  0.471 3  0.638  197.8
2005 06 20 -0.511  0.428 4  0.667  204.3
2005 06 21 -0.580  0.366 4  0.685  207.6
2005 06 22 -0.632  0.287 4  0.694  208.2
2005 06 23 -0.666  0.195 4  0.694  206.4
2005 06 24 -0.679  0.093 4  0.686  202.8
2005 06 25 -0.671 -0.014 5  0.671  198.0
2005 06 26 -0.640 -0.121 5  0.651  192.8
2005 06 27 -0.586 -0.223 5  0.627  187.3
2005 06 28 -0.513 -0.314 5  0.601  181.9
2005 06 29 -0.421 -0.389 5  0.573  176.2
2005 06 30 -0.315 -0.443 6  0.543  170.1
2005 07 01 -0.198 -0.473 6  0.513  162.9
2005 07 02 -0.076 -0.476 6  0.482  154.6
2005 07 03  0.046 -0.450 7  0.452  145.3
2005 07 04  0.164 -0.395 7  0.427  135.8
2005 07 05  0.270 -0.311 7  0.412  127.9
2005 07 06  0.360 -0.202 8  0.413  124.6
2005 07 07  0.430 -0.070 8  0.436  128.9
2005 07 08  0.475  0.080 1  0.482  142.6
2005 07 09  0.492  0.241 1  0.548  164.7
2005 07 10  0.480  0.408 1  0.630  193.0
2005 07 11  0.437  0.573 2  0.720  224.8
2005 07 12  0.364  0.728 2  0.814  257.7
2005 07 13  0.263  0.868 2  0.907  289.7
2005 07 14  0.137  0.984 2  0.994  319.1
2005 07 15 -0.010  1.072 3  1.072  344.7
2005 07 16 -0.173  1.125 3  1.138  365.4
2005 07 17 -0.345  1.140 3  1.191  380.5
2005 07 18 -0.520  1.115 3  1.230  390.0
2005 07 19 -0.692  1.048 3  1.255  394.0
2005 07 20 -0.853  0.940 3  1.269  393.3
2005 07 21 -0.997  0.793 4  1.274  389.3
2005 07 22 -1.118  0.610 4  1.274  383.9
2005 07 23 -1.211  0.397 4  1.274  379.5
2005 07 24 -1.271  0.160 4  1.281  378.6
2005 07 25 -1.295 -0.094 5  1.299  383.5
2005 07 26 -1.282 -0.358 5  1.331  395.7
2005 07 27 -1.232 -0.623 5  1.380  415.2
2005 07 28 -1.144 -0.882 5  1.445  441.0
2005 07 29 -1.022 -1.126 6  1.521  471.3
2005 07 30 -0.868 -1.348 6  1.603  503.6
2005 07 31 -0.687 -1.542 6  1.688  535.6
2005 08 01 -0.485 -1.701 6  1.768  565.3
2005 08 02 -0.266 -1.821 6  1.840  590.9
2005 08 03 -0.038 -1.899 6  1.900  610.9
2005 08 04  0.193 -1.934 7  1.944  624.5
2005 08 05  0.421 -1.924 7  1.970  631.1
2005 08 06  0.640 -1.871 7  1.977  630.6
2005 08 07  0.845 -1.776 7  1.966  623.1
2005 08 08  1.030 -1.642 7  1.938  609.3
2005 08 09  1.193 -1.473 7  1.896  590.3
2005 08 10  1.329 -1.275 8  1.842  567.4
2005 08 11  1.437 -1.052 8  1.780  542.4
2005 08 12  1.514 -0.809 8  1.717  517.2
2005 08 13  1.562 -0.553 8  1.657  494.1
2005 08 14  1.580 -0.289 8  1.606  475.4
2005 08 15  1.568 -0.022 8  1.568  462.9
2005 08 16  1.529  0.242 1  1.548  457.9
2005 08 17  1.464  0.498 1  1.546  460.8
2005 08 18  1.375  0.742 1  1.562  470.8
2005 08 19  1.265  0.970 1  1.594  486.5
2005 08 20  1.136  1.178 2  1.636  505.9
2005 08 21  0.990  1.364 2  1.685  527.0
2005 08 22  0.830  1.524 2  1.735  547.9
2005 08 23  0.658  1.657 2  1.783  567.1
2005 08 24  0.476  1.761 2  1.824  583.4
2005 08 25  0.288  1.833 2  1.856  595.7
2005 08 26  0.094  1.874 2  1.877  603.4
2005 08 27 -0.103  1.883 3  1.885  606.2
2005 08 28 -0.299  1.858 3  1.882  603.9
2005 08 29 -0.493  1.800 3  1.866  596.7
2005 08 30 -0.681  1.709 3  1.839  585.0
2005 08 31 -0.860  1.586 3  1.804  569.6
2005 09 01 -1.028  1.432 3  1.763  551.5
2005 09 02 -1.180  1.250 3  1.719  531.8
2005 09 03 -1.313  1.042 4  1.676  512.3
2005 09 04 -1.424  0.811 4  1.639  494.7
2005 09 05 -1.510  0.561 4  1.611  480.7
2005 09 06 -1.567  0.296 4  1.595  472.2
2005 09 07 -1.593  0.022 4  1.593  470.3
2005 09 08 -1.587 -0.257 5  1.607  475.5
2005 09 09 -1.546 -0.534 5  1.635  487.5
2005 09 10 -1.471 -0.803 5  1.676  505.1
2005 09 11 -1.361 -1.059 5  1.725  526.8
2005 09 12 -1.219 -1.296 6  1.779  550.6
2005 09 13 -1.047 -1.507 6  1.835  574.8
2005 09 14 -0.848 -1.688 6  1.889  597.8
2005 09 15 -0.627 -1.834 6  1.938  618.2
2005 09 16 -0.388 -1.942 6  1.980  634.9
2005 09 17 -0.137 -2.009 6  2.014  647.3
2005 09 18  0.120 -2.033 7  2.037  654.8
2005 09 19  0.375 -2.015 7  2.049  657.3
2005 09 20  0.624 -1.954 7  2.051  654.7
2005 09 21  0.859 -1.853 7  2.042  647.5
2005 09 22  1.074 -1.714 7  2.023  636.0
2005 09 23  1.265 -1.543 7  1.995  620.8
2005 09 24  1.426 -1.342 8  1.958  602.9
2005 09 25  1.554 -1.119 8  1.915  583.0
2005 09 26  1.646 -0.879 8  1.866  562.2
2005 09 27  1.702 -0.629 8  1.814  541.5
2005 09 28  1.720 -0.374 8  1.760  521.7
2005 09 29  1.702 -0.121 8  1.706  503.8
2005 09 30  1.649  0.125 1  1.654  488.4
2005 10 01  1.565  0.357 1  1.605  475.9
2005 10 02  1.452  0.572 1  1.561  466.4
2005 10 03  1.316  0.765 1  1.522  459.8
2005 10 04  1.161  0.933 1  1.490  455.6
2005 10 05  0.992  1.075 2  1.463  453.1
2005 10 06  0.814  1.190 2  1.442  451.8
2005 10 07  0.632  1.277 2  1.424  450.9
2005 10 08  0.450  1.336 2  1.410  449.6
2005 10 09  0.272  1.369 2  1.396  447.6
2005 10 10  0.102  1.379 2  1.383  444.4
2005 10 11 -0.057  1.367 3  1.368  439.8
2005 10 12 -0.203  1.335 3  1.351  433.6
2005 10 13 -0.335  1.288 3  1.331  425.8
2005 10 14 -0.453  1.227 3  1.308  416.5
2005 10 15 -0.555  1.155 3  1.282  406.0
2005 10 16 -0.642  1.075 3  1.253  394.4
2005 10 17 -0.716  0.990 3  1.221  382.0
2005 10 18 -0.777  0.900 3  1.189  369.2
2005 10 19 -0.826  0.808 4  1.155  356.3
2005 10 20 -0.866  0.714 4  1.122  343.5
2005 10 21 -0.896  0.620 4  1.090  331.2
2005 10 22 -0.918  0.527 4  1.058  319.6
2005 10 23 -0.933  0.433 4  1.029  308.8
2005 10 24 -0.942  0.341 4  1.002  298.9
2005 10 25 -0.944  0.249 4  0.976  289.9
2005 10 26 -0.939  0.159 4  0.952  281.8
2005 10 27 -0.927  0.070 4  0.930  274.5
2005 10 28 -0.907 -0.018 5  0.907  267.8
2005 10 29 -0.879 -0.104 5  0.885  261.5
2005 10 30 -0.841 -0.187 5  0.861  255.3
2005 10 31 -0.793 -0.266 5  0.836  249.1
2005 11 01 -0.734 -0.340 5  0.809  242.7
2005 11 02 -0.664 -0.409 5  0.780  236.0
2005 11 03 -0.583 -0.469 5  0.749  229.0
2005 11 04 -0.492 -0.521 6  0.717  221.8
2005 11 05 -0.391 -0.563 6  0.686  214.7
2005 11 06 -0.282 -0.593 6  0.657  208.2
2005 11 07 -0.166 -0.611 6  0.633  202.5
2005 11 08 -0.046 -0.615 6  0.617  198.4
2005 11 09  0.075 -0.606 7  0.611  196.1
2005 11 10  0.195 -0.583 7  0.615  196.0
2005 11 11  0.311 -0.546 7  0.628  198.1
2005 11 12  0.420 -0.497 7  0.650  202.2
2005 11 13  0.518 -0.436 8  0.677  207.6
2005 11 14  0.604 -0.367 8  0.706  213.6
2005 11 15  0.674 -0.289 8  0.733  219.6
2005 11 16  0.727 -0.207 8  0.756  224.6
2005 11 17  0.761 -0.123 8  0.771  228.1
2005 11 18  0.776 -0.039 8  0.777  229.3
2005 11 19  0.771  0.042 1  0.772  227.9
2005 11 20  0.747  0.118 1  0.756  223.6
2005 11 21  0.704  0.185 1  0.728  216.2
2005 11 22  0.645  0.242 1  0.689  205.7
2005 11 23  0.572  0.287 1  0.640  192.4
2005 11 24  0.487  0.319 1  0.582  176.6
2005 11 25  0.394  0.337 1  0.518  158.9
2005 11 26  0.294  0.342 2  0.451  140.1
2005 11 27  0.192  0.333 2  0.384  121.1
2005 11 28  0.090  0.311 2  0.324  103.5
2005 11 29 -0.008  0.278 3  0.278   89.5
2005 11 30 -0.102  0.236 3  0.257   81.6
2005 12 01 -0.188  0.186 4  0.264   81.6
2005 12 02 -0.265  0.131 4  0.295   88.8
2005 12 03 -0.332  0.072 4  0.340  100.8
2005 12 04 -0.389  0.011 4  0.390  115.0
2005 12 05 -0.436 -0.049 5  0.439  129.7
2005 12 06 -0.473 -0.107 5  0.485  143.7
2005 12 07 -0.500 -0.162 5  0.525  156.4
2005 12 08 -0.518 -0.213 5  0.560  167.5
2005 12 09 -0.528 -0.260 5  0.589  176.9
2005 12 10 -0.531 -0.302 5  0.611  184.5
2005 12 11 -0.528 -0.340 5  0.628  190.3
2005 12 12 -0.518 -0.374 5  0.639  194.6
2005 12 13 -0.503 -0.405 5  0.645  197.4
2005 12 14 -0.481 -0.433 5  0.647  198.8
2005 12 15 -0.453 -0.459 6  0.645  199.1
2005 12 16 -0.418 -0.483 6  0.638  198.2
2005 12 17 -0.375 -0.505 6  0.629  196.5
2005 12 18 -0.324 -0.525 6  0.617  193.9
2005 12 19 -0.263 -0.542 6  0.603  190.8
2005 12 20 -0.193 -0.555 6  0.588  187.5
2005 12 21 -0.113 -0.564 6  0.575  184.4
2005 12 22 -0.024 -0.566 6  0.566  182.0
2005 12 23  0.073 -0.559 7  0.563  180.9
2005 12 24  0.177 -0.541 7  0.570  181.7
2005 12 25  0.285 -0.512 7  0.586  184.9
2005 12 26  0.395 -0.469 7  0.613  190.6
2005 12 27  0.503 -0.411 8  0.649  198.6
2005 12 28  0.604 -0.337 8  0.692  208.8
2005 12 29  0.696 -0.249 8  0.739  220.5
2005 12 30  0.773 -0.146 8  0.787  233.0
2005 12 31  0.832 -0.031 8  0.833  245.9
2006 01 01  0.870  0.095 1  0.875  258.5
2006 01 02  0.882  0.228 1  0.911  270.6
2006 01 03  0.868  0.365 1  0.942  281.8
2006 01 04  0.826  0.501 1  0.966  292.3
2006 01 05  0.757  0.632 1  0.986  301.9
2006 01 06  0.661  0.753 2  1.002  311.0
2006 01 07  0.541  0.861 2  1.017  319.5
2006 01 08  0.401  0.950 2  1.031  327.7
2006 01 09  0.244  1.019 2  1.048  335.5
2006 01 10  0.077  1.064 2  1.066  342.8
2006 01 11 -0.095  1.082 3  1.087  349.2
2006 01 12 -0.265  1.075 3  1.107  354.4
2006 01 13 -0.429  1.041 3  1.126  357.9
2006 01 14 -0.580  0.982 3  1.141  359.2
2006 01 15 -0.714  0.900 3  1.148  357.9
2006 01 16 -0.825  0.797 4  1.147  353.5
2006 01 17 -0.910  0.678 4  1.135  346.0
2006 01 18 -0.968  0.547 4  1.112  335.4
2006 01 19 -0.997  0.406 4  1.076  321.9
2006 01 20 -0.997  0.262 4  1.031  306.2
2006 01 21 -0.970  0.117 4  0.977  288.9
2006 01 22 -0.918 -0.024 5  0.918  271.1
2006 01 23 -0.844 -0.158 5  0.858  254.2
2006 01 24 -0.751 -0.283 5  0.802  239.5
2006 01 25 -0.643 -0.395 5  0.754  228.3
2006 01 26 -0.525 -0.493 5  0.720  221.7
2006 01 27 -0.400 -0.578 6  0.702  220.0
2006 01 28 -0.272 -0.647 6  0.702  222.9
2006 01 29 -0.144 -0.701 6  0.716  229.5
2006 01 30 -0.020 -0.741 6  0.741  238.4
2006 01 31  0.099 -0.767 7  0.773  248.4
2006 02 01  0.210 -0.780 7  0.808  258.4
2006 02 02  0.314 -0.780 7  0.841  267.5
2006 02 03  0.408 -0.769 7  0.871  275.1
2006 02 04  0.494 -0.746 7  0.895  280.8
2006 02 05  0.570 -0.713 7  0.913  284.3
2006 02 06  0.637 -0.668 7  0.923  285.5
2006 02 07  0.694 -0.614 8  0.926  284.4
2006 02 08  0.742 -0.548 8  0.922  281.1
2006 02 09  0.779 -0.473 8  0.911  275.7
2006 02 10  0.806 -0.387 8  0.894  268.4
2006 02 11  0.820 -0.293 8  0.871  259.8
2006 02 12  0.822 -0.190 8  0.844  250.2
2006 02 13  0.809 -0.081 8  0.813  240.3
2006 02 14  0.781  0.033 1  0.782  230.9
2006 02 15  0.737  0.149 1  0.752  222.8
2006 02 16  0.676  0.263 1  0.725  216.7
2006 02 17  0.598  0.373 1  0.705  213.4
2006 02 18  0.503  0.475 1  0.692  213.1
2006 02 19  0.393  0.565 2  0.688  215.6
2006 02 20  0.270  0.640 2  0.694  220.5
2006 02 21  0.136  0.695 2  0.708  227.0
2006 02 22 -0.005  0.728 3  0.728  234.1
2006 02 23 -0.147  0.737 3  0.751  240.9
2006 02 24 -0.287  0.720 3  0.775  246.6
2006 02 25 -0.420  0.677 3  0.797  250.6
2006 02 26 -0.540  0.609 3  0.814  252.5
2006 02 27 -0.641  0.518 4  0.824  252.1
2006 02 28 -0.720  0.406 4  0.827  249.5
2006 03 01 -0.773  0.278 4  0.822  245.1
2006 03 02 -0.797  0.139 4  0.809  239.4
2006 03 03 -0.789 -0.006 5  0.789  233.0
2006 03 04 -0.751 -0.150 5  0.766  226.9
2006 03 05 -0.683 -0.288 5  0.741  221.8
2006 03 06 -0.587 -0.413 5  0.718  218.3
2006 03 07 -0.468 -0.519 6  0.699  216.6
2006 03 08 -0.331 -0.602 6  0.687  216.7
2006 03 09 -0.181 -0.657 6  0.681  217.9
2006 03 10 -0.026 -0.682 6  0.683  219.5
2006 03 11  0.127 -0.676 7  0.688  220.7
2006 03 12  0.272 -0.639 7  0.694  220.6
2006 03 13  0.400 -0.572 7  0.698  218.7
2006 03 14  0.507 -0.479 8  0.698  214.8
2006 03 15  0.588 -0.364 8  0.691  209.2
2006 03 16  0.638 -0.231 8  0.678  202.3
2006 03 17  0.655 -0.088 8  0.661  195.3
2006 03 18  0.639  0.059 1  0.642  189.5
2006 03 19  0.591  0.204 1  0.625  186.3
2006 03 20  0.514  0.339 1  0.616  186.8
2006 03 21  0.411  0.459 2  0.617  191.2
2006 03 22  0.289  0.559 2  0.630  199.1
2006 03 23  0.155  0.635 2  0.653  209.1
2006 03 24  0.014  0.682 2  0.683  219.5
2006 03 25 -0.126  0.701 3  0.713  228.6
2006 03 26 -0.257  0.691 3  0.738  234.9
2006 03 27 -0.373  0.654 3  0.753  237.3
2006 03 28 -0.467  0.592 3  0.754  235.0
2006 03 29 -0.536  0.509 4  0.739  227.6
2006 03 30 -0.576  0.409 4  0.707  215.0
2006 03 31 -0.585  0.300 4  0.657  197.7
2006 04 01 -0.563  0.185 4  0.593  176.5
2006 04 02 -0.512  0.072 4  0.517  152.8
2006 04 03 -0.434 -0.034 5  0.436  128.7
2006 04 04 -0.335 -0.128 5  0.359  107.2
2006 04 05 -0.220 -0.206 5  0.301   92.7
2006 04 06 -0.095 -0.264 6  0.280   89.3
2006 04 07  0.033 -0.299 7  0.301   96.8
2006 04 08  0.156 -0.312 7  0.349  110.4
2006 04 09  0.269 -0.301 7  0.404  125.2
2006 04 10  0.363 -0.269 8  0.452  137.9
2006 04 11  0.435 -0.218 8  0.487  146.4
2006 04 12  0.480 -0.152 8  0.503  149.8
2006 04 13  0.494 -0.074 8  0.500  147.8
2006 04 14  0.477  0.009 1  0.477  140.8
2006 04 15  0.428  0.094 1  0.438  129.9
2006 04 16  0.349  0.175 1  0.390  117.4
2006 04 17  0.243  0.247 2  0.347  107.1
2006 04 18  0.115  0.306 2  0.327  104.1
2006 04 19 -0.031  0.348 3  0.349  112.1
2006 04 20 -0.186  0.369 3  0.413  130.8
2006 04 21 -0.345  0.368 3  0.505  156.2
2006 04 22 -0.500  0.345 4  0.607  184.6
2006 04 23 -0.644  0.298 4  0.709  212.8
2006 04 24 -0.769  0.230 4  0.803  238.7
2006 04 25 -0.870  0.142 4  0.882  260.8
2006 04 26 -0.941  0.038 4  0.942  278.0
2006 04 27 -0.978 -0.078 5  0.981  289.7
2006 04 28 -0.978 -0.202 5  0.998  295.8
2006 04 29 -0.939 -0.328 5  0.995  296.7
2006 04 30 -0.862 -0.453 5  0.974  293.3
2006 05 01 -0.749 -0.571 5  0.942  287.4
2006 05 02 -0.602 -0.676 6  0.906  280.9
2006 05 03 -0.426 -0.766 6  0.876  276.5
2006 05 04 -0.227 -0.835 6  0.865  276.8
2006 05 05 -0.010 -0.881 6  0.882  283.5
2006 05 06  0.216 -0.903 7  0.928  297.1
2006 05 07  0.443 -0.897 7  1.001  316.8
2006 05 08  0.664 -0.866 7  1.091  340.4
2006 05 09  0.870 -0.808 8  1.187  365.4
2006 05 10  1.054 -0.728 8  1.280  389.2
2006 05 11  1.209 -0.626 8  1.361  409.6
2006 05 12  1.329 -0.507 8  1.422  424.8
2006 05 13  1.410 -0.375 8  1.459  433.2
2006 05 14  1.447 -0.235 8  1.466  433.9
2006 05 15  1.441 -0.092 8  1.444  426.4
2006 05 16  1.390  0.048 1  1.391  410.7
2006 05 17  1.297  0.180 1  1.310  387.2
2006 05 18  1.165  0.300 1  1.203  357.1
2006 05 19  0.999  0.403 1  1.077  322.1
2006 05 20  0.806  0.486 1  0.941  284.5
2006 05 21  0.593  0.546 1  0.806  247.8
2006 05 22  0.369  0.581 2  0.688  216.2
2006 05 23  0.143  0.591 2  0.608  194.8
2006 05 24 -0.075  0.578 3  0.583  187.1
2006 05 25 -0.276  0.542 3  0.609  192.5
2006 05 26 -0.452  0.488 3  0.666  206.1
2006 05 27 -0.596  0.420 4  0.729  221.8
2006 05 28 -0.702  0.342 4  0.781  234.6
2006 05 29 -0.765  0.260 4  0.808  240.9
2006 05 30 -0.784  0.181 4  0.805  238.7
2006 05 31 -0.759  0.110 4  0.766  226.7
2006 06 01 -0.690  0.052 4  0.692  204.5
2006 06 02 -0.584  0.013 4  0.584  172.4
2006 06 03 -0.445 -0.002 5  0.445  131.3
2006 06 04 -0.282  0.008 4  0.282   83.2
2006 06 05 -0.103  0.045 4  0.113   33.7
2006 06 06  0.081  0.111 2  0.137   42.8
2006 06 07  0.259  0.202 1  0.329  100.4
2006 06 08  0.422  0.317 1  0.528  161.0
2006 06 09  0.559  0.451 1  0.719  219.8
2006 06 10  0.662  0.599 1  0.893  274.3
2006 06 11  0.723  0.752 2  1.044  322.7
2006 06 12  0.738  0.905 2  1.168  363.4
2006 06 13  0.702  1.048 2  1.262  395.8
2006 06 14  0.616  1.175 2  1.327  419.3
2006 06 15  0.480  1.277 2  1.364  434.4
2006 06 16  0.300  1.347 2  1.380  442.3
2006 06 17  0.081  1.381 2  1.383  444.6
2006 06 18 -0.168  1.372 3  1.382  443.9
2006 06 19 -0.438  1.319 3  1.389  443.3
2006 06 20 -0.716  1.220 3  1.414  445.6
2006 06 21 -0.991  1.077 3  1.464  453.3
2006 06 22 -1.252  0.892 4  1.537  467.8
2006 06 23 -1.487  0.670 4  1.631  489.0
2006 06 24 -1.686  0.417 4  1.736  515.3
2006 06 25 -1.838  0.142 4  1.844  544.5
2006 06 26 -1.938 -0.148 5  1.944  574.0
2006 06 27 -1.980 -0.442 5  2.028  601.3
2006 06 28 -1.960 -0.730 5  2.092  624.4
2006 06 29 -1.880 -1.003 5  2.131  641.8
2006 06 30 -1.741 -1.251 5  2.144  652.5
2006 07 01 -1.547 -1.466 5  2.131  656.2
2006 07 02 -1.304 -1.641 6  2.096  653.1
2006 07 03 -1.022 -1.769 6  2.043  644.0
2006 07 04 -0.710 -1.847 6  1.979  629.9
2006 07 05 -0.378 -1.873 6  1.910  612.4
2006 07 06 -0.038 -1.845 6  1.845  593.4
2006 07 07  0.299 -1.766 7  1.791  574.7
2006 07 08  0.622 -1.639 7  1.753  558.0
2006 07 09  0.921 -1.468 7  1.733  544.7
2006 07 10  1.187 -1.259 7  1.731  535.5
2006 07 11  1.413 -1.021 8  1.743  530.7
2006 07 12  1.592 -0.761 8  1.764  529.7
2006 07 13  1.720 -0.487 8  1.788  531.4
2006 07 14  1.796 -0.208 8  1.808  534.3
2006 07 15  1.818  0.067 1  1.820  537.2
2006 07 16  1.789  0.330 1  1.819  538.5
2006 07 17  1.710  0.573 1  1.804  537.4
2006 07 18  1.586  0.791 1  1.773  532.9
2006 07 19  1.423  0.977 1  1.727  524.7
2006 07 20  1.227  1.128 1  1.667  512.6
2006 07 21  1.006  1.239 2  1.595  496.7
2006 07 22  0.765  1.308 2  1.516  477.6
2006 07 23  0.514  1.336 2  1.432  455.7
2006 07 24  0.260  1.322 2  1.348  432.2
2006 07 25  0.010  1.269 2  1.269  408.0
2006 07 26 -0.229  1.177 3  1.199  384.5
2006 07 27 -0.451  1.051 3  1.144  363.4
2006 07 28 -0.651  0.895 3  1.107  346.2
2006 07 29 -0.824  0.714 4  1.090  334.4
2006 07 30 -0.966  0.512 4  1.093  329.2
2006 07 31 -1.075  0.295 4  1.115  331.1
2006 08 01 -1.149  0.069 4  1.151  339.7
2006 08 02 -1.187 -0.161 5  1.197  354.0
2006 08 03 -1.189 -0.388 5  1.251  372.5
2006 08 04 -1.157 -0.608 5  1.307  393.5
2006 08 05 -1.092 -0.816 5  1.363  415.6
2006 08 06 -0.998 -1.006 6  1.417  437.4
2006 08 07 -0.877 -1.174 6  1.465  457.7
2006 08 08 -0.733 -1.317 6  1.507  475.6
2006 08 09 -0.572 -1.431 6  1.541  490.2
2006 08 10 -0.397 -1.515 6  1.566  501.1
2006 08 11 -0.214 -1.567 6  1.581  507.8
2006 08 12 -0.028 -1.586 6  1.586  509.9
2006 08 13  0.157 -1.571 7  1.579  507.5
2006 08 14  0.336 -1.525 7  1.562  500.5
2006 08 15  0.504 -1.449 7  1.534  489.1
2006 08 16  0.658 -1.344 7  1.496  473.8
2006 08 17  0.794 -1.214 7  1.450  455.2
2006 08 18  0.909 -1.061 7  1.398  434.2
2006 08 19  1.002 -0.891 8  1.341  411.7
2006 08 20  1.071 -0.706 8  1.283  389.2
2006 08 21  1.116 -0.511 8  1.227  368.0
2006 08 22  1.137 -0.309 8  1.178  349.9
2006 08 23  1.134 -0.106 8  1.139  336.5
2006 08 24  1.110  0.096 1  1.114  329.1
2006 08 25  1.066  0.292 1  1.106  328.5
2006 08 26  1.005  0.480 1  1.114  334.4
2006 08 27  0.929  0.657 1  1.138  346.1
2006 08 28  0.840  0.821 1  1.175  362.2
2006 08 29  0.743  0.970 2  1.222  381.2
2006 08 30  0.638  1.103 2  1.274  401.6
2006 08 31  0.530  1.220 2  1.330  422.2
2006 09 01  0.419  1.320 2  1.385  442.0
2006 09 02  0.307  1.403 2  1.437  460.3
2006 09 03  0.196  1.471 2  1.484  476.6
2006 09 04  0.087  1.523 2  1.526  490.5
2006 09 05 -0.020  1.560 3  1.560  501.8
2006 09 06 -0.125  1.583 3  1.588  510.4
2006 09 07 -0.228  1.592 3  1.608  516.3
2006 09 08 -0.330  1.587 3  1.621  519.4
2006 09 09 -0.430  1.568 3  1.626  519.9
2006 09 10 -0.531  1.535 3  1.624  517.8
2006 09 11 -0.631  1.487 3  1.615  513.1
2006 09 12 -0.731  1.424 3  1.601  506.2
2006 09 13 -0.831  1.345 3  1.581  497.1
2006 09 14 -0.929  1.249 3  1.557  486.3
2006 09 15 -1.026  1.135 3  1.530  474.3
2006 09 16 -1.118  1.004 4  1.502  461.6
2006 09 17 -1.204  0.854 4  1.476  449.1
2006 09 18 -1.281  0.687 4  1.453  437.8
2006 09 19 -1.346  0.502 4  1.437  428.9
2006 09 20 -1.397  0.301 4  1.429  423.7
2006 09 21 -1.430  0.088 4  1.433  423.2
2006 09 22 -1.443 -0.137 5  1.450  428.3
2006 09 23 -1.433 -0.369 5  1.479  439.2
2006 09 24 -1.397 -0.604 5  1.522  455.8
2006 09 25 -1.334 -0.838 5  1.576  477.2
2006 09 26 -1.244 -1.066 5  1.638  502.2
2006 09 27 -1.125 -1.281 6  1.705  529.3
2006 09 28 -0.980 -1.480 6  1.775  556.9
2006 09 29 -0.809 -1.656 6  1.843  583.7
2006 09 30 -0.616 -1.805 6  1.907  608.3
2006 10 01 -0.403 -1.922 6  1.964  629.4
2006 10 02 -0.176 -2.003 6  2.011  646.2
2006 10 03  0.062 -2.045 7  2.046  657.9
2006 10 04  0.304 -2.046 7  2.069  664.1
2006 10 05  0.544 -2.006 7  2.078  664.7
2006 10 06  0.777 -1.923 7  2.074  659.6
2006 10 07  0.997 -1.800 7  2.058  649.4
2006 10 08  1.197 -1.640 7  2.030  634.7
2006 10 09  1.372 -1.445 7  1.993  616.4
2006 10 10  1.517 -1.222 8  1.948  595.7
2006 10 11  1.627 -0.976 8  1.897  573.7
2006 10 12  1.700 -0.713 8  1.844  551.8
2006 10 13  1.734 -0.441 8  1.789  531.1
2006 10 14  1.727 -0.167 8  1.735  512.5
2006 10 15  1.679  0.101 1  1.682  496.6
2006 10 16  1.592  0.354 1  1.631  483.4
2006 10 17  1.468  0.587 1  1.581  472.7
2006 10 18  1.312  0.792 1  1.533  463.7
2006 10 19  1.129  0.965 1  1.485  455.3
2006 10 20  0.924  1.099 2  1.436  446.5
2006 10 21  0.705  1.193 2  1.385  436.3
2006 10 22  0.478  1.244 2  1.332  424.1
2006 10 23  0.251  1.252 2  1.277  409.3
2006 10 24  0.031  1.218 2  1.218  391.8
2006 10 25 -0.173  1.145 3  1.158  371.9
2006 10 26 -0.355  1.038 3  1.097  349.9
2006 10 27 -0.511  0.901 3  1.036  326.7
2006 10 28 -0.634  0.741 3  0.975  303.0
2006 10 29 -0.721  0.566 4  0.917  280.0
2006 10 30 -0.771  0.382 4  0.860  258.6
2006 10 31 -0.782  0.199 4  0.807  239.5
2006 11 01 -0.756  0.023 4  0.757  223.3
2006 11 02 -0.696 -0.137 5  0.709  210.1
2006 11 03 -0.605 -0.276 5  0.665  199.4
2006 11 04 -0.489 -0.387 5  0.624  190.6
2006 11 05 -0.354 -0.467 6  0.586  182.9
2006 11 06 -0.206 -0.512 6  0.552  175.6
2006 11 07 -0.055 -0.521 6  0.524  168.4
2006 11 08  0.094 -0.495 7  0.504  161.5
2006 11 09  0.233 -0.434 7  0.493  155.6
2006 11 10  0.354 -0.343 8  0.493  152.0
2006 11 11  0.453 -0.225 8  0.506  152.1
2006 11 12  0.524 -0.087 8  0.532  157.3
2006 11 13  0.565  0.066 1  0.569  168.0
2006 11 14  0.572  0.225 1  0.615  183.7
2006 11 15  0.546  0.385 1  0.668  203.1
2006 11 16  0.488  0.537 2  0.725  224.7
2006 11 17  0.400  0.674 2  0.784  246.9
2006 11 18  0.287  0.791 2  0.842  268.2
2006 11 19  0.153  0.883 2  0.896  287.5
2006 11 20  0.005  0.945 2  0.945  303.8
2006 11 21 -0.151  0.974 3  0.985  316.3
2006 11 22 -0.307  0.969 3  1.016  324.4
2006 11 23 -0.457  0.930 3  1.036  327.9
2006 11 24 -0.593  0.858 3  1.043  326.7
2006 11 25 -0.711  0.756 3  1.038  321.1
2006 11 26 -0.803  0.628 4  1.020  311.5
2006 11 27 -0.867  0.480 4  0.991  298.9
2006 11 28 -0.899  0.316 4  0.953  284.2
2006 11 29 -0.898  0.144 4  0.909  269.0
2006 11 30 -0.863 -0.031 5  0.863  254.8
2006 12 01 -0.795 -0.201 5  0.820  243.4
2006 12 02 -0.697 -0.360 5  0.784  236.1
2006 12 03 -0.573 -0.501 5  0.761  233.6
2006 12 04 -0.427 -0.620 6  0.753  235.9
2006 12 05 -0.265 -0.712 6  0.760  242.0
2006 12 06 -0.092 -0.774 6  0.780  250.4
2006 12 07  0.084 -0.803 7  0.808  259.5
2006 12 08  0.257 -0.799 7  0.839  267.8
2006 12 09  0.420 -0.761 7  0.869  274.3
2006 12 10  0.567 -0.692 7  0.894  278.4
2006 12 11  0.693 -0.593 8  0.912  279.7
2006 12 12  0.793 -0.469 8  0.922  278.6
2006 12 13  0.864 -0.325 8  0.923  275.5
2006 12 14  0.902 -0.166 8  0.917  271.4
2006 12 15  0.905  0.003 1  0.905  267.2
2006 12 16  0.875  0.174 1  0.892  264.2
2006 12 17  0.812  0.341 1  0.880  263.4
2006 12 18  0.717  0.498 1  0.873  265.4
2006 12 19  0.595  0.639 2  0.873  270.3
2006 12 20  0.449  0.759 2  0.882  277.6
2006 12 21  0.285  0.852 2  0.898  286.6
2006 12 22  0.109  0.915 2  0.922  296.1
2006 12 23 -0.074  0.946 3  0.949  305.1
2006 12 24 -0.257  0.943 3  0.978  312.7
2006 12 25 -0.433  0.906 3  1.004  318.2
2006 12 26 -0.596  0.836 3  1.027  321.2
2006 12 27 -0.741  0.734 4  1.043  321.9
2006 12 28 -0.863  0.605 4  1.054  320.6
2006 12 29 -0.958  0.452 4  1.059  317.9
2006 12 30 -1.021  0.281 4  1.059  314.7
2006 12 31 -1.052  0.099 4  1.057  312.1
2007 01 01 -1.049 -0.090 5  1.053  311.1
2007 01 02 -1.013 -0.278 5  1.051  312.1
2007 01 03 -0.946 -0.458 5  1.051  315.6
2007 01 04 -0.849 -0.624 5  1.054  321.1
2007 01 05 -0.728 -0.770 6  1.060  328.0
2007 01 06 -0.587 -0.892 6  1.068  335.1
2007 01 07 -0.431 -0.985 6  1.075  341.3
2007 01 08 -0.266 -1.046 6  1.079  345.3
2007 01 09 -0.099 -1.073 6  1.077  346.2
2007 01 10  0.064 -1.066 7  1.068  343.3
2007 01 11  0.217 -1.026 7  1.048  336.0
2007 01 12  0.354 -0.954 7  1.018  324.1
2007 01 13  0.470 -0.855 7  0.976  307.9
2007 01 14  0.562 -0.732 7  0.923  288.0
2007 01 15  0.626 -0.591 8  0.861  265.1
2007 01 16  0.661 -0.438 8  0.793  240.6
2007 01 17  0.667 -0.278 8  0.723  216.2
2007 01 18  0.644 -0.119 8  0.655  193.8
2007 01 19  0.594  0.034 1  0.595  175.7
2007 01 20  0.521  0.175 1  0.549  163.7
2007 01 21  0.428  0.299 1  0.522  158.7
2007 01 22  0.321  0.401 2  0.513  159.9
2007 01 23  0.204  0.478 2  0.520  165.0
2007 01 24  0.084  0.528 2  0.535  171.6
2007 01 25 -0.035  0.550 3  0.551  177.3
2007 01 26 -0.146  0.545 3  0.564  180.6
2007 01 27 -0.246  0.514 3  0.570  180.5
2007 01 28 -0.329  0.459 3  0.565  176.8
2007 01 29 -0.393  0.385 4  0.550  169.5
2007 01 30 -0.435  0.294 4  0.525  159.5
2007 01 31 -0.455  0.192 4  0.494  147.9
2007 02 01 -0.452  0.084 4  0.460  136.1
2007 02 02 -0.427 -0.025 5  0.428  126.3
2007 02 03 -0.382 -0.130 5  0.404  120.4
2007 02 04 -0.321 -0.227 5  0.393  119.6
2007 02 05 -0.246 -0.312 6  0.397  123.9
2007 02 06 -0.162 -0.382 6  0.415  131.8
2007 02 07 -0.073 -0.435 6  0.441  141.4
2007 02 08  0.017 -0.469 7  0.469  150.8
2007 02 09  0.102 -0.484 7  0.494  158.4
2007 02 10  0.180 -0.480 7  0.513  163.3
2007 02 11  0.246 -0.460 7  0.522  164.8
2007 02 12  0.299 -0.425 7  0.519  162.6
2007 02 13  0.336 -0.377 7  0.505  156.7
2007 02 14  0.358 -0.320 8  0.480  147.5
2007 02 15  0.363 -0.258 8  0.445  135.4
2007 02 16  0.352 -0.192 8  0.402  121.0
2007 02 17  0.328 -0.128 8  0.352  105.3
2007 02 18  0.293 -0.066 8  0.300   89.1
2007 02 19  0.249 -0.009 8  0.249   73.6
2007 02 20  0.200  0.040 1  0.204   60.4
2007 02 21  0.149  0.081 1  0.169   51.0
2007 02 22  0.098  0.112 2  0.149   46.4
2007 02 23  0.052  0.136 2  0.145   46.2
2007 02 24  0.012  0.151 2  0.151   48.5
2007 02 25 -0.019  0.159 3  0.160   51.3
2007 02 26 -0.040  0.161 3  0.166   53.1
2007 02 27 -0.051  0.160 3  0.168   53.5
2007 02 28 -0.051  0.156 3  0.164   52.4
2007 03 01 -0.040  0.153 3  0.158   50.6
2007 03 02 -0.021  0.151 3  0.152   48.9
2007 03 03  0.005  0.152 2  0.152   48.8
2007 03 04  0.036  0.156 2  0.161   51.4
2007 03 05  0.069  0.166 2  0.179   57.0
2007 03 06  0.102  0.179 2  0.206   65.0
2007 03 07  0.132  0.197 2  0.237   74.4
2007 03 08  0.157  0.218 2  0.269   84.1
2007 03 09  0.174  0.242 2  0.298   93.2
2007 03 10  0.183  0.266 2  0.323  101.2
2007 03 11  0.181  0.290 2  0.342  107.4
2007 03 12  0.169  0.310 2  0.353  111.6
2007 03 13  0.146  0.327 2  0.358  113.6
2007 03 14  0.113  0.337 2  0.355  113.4
2007 03 15  0.072  0.340 2  0.347  111.2
2007 03 16  0.022  0.334 2  0.334  107.5
2007 03 17 -0.032  0.318 3  0.320  102.8
2007 03 18 -0.089  0.293 3  0.306   97.8
2007 03 19 -0.147  0.258 3  0.297   93.7
2007 03 20 -0.203  0.214 3  0.295   91.2
2007 03 21 -0.253  0.162 4  0.301   91.2
2007 03 22 -0.297  0.104 4  0.315   93.8
2007 03 23 -0.332  0.040 4  0.334   98.8
2007 03 24 -0.355 -0.026 5  0.356  105.2
2007 03 25 -0.367 -0.092 5  0.379  112.4
2007 03 26 -0.366 -0.157 5  0.398  119.3
2007 03 27 -0.352 -0.218 5  0.414  125.4
2007 03 28 -0.326 -0.272 5  0.425  130.1
2007 03 29 -0.288 -0.319 6  0.429  133.1
2007 03 30 -0.239 -0.356 6  0.428  134.4
2007 03 31 -0.181 -0.382 6  0.423  133.9
2007 04 01 -0.117 -0.396 6  0.413  131.9
2007 04 02 -0.047 -0.398 6  0.401  128.7
2007 04 03  0.024 -0.388 7  0.389  124.9
2007 04 04  0.097 -0.366 7  0.378  121.0
2007 04 05  0.167 -0.333 7  0.372  117.8
2007 04 06  0.233 -0.290 7  0.372  115.8
2007 04 07  0.294 -0.238 8  0.378  115.7
2007 04 08  0.348 -0.179 8  0.391  117.6
2007 04 09  0.393 -0.114 8  0.409  121.6
2007 04 10  0.428 -0.046 8  0.431  127.2
2007 04 11  0.453  0.024 1  0.454  134.1
2007 04 12  0.468  0.095 1  0.478  141.6
2007 04 13  0.472  0.166 1  0.500  149.1
2007 04 14  0.465  0.233 1  0.520  156.4
2007 04 15  0.447  0.297 1  0.537  162.9
2007 04 16  0.419  0.356 1  0.550  168.6
2007 04 17  0.381  0.409 2  0.559  173.1
2007 04 18  0.334  0.455 2  0.564  176.4
2007 04 19  0.278  0.494 2  0.566  178.7
2007 04 20  0.213  0.524 2  0.566  179.9
2007 04 21  0.142  0.545 2  0.563  180.2
2007 04 22  0.064  0.557 2  0.561  180.1
2007 04 23 -0.020  0.559 3  0.559  179.7
2007 04 24 -0.107  0.550 3  0.560  179.7
2007 04 25 -0.196  0.531 3  0.566  180.3
2007 04 26 -0.287  0.501 3  0.577  182.0
2007 04 27 -0.377  0.461 3  0.595  185.2
2007 04 28 -0.464  0.410 4  0.619  190.0
2007 04 29 -0.546  0.349 4  0.648  196.3
2007 04 30 -0.621  0.279 4  0.681  204.0
2007 05 01 -0.686  0.202 4  0.715  212.6
2007 05 02 -0.740  0.117 4  0.749  221.6
2007 05 03 -0.780  0.027 4  0.781  230.4
2007 05 04 -0.805 -0.067 5  0.808  238.6
2007 05 05 -0.813 -0.162 5  0.829  245.4
2007 05 06 -0.802 -0.257 5  0.842  250.7
2007 05 07 -0.772 -0.350 5  0.848  254.2
2007 05 08 -0.723 -0.438 5  0.846  255.8
2007 05 09 -0.655 -0.520 5  0.836  255.6
2007 05 10 -0.569 -0.593 6  0.822  254.1
2007 05 11 -0.467 -0.656 6  0.805  251.8
2007 05 12 -0.349 -0.707 6  0.788  249.6
2007 05 13 -0.219 -0.745 6  0.777  248.2
2007 05 14 -0.079 -0.770 6  0.774  248.7
2007 05 15  0.068 -0.781 7  0.783  251.8
2007 05 16  0.218 -0.777 7  0.807  257.9
2007 05 17  0.369 -0.759 7  0.844  267.2
2007 05 18  0.517 -0.727 7  0.892  279.1
2007 05 19  0.659 -0.682 7  0.948  293.1
2007 05 20  0.792 -0.625 8  1.009  308.3
2007 05 21  0.914 -0.557 8  1.070  323.7
2007 05 22  1.021 -0.479 8  1.128  338.4
2007 05 23  1.112 -0.393 8  1.180  351.8
2007 05 24  1.186 -0.300 8  1.223  363.1
2007 05 25  1.241 -0.202 8  1.257  372.0
2007 05 26  1.276 -0.100 8  1.280  378.1
2007 05 27  1.292  0.005 1  1.292  381.4
2007 05 28  1.289  0.111 1  1.293  382.0
2007 05 29  1.266  0.218 1  1.285  380.2
2007 05 30  1.225  0.325 1  1.267  376.4
2007 05 31  1.167  0.429 1  1.244  371.1
2007 06 01  1.093  0.531 1  1.216  365.1
2007 06 02  1.005  0.630 1  1.186  359.2
2007 06 03  0.904  0.724 1  1.158  354.2
2007 06 04  0.792  0.813 2  1.135  350.8
2007 06 05  0.670  0.897 2  1.119  349.6
2007 06 06  0.539  0.973 2  1.112  351.1
2007 06 07  0.401  1.042 2  1.116  355.3
2007 06 08  0.257  1.101 2  1.131  362.2
2007 06 09  0.109  1.151 2  1.156  371.4
2007 06 10 -0.044  1.188 3  1.189  382.4
2007 06 11 -0.200  1.213 3  1.230  394.6
2007 06 12 -0.358  1.223 3  1.275  407.3
2007 06 13 -0.517  1.217 3  1.322  420.1
2007 06 14 -0.676  1.193 3  1.371  432.5
2007 06 15 -0.834  1.149 3  1.420  444.1
2007 06 16 -0.988  1.085 3  1.468  454.8
2007 06 17 -1.138  0.999 4  1.514  464.7
2007 06 18 -1.280  0.889 4  1.559  473.8
2007 06 19 -1.412  0.756 4  1.602  482.6
2007 06 20 -1.531  0.600 4  1.645  491.5
2007 06 21 -1.634  0.421 4  1.687  501.0
2007 06 22 -1.716  0.221 4  1.731  511.6
2007 06 23 -1.775  0.002 4  1.775  523.9
2007 06 24 -1.806 -0.232 5  1.821  538.3
2007 06 25 -1.806 -0.478 5  1.868  554.7
2007 06 26 -1.771 -0.732 5  1.916  573.3
2007 06 27 -1.700 -0.986 5  1.965  593.5
2007 06 28 -1.590 -1.235 5  2.013  614.8
2007 06 29 -1.441 -1.472 6  2.060  636.5
2007 06 30 -1.253 -1.691 6  2.104  657.5
2007 07 01 -1.028 -1.882 6  2.145  677.1
2007 07 02 -0.770 -2.040 6  2.180  694.2
2007 07 03 -0.483 -2.157 6  2.210  708.1
2007 07 04 -0.174 -2.227 6  2.234  718.1
2007 07 05  0.150 -2.246 7  2.251  723.8
2007 07 06  0.480 -2.210 7  2.262  724.8
2007 07 07  0.806 -2.117 7  2.265  721.2
2007 07 08  1.118 -1.967 7  2.262  713.3
2007 07 09  1.405 -1.761 7  2.252  701.7
2007 07 10  1.656 -1.503 8  2.236  687.4
2007 07 11  1.863 -1.199 8  2.215  671.5
2007 07 12  2.015 -0.857 8  2.190  655.5
2007 07 13  2.107 -0.486 8  2.162  641.1
2007 07 14  2.132 -0.097 8  2.134  629.9
2007 07 15  2.087  0.298 1  2.108  623.4
2007 07 16  1.972  0.686 1  2.088  622.6
2007 07 17  1.790  1.055 1  2.077  627.8
2007 07 18  1.544  1.391 1  2.078  638.5
2007 07 19  1.242  1.683 2  2.092  653.7
2007 07 20  0.894  1.921 2  2.119  671.8
2007 07 21  0.512  2.096 2  2.157  690.7
2007 07 22  0.109  2.201 2  2.204  708.5
2007 07 23 -0.301  2.233 3  2.253  723.5
2007 07 24 -0.703  2.190 3  2.300  734.0
2007 07 25 -1.081  2.073 3  2.338  739.0
2007 07 26 -1.422  1.887 3  2.363  737.8
2007 07 27 -1.712  1.639 4  2.370  730.1
2007 07 28 -1.941  1.338 4  2.357  716.4
2007 07 29 -2.100  0.994 4  2.323  697.4
2007 07 30 -2.183  0.621 4  2.270  674.6
2007 07 31 -2.187  0.232 4  2.200  649.9
2007 08 01 -2.113 -0.158 5  2.119  625.8
2007 08 02 -1.964 -0.537 5  2.036  604.8
2007 08 03 -1.746 -0.890 5  1.959  589.4
2007 08 04 -1.467 -1.205 5  1.899  581.2
2007 08 05 -1.140 -1.473 6  1.863  581.0
2007 08 06 -0.777 -1.685 6  1.855  588.3
2007 08 07 -0.391 -1.835 6  1.877  601.4
2007 08 08  0.002 -1.921 7  1.921  617.7
2007 08 09  0.388 -1.941 7  1.979  634.5
2007 08 10  0.754 -1.897 7  2.041  649.3
2007 08 11  1.086 -1.793 7  2.097  659.9
2007 08 12  1.375 -1.637 7  2.138  664.7
2007 08 13  1.611 -1.435 8  2.158  662.7
2007 08 14  1.789 -1.197 8  2.153  653.5
2007 08 15  1.905 -0.934 8  2.121  637.3
2007 08 16  1.957 -0.654 8  2.064  614.9
2007 08 17  1.949 -0.370 8  1.984  587.4
2007 08 18  1.883 -0.089 8  1.885  556.5
2007 08 19  1.766  0.178 1  1.775  524.4
2007 08 20  1.605  0.426 1  1.660  493.1
2007 08 21  1.409  0.647 1  1.551  465.1
2007 08 22  1.188  0.839 1  1.454  442.3
2007 08 23  0.950  0.997 2  1.378  426.1
2007 08 24  0.706  1.123 2  1.326  416.9
2007 08 25  0.465  1.215 2  1.301  414.0
2007 08 26  0.233  1.276 2  1.297  416.1
2007 08 27  0.017  1.309 2  1.309  421.1
2007 08 28 -0.178  1.318 3  1.330  427.1
2007 08 29 -0.349  1.306 3  1.352  432.4
2007 08 30 -0.493  1.278 3  1.370  435.9
2007 08 31 -0.612  1.237 3  1.380  436.8
2007 09 01 -0.706  1.186 3  1.380  434.7
2007 09 02 -0.777  1.129 3  1.371  429.6
2007 09 03 -0.828  1.068 3  1.352  421.6
2007 09 04 -0.863  1.004 3  1.324  411.2
2007 09 05 -0.884  0.937 3  1.288  398.6
2007 09 06 -0.896  0.867 4  1.247  384.3
2007 09 07 -0.902  0.793 4  1.201  368.5
2007 09 08 -0.903  0.714 4  1.151  351.7
2007 09 09 -0.903  0.627 4  1.099  334.2
2007 09 10 -0.901  0.533 4  1.047  316.3
2007 09 11 -0.899  0.428 4  0.995  298.8
2007 09 12 -0.895  0.312 4  0.948  282.5
2007 09 13 -0.889  0.184 4  0.907  268.9
2007 09 14 -0.878  0.044 4  0.879  259.6
2007 09 15 -0.862 -0.107 5  0.868  256.6
2007 09 16 -0.836 -0.267 5  0.878  261.4
2007 09 17 -0.800 -0.434 5  0.911  274.4
2007 09 18 -0.751 -0.606 5  0.965  295.2
2007 09 19 -0.688 -0.777 6  1.038  322.0
2007 09 20 -0.609 -0.945 6  1.124  353.0
2007 09 21 -0.514 -1.104 6  1.218  386.0
2007 09 22 -0.403 -1.250 6  1.313  419.1
2007 09 23 -0.277 -1.378 6  1.405  450.6
2007 09 24 -0.137 -1.484 6  1.490  479.0
2007 09 25  0.013 -1.564 7  1.564  503.0
2007 09 26  0.172 -1.615 7  1.624  521.8
2007 09 27  0.336 -1.634 7  1.668  534.6
2007 09 28  0.500 -1.619 7  1.694  541.1
2007 09 29  0.662 -1.570 7  1.703  541.2
2007 09 30  0.816 -1.486 7  1.695  535.2
2007 10 01  0.960 -1.369 7  1.672  523.6
2007 10 02  1.088 -1.222 7  1.636  507.5
2007 10 03  1.198 -1.047 8  1.591  488.3
2007 10 04  1.286 -0.849 8  1.541  467.6
2007 10 05  1.351 -0.632 8  1.491  447.5
2007 10 06  1.390 -0.401 8  1.446  429.9
2007 10 07  1.401 -0.162 8  1.411  416.9
2007 10 08  1.386  0.078 1  1.388  409.8
2007 10 09  1.343  0.315 1  1.379  409.1
2007 10 10  1.274  0.541 1  1.385  414.5
2007 10 11  1.182  0.753 1  1.401  424.5
2007 10 12  1.067  0.943 1  1.424  437.3
2007 10 13  0.934  1.109 2  1.450  450.8
2007 10 14  0.785  1.247 2  1.473  463.1
2007 10 15  0.624  1.354 2  1.491  472.7
2007 10 16  0.456  1.428 2  1.499  478.4
2007 10 17  0.284  1.468 2  1.496  479.6
2007 10 18  0.112  1.476 2  1.480  475.8
2007 10 19 -0.055  1.452 3  1.453  467.2
2007 10 20 -0.214  1.399 3  1.415  454.2
2007 10 21 -0.362  1.319 3  1.367  437.3
2007 10 22 -0.495  1.217 3  1.313  417.6
2007 10 23 -0.612  1.096 3  1.255  396.0
2007 10 24 -0.711  0.962 3  1.196  373.8
2007 10 25 -0.790  0.820 3  1.138  351.9
2007 10 26 -0.850  0.673 4  1.085  331.5
2007 10 27 -0.892  0.528 4  1.036  313.1
2007 10 28 -0.915  0.387 4  0.993  297.3
2007 10 29 -0.921  0.255 4  0.956  284.0
2007 10 30 -0.913  0.135 4  0.923  273.0
2007 10 31 -0.893  0.028 4  0.893  263.7
2007 11 01 -0.863 -0.064 5  0.865  255.5
2007 11 02 -0.826 -0.141 5  0.838  247.9
2007 11 03 -0.784 -0.203 5  0.810  240.5
2007 11 04 -0.740 -0.253 5  0.782  233.0
2007 11 05 -0.695 -0.291 5  0.754  225.6
2007 11 06 -0.652 -0.321 5  0.727  218.4
2007 11 07 -0.610 -0.347 5  0.702  211.8
2007 11 08 -0.571 -0.370 5  0.680  206.2
2007 11 09 -0.533 -0.394 5  0.663  202.0
2007 11 10 -0.496 -0.423 5  0.652  199.8
2007 11 11 -0.459 -0.458 5  0.649  200.1
2007 11 12 -0.420 -0.501 6  0.654  203.4
2007 11 13 -0.377 -0.554 6  0.670  210.1
2007 11 14 -0.328 -0.616 6  0.698  220.5
2007 11 15 -0.271 -0.687 6  0.738  234.9
2007 11 16 -0.203 -0.765 6  0.791  253.2
2007 11 17 -0.124 -0.847 6  0.856  274.9
2007 11 18 -0.032 -0.931 6  0.931  299.4
2007 11 19  0.072 -1.011 7  1.013  325.7
2007 11 20  0.189 -1.084 7  1.100  352.9
2007 11 21  0.316 -1.144 7  1.187  379.6
2007 11 22  0.452 -1.189 7  1.272  404.8
2007 11 23  0.593 -1.212 7  1.349  427.3
2007 11 24  0.737 -1.211 7  1.417  446.0
2007 11 25  0.878 -1.182 7  1.472  460.0
2007 11 26  1.012 -1.124 7  1.512  468.9
2007 11 27  1.135 -1.035 8  1.536  472.2
2007 11 28  1.241 -0.915 8  1.542  470.0
2007 11 29  1.327 -0.767 8  1.532  462.8
2007 11 30  1.387 -0.592 8  1.508  451.4
2007 12 01  1.418 -0.394 8  1.472  437.4
2007 12 02  1.418 -0.179 8  1.429  422.5
2007 12 03  1.385  0.049 1  1.386  409.1
2007 12 04  1.318  0.284 1  1.348  399.6
2007 12 05  1.218  0.518 1  1.324  396.2
2007 12 06  1.087  0.746 1  1.318  400.5
2007 12 07  0.927  0.960 2  1.335  412.5
2007 12 08  0.742  1.156 2  1.374  431.5
2007 12 09  0.538  1.327 2  1.432  455.4
2007 12 10  0.320  1.470 2  1.504  481.9
2007 12 11  0.093  1.580 2  1.583  508.8
2007 12 12 -0.135  1.656 3  1.661  534.0
2007 12 13 -0.359  1.696 3  1.734  555.7
2007 12 14 -0.572  1.701 3  1.795  572.6
2007 12 15 -0.770  1.672 3  1.841  583.7
2007 12 16 -0.946  1.611 3  1.868  588.4
2007 12 17 -1.097  1.521 3  1.875  586.6
2007 12 18 -1.220  1.407 3  1.862  578.1
2007 12 19 -1.312  1.272 4  1.827  563.3
2007 12 20 -1.374  1.121 4  1.774  542.7
2007 12 21 -1.406  0.960 4  1.702  517.1
2007 12 22 -1.408  0.792 4  1.615  487.3
2007 12 23 -1.382  0.622 4  1.516  454.5
2007 12 24 -1.333  0.454 4  1.408  419.8
2007 12 25 -1.263  0.292 4  1.296  384.5
2007 12 26 -1.177  0.136 4  1.184  350.0
2007 12 27 -1.077 -0.009 5  1.077  317.9
2007 12 28 -0.969 -0.145 5  0.980  289.7
2007 12 29 -0.855 -0.269 5  0.897  266.9
2007 12 30 -0.740 -0.383 5  0.833  250.8
2007 12 31 -0.626 -0.487 5  0.793  242.2
2008 01 01 -0.514 -0.582 6  0.776  240.9
2008 01 02 -0.407 -0.669 6  0.783  246.3
2008 01 03 -0.305 -0.748 6  0.808  256.9
2008 01 04 -0.208 -0.822 6  0.848  271.3
2008 01 05 -0.115 -0.890 6  0.897  288.2
2008 01 06 -0.027 -0.953 6  0.953  306.6
2008 01 07  0.059 -1.011 7  1.013  325.6
2008 01 08  0.143 -1.063 7  1.073  344.5
2008 01 09  0.227 -1.108 7  1.131  362.7
2008 01 10  0.312 -1.145 7  1.187  379.7
2008 01 11  0.398 -1.173 7  1.238  394.9
2008 01 12  0.485 -1.188 7  1.283  407.9
2008 01 13  0.574 -1.189 7  1.320  418.2
2008 01 14  0.663 -1.175 7  1.349  425.4
2008 01 15  0.751 -1.143 7  1.367  429.1
2008 01 16  0.835 -1.092 7  1.375  429.1
2008 01 17  0.914 -1.022 7  1.371  425.2
2008 01 18  0.984 -0.932 8  1.356  417.4
2008 01 19  1.042 -0.824 8  1.328  406.0
2008 01 20  1.085 -0.698 8  1.290  391.2
2008 01 21  1.111 -0.557 8  1.243  373.6
2008 01 22  1.116 -0.403 8  1.186  354.0
2008 01 23  1.098 -0.241 8  1.124  333.3
2008 01 24  1.057 -0.074 8  1.060  312.9
2008 01 25  0.991  0.093 1  0.995  294.1
2008 01 26  0.901  0.255 1  0.937  278.4
2008 01 27  0.788  0.408 1  0.888  267.2
2008 01 28  0.655  0.547 1  0.854  261.5
2008 01 29  0.504  0.669 2  0.837  261.5
2008 01 30  0.339  0.769 2  0.840  266.7
2008 01 31  0.166  0.845 2  0.861  276.0
2008 02 01 -0.012  0.894 3  0.894  287.6
2008 02 02 -0.189  0.917 3  0.936  300.1
2008 02 03 -0.359  0.913 3  0.981  312.0
2008 02 04 -0.517  0.883 3  1.023  322.3
2008 02 05 -0.659  0.828 3  1.059  329.9
2008 02 06 -0.781  0.753 4  1.085  334.3
2008 02 07 -0.879  0.660 4  1.099  335.1
2008 02 08 -0.950  0.553 4  1.099  332.1
2008 02 09 -0.994  0.437 4  1.086  325.3
2008 02 10 -1.010  0.316 4  1.058  314.8
2008 02 11 -0.998  0.194 4  1.016  301.0
2008 02 12 -0.960  0.076 4  0.963  284.4
2008 02 13 -0.898 -0.034 5  0.899  265.4
2008 02 14 -0.816 -0.134 5  0.827  244.8
2008 02 15 -0.718 -0.220 5  0.751  223.4
2008 02 16 -0.606 -0.292 5  0.673  202.0
2008 02 17 -0.486 -0.346 5  0.597  181.6
2008 02 18 -0.361 -0.385 6  0.528  163.4
2008 02 19 -0.236 -0.407 6  0.470  148.2
2008 02 20 -0.114 -0.413 6  0.429  137.2
2008 02 21  0.001 -0.406 7  0.406  130.6
2008 02 22  0.108 -0.386 7  0.401  128.3
2008 02 23  0.204 -0.357 7  0.411  129.5
2008 02 24  0.288 -0.318 7  0.430  133.2
2008 02 25  0.360 -0.274 8  0.453  138.1
2008 02 26  0.419 -0.225 8  0.476  143.4
2008 02 27  0.466 -0.174 8  0.497  148.4
2008 02 28  0.501 -0.121 8  0.515  152.9
2008 02 29  0.526 -0.068 8  0.530  156.7
2008 03 01  0.541 -0.014 8  0.541  159.8
2008 03 02  0.548  0.039 1  0.549  162.2
2008 03 03  0.547  0.092 1  0.555  164.2
2008 03 04  0.540  0.144 1  0.559  166.0
2008 03 05  0.527  0.196 1  0.562  167.8
2008 03 06  0.507  0.249 1  0.565  169.8
2008 03 07  0.482  0.302 1  0.568  172.1
2008 03 08  0.450  0.354 1  0.573  174.9
2008 03 09  0.411  0.407 1  0.578  178.3
2008 03 10  0.364  0.458 2  0.585  182.3
2008 03 11  0.309  0.507 2  0.594  186.8
2008 03 12  0.246  0.552 2  0.604  191.7
2008 03 13  0.174  0.591 2  0.616  196.9
2008 03 14  0.093  0.623 2  0.630  202.2
2008 03 15  0.005  0.645 2  0.645  207.4
2008 03 16 -0.090  0.655 3  0.661  212.3
2008 03 17 -0.189  0.651 3  0.678  216.7
2008 03 18 -0.291  0.632 3  0.696  220.6
2008 03 19 -0.392  0.596 3  0.713  223.8
2008 03 20 -0.490  0.542 3  0.730  226.3
2008 03 21 -0.580  0.470 4  0.746  228.3
2008 03 22 -0.659  0.381 4  0.762  230.0
2008 03 23 -0.724  0.277 4  0.776  231.6
2008 03 24 -0.771  0.160 4  0.788  233.4
2008 03 25 -0.798  0.032 4  0.798  235.7
2008 03 26 -0.801 -0.102 5  0.807  238.6
2008 03 27 -0.779 -0.238 5  0.815  242.5
2008 03 28 -0.733 -0.372 5  0.822  247.2
2008 03 29 -0.661 -0.500 5  0.829  252.7
2008 03 30 -0.566 -0.615 6  0.836  258.9
2008 03 31 -0.450 -0.714 6  0.844  265.2
2008 04 01 -0.316 -0.793 6  0.853  271.4
2008 04 02 -0.168 -0.848 6  0.864  277.1
2008 04 03 -0.013 -0.876 6  0.876  281.7
2008 04 04  0.146 -0.876 7  0.888  284.9
2008 04 05  0.302 -0.846 7  0.899  286.4
2008 04 06  0.449 -0.789 7  0.907  286.1
2008 04 07  0.582 -0.703 7  0.913  284.0
2008 04 08  0.696 -0.593 8  0.915  280.3
2008 04 09  0.786 -0.461 8  0.912  275.5
2008 04 10  0.850 -0.312 8  0.905  270.2
2008 04 11  0.883 -0.151 8  0.896  265.2
2008 04 12  0.887  0.018 1  0.887  261.8
2008 04 13  0.859  0.189 1  0.880  260.8
2008 04 14  0.802  0.356 1  0.877  263.0
2008 04 15  0.717  0.515 1  0.883  268.8
2008 04 16  0.608  0.660 2  0.897  278.0
2008 04 17  0.478  0.787 2  0.921  289.9
2008 04 18  0.333  0.893 2  0.953  303.5
2008 04 19  0.177  0.974 2  0.990  317.7
2008 04 20  0.015  1.029 2  1.030  331.1
2008 04 21 -0.147  1.057 3  1.067  342.7
2008 04 22 -0.304  1.057 3  1.100  351.6
2008 04 23 -0.452  1.030 3  1.125  357.1
2008 04 24 -0.587  0.977 3  1.140  358.8
2008 04 25 -0.705  0.900 3  1.144  356.6
2008 04 26 -0.804  0.801 4  1.136  350.4
2008 04 27 -0.882  0.684 4  1.116  340.9
2008 04 28 -0.938  0.550 4  1.087  328.5
2008 04 29 -0.971  0.403 4  1.051  314.5
2008 04 30 -0.981  0.246 4  1.012  300.2
2008 05 01 -0.969  0.082 4  0.973  287.3
2008 05 02 -0.936 -0.085 5  0.940  277.7
2008 05 03 -0.883 -0.254 5  0.919  273.1
2008 05 04 -0.811 -0.420 5  0.914  275.0
2008 05 05 -0.722 -0.582 5  0.928  283.7
2008 05 06 -0.617 -0.737 6  0.961  298.8
2008 05 07 -0.497 -0.882 6  1.012  319.2
2008 05 08 -0.364 -1.014 6  1.077  343.4
2008 05 09 -0.220 -1.132 6  1.153  369.6
2008 05 10 -0.064 -1.232 6  1.234  396.6
2008 05 11  0.100 -1.313 7  1.317  423.2
2008 05 12  0.271 -1.372 7  1.398  448.3
2008 05 13  0.448 -1.407 7  1.476  471.3
2008 05 14  0.627 -1.416 7  1.548  491.4
2008 05 15  0.806 -1.397 7  1.613  508.4
2008 05 16  0.981 -1.350 7  1.669  521.9
2008 05 17  1.149 -1.274 7  1.716  531.9
2008 05 18  1.305 -1.169 8  1.752  538.2
2008 05 19  1.445 -1.035 8  1.778  541.2
2008 05 20  1.565 -0.875 8  1.793  540.8
2008 05 21  1.659 -0.691 8  1.797  537.6
2008 05 22  1.723 -0.486 8  1.790  532.0
2008 05 23  1.753 -0.265 8  1.773  524.5
2008 05 24  1.747 -0.032 8  1.747  515.6
2008 05 25  1.701  0.206 1  1.713  506.3
2008 05 26  1.614  0.444 1  1.674  497.3
2008 05 27  1.487  0.674 1  1.632  489.5
2008 05 28  1.320  0.892 1  1.593  483.8
2008 05 29  1.116  1.090 1  1.560  481.1
2008 05 30  0.880  1.262 2  1.539  482.0
2008 05 31  0.617  1.404 2  1.534  486.9
2008 06 01  0.333  1.511 2  1.547  495.7
2008 06 02  0.035  1.579 2  1.580  507.9
2008 06 03 -0.268  1.607 3  1.629  522.8
2008 06 04 -0.568  1.594 3  1.692  539.2
2008 06 05 -0.856  1.540 3  1.762  555.9
2008 06 06 -1.125  1.447 3  1.833  571.6
2008 06 07 -1.367  1.318 4  1.899  585.2
2008 06 08 -1.575  1.158 4  1.955  595.6
2008 06 09 -1.745  0.971 4  1.996  602.2
2008 06 10 -1.871  0.763 4  2.021  604.3
2008 06 11 -1.952  0.540 4  2.025  601.8
2008 06 12 -1.987  0.309 4  2.011  594.8
2008 06 13 -1.975  0.077 4  1.977  583.6
2008 06 14 -1.920 -0.151 5  1.926  568.9
2008 06 15 -1.825 -0.369 5  1.862  551.5
2008 06 16 -1.693 -0.572 5  1.787  532.4
2008 06 17 -1.530 -0.756 5  1.706  512.8
2008 06 18 -1.341 -0.917 5  1.625  493.7
2008 06 19 -1.134 -1.053 5  1.547  476.0
2008 06 20 -0.913 -1.162 6  1.478  460.7
2008 06 21 -0.686 -1.243 6  1.420  448.0
2008 06 22 -0.456 -1.297 6  1.375  438.2
2008 06 23 -0.230 -1.323 6  1.343  430.9
2008 06 24 -0.012 -1.324 6  1.324  425.7
2008 06 25  0.196 -1.300 7  1.314  421.9
2008 06 26  0.390 -1.252 7  1.312  418.9
2008 06 27  0.568 -1.184 7  1.313  416.0
2008 06 28  0.730 -1.096 7  1.316  413.0
2008 06 29  0.873 -0.990 7  1.320  409.5
2008 06 30  0.997 -0.868 8  1.322  405.6
2008 07 01  1.102 -0.732 8  1.323  401.6
2008 07 02  1.188 -0.583 8  1.324  397.7
2008 07 03  1.255 -0.423 8  1.324  394.6
2008 07 04  1.302 -0.254 8  1.326  392.8
2008 07 05  1.328 -0.077 8  1.330  392.8
2008 07 06  1.334  0.105 1  1.338  395.2
2008 07 07  1.318  0.290 1  1.350  400.1
2008 07 08  1.280  0.476 1  1.366  407.7
2008 07 09  1.220  0.658 1  1.386  417.6
2008 07 10  1.137  0.833 1  1.409  429.3
2008 07 11  1.030  0.998 1  1.435  442.2
2008 07 12  0.902  1.149 2  1.461  455.6
2008 07 13  0.753  1.282 2  1.487  468.4
2008 07 14  0.585  1.393 2  1.511  480.0
2008 07 15  0.401  1.477 2  1.531  489.7
2008 07 16  0.205  1.533 2  1.547  496.7
2008 07 17 -0.000  1.557 3  1.557  500.6
2008 07 18 -0.209  1.547 3  1.561  501.2
2008 07 19 -0.416  1.502 3  1.558  498.2
2008 07 20 -0.616  1.421 3  1.549  491.9
2008 07 21 -0.804  1.307 3  1.534  482.6
2008 07 22 -0.973  1.160 3  1.514  470.8
2008 07 23 -1.119  0.984 4  1.490  457.5
2008 07 24 -1.237  0.783 4  1.464  443.6
2008 07 25 -1.325  0.561 4  1.439  430.6
2008 07 26 -1.378  0.323 4  1.415  419.8
2008 07 27 -1.396  0.076 4  1.398  412.7
2008 07 28 -1.377 -0.175 5  1.388  410.4
2008 07 29 -1.323 -0.423 5  1.389  413.6
2008 07 30 -1.236 -0.662 5  1.402  422.3
2008 07 31 -1.117 -0.887 5  1.426  435.9
2008 08 01 -0.972 -1.092 6  1.462  453.4
2008 08 02 -0.804 -1.273 6  1.505  473.1
2008 08 03 -0.618 -1.426 6  1.554  493.6
2008 08 04 -0.420 -1.549 6  1.605  513.3
2008 08 05 -0.215 -1.639 6  1.653  531.0
2008 08 06 -0.009 -1.696 6  1.696  545.3
2008 08 07  0.193 -1.718 7  1.729  555.5
2008 08 08  0.386 -1.708 7  1.751  560.8
2008 08 09  0.566 -1.665 7  1.758  560.8
2008 08 10  0.730 -1.591 7  1.751  555.3
2008 08 11  0.875 -1.490 7  1.728  544.4
2008 08 12  0.999 -1.363 7  1.690  528.3
2008 08 13  1.099 -1.214 7  1.638  507.6
2008 08 14  1.176 -1.045 8  1.573  483.1
2008 08 15  1.228 -0.860 8  1.499  456.0
2008 08 16  1.256 -0.662 8  1.420  427.6
2008 08 17  1.261 -0.454 8  1.340  399.7
2008 08 18  1.241 -0.239 8  1.264  374.4
2008 08 19  1.200 -0.022 8  1.200  354.2
2008 08 20  1.136  0.196 1  1.153  341.2
2008 08 21  1.051  0.410 1  1.129  337.2
2008 08 22  0.947  0.618 1  1.131  342.9
2008 08 23  0.823  0.815 1  1.159  357.5
2008 08 24  0.682  0.999 2  1.210  379.3
2008 08 25  0.525  1.166 2  1.279  405.8
2008 08 26  0.354  1.313 2  1.360  434.9
2008 08 27  0.171  1.436 2  1.446  464.5
2008 08 28 -0.022  1.532 3  1.533  492.8
2008 08 29 -0.222  1.600 3  1.615  518.6
2008 08 30 -0.424  1.636 3  1.690  540.8
2008 08 31 -0.627  1.639 3  1.754  558.5
2008 09 01 -0.824  1.608 3  1.807  571.4
2008 09 02 -1.013  1.542 3  1.845  579.2
2008 09 03 -1.189  1.443 3  1.870  581.8
2008 09 04 -1.346  1.312 4  1.880  579.6
2008 09 05 -1.482  1.151 4  1.877  573.1
2008 09 06 -1.592  0.964 4  1.861  562.9
2008 09 07 -1.673  0.753 4  1.835  550.0
2008 09 08 -1.722  0.525 4  1.800  535.5
2008 09 09 -1.736  0.285 4  1.759  520.6
2008 09 10 -1.716  0.037 4  1.716  506.5
2008 09 11 -1.660 -0.212 5  1.673  494.5
2008 09 12 -1.569 -0.455 5  1.633  485.6
2008 09 13 -1.444 -0.688 5  1.600  480.4
2008 09 14 -1.290 -0.905 5  1.575  479.1
2008 09 15 -1.107 -1.100 5  1.561  481.7
2008 09 16 -0.901 -1.270 6  1.557  487.4
2008 09 17 -0.676 -1.410 6  1.564  495.5
2008 09 18 -0.437 -1.519 6  1.580  505.1
2008 09 19 -0.189 -1.593 6  1.604  515.2
2008 09 20  0.063 -1.632 7  1.633  525.0
2008 09 21  0.313 -1.635 7  1.665  534.0
2008 09 22  0.558 -1.605 7  1.699  541.8
2008 09 23  0.793 -1.541 7  1.733  548.1
2008 09 24  1.013 -1.447 7  1.766  553.0
2008 09 25  1.215 -1.324 7  1.797  556.7
2008 09 26  1.396 -1.177 8  1.826  559.4
2008 09 27  1.553 -1.008 8  1.851  561.4
2008 09 28  1.685 -0.822 8  1.874  563.1
2008 09 29  1.789 -0.622 8  1.894  564.6
2008 09 30  1.865 -0.412 8  1.910  566.1
2008 10 01  1.911 -0.196 8  1.921  567.7
2008 10 02  1.929  0.022 1  1.929  569.3
2008 10 03  1.916  0.238 1  1.931  570.7
2008 10 04  1.874  0.448 1  1.927  571.6
2008 10 05  1.803  0.650 1  1.917  571.8
2008 10 06  1.704  0.840 1  1.900  570.9
2008 10 07  1.578  1.014 1  1.875  568.5
2008 10 08  1.426  1.170 1  1.844  564.5
2008 10 09  1.250  1.305 2  1.807  558.8
2008 10 10  1.052  1.416 2  1.765  551.3
2008 10 11  0.836  1.502 2  1.719  542.3
2008 10 12  0.605  1.559 2  1.672  532.2
2008 10 13  0.362  1.587 2  1.628  521.3
2008 10 14  0.112  1.584 2  1.588  510.4
2008 10 15 -0.140  1.550 3  1.556  500.1
2008 10 16 -0.390  1.485 3  1.535  491.1
2008 10 17 -0.630  1.389 3  1.525  483.8
2008 10 18 -0.856  1.264 3  1.527  478.6
2008 10 19 -1.062  1.112 3  1.538  475.7
2008 10 20 -1.242  0.937 4  1.556  474.6
2008 10 21 -1.392  0.741 4  1.577  474.9
2008 10 22 -1.506  0.530 4  1.596  476.0
2008 10 23 -1.581  0.308 4  1.610  477.0
2008 10 24 -1.614  0.080 4  1.616  477.2
2008 10 25 -1.605 -0.146 5  1.612  476.0
2008 10 26 -1.552 -0.366 5  1.595  473.1
2008 10 27 -1.458 -0.573 5  1.567  468.3
2008 10 28 -1.325 -0.762 5  1.529  461.6
2008 10 29 -1.157 -0.927 5  1.483  453.4
2008 10 30 -0.959 -1.064 6  1.433  444.2
2008 10 31 -0.738 -1.169 6  1.383  434.6
2008 11 01 -0.502 -1.239 6  1.337  425.1
2008 11 02 -0.257 -1.273 6  1.298  416.2
2008 11 03 -0.013 -1.269 6  1.269  408.2
2008 11 04  0.222 -1.230 7  1.250  400.9
2008 11 05  0.441 -1.156 7  1.238  394.0
2008 11 06  0.635 -1.052 7  1.229  386.8
2008 11 07  0.799 -0.921 7  1.219  378.6
2008 11 08  0.927 -0.768 8  1.204  368.6
2008 11 09  1.015 -0.600 8  1.179  356.3
2008 11 10  1.061 -0.422 8  1.142  341.3
2008 11 11  1.064 -0.241 8  1.091  323.4
2008 11 12  1.025 -0.064 8  1.027  303.2
2008 11 13  0.947  0.103 1  0.952  281.4
2008 11 14  0.833  0.254 1  0.871  259.2
2008 11 15  0.691  0.385 1  0.791  238.5
2008 11 16  0.525  0.491 1  0.719  221.3
2008 11 17  0.344  0.571 2  0.666  209.7
2008 11 18  0.155  0.621 2  0.640  204.8
2008 11 19 -0.034  0.642 3  0.643  206.6
2008 11 20 -0.214  0.634 3  0.670  213.6
2008 11 21 -0.379  0.601 3  0.710  223.3
2008 11 22 -0.523  0.544 3  0.755  233.3
2008 11 23 -0.640  0.468 4  0.793  241.6
2008 11 24 -0.727  0.378 4  0.819  246.6
2008 11 25 -0.781  0.279 4  0.830  247.4
2008 11 26 -0.802  0.177 4  0.822  243.5
2008 11 27 -0.791  0.076 4  0.795  234.9
2008 11 28 -0.751 -0.019 5  0.751  221.7
2008 11 29 -0.685 -0.103 5  0.692  204.7
2008 11 30 -0.597 -0.172 5  0.621  184.7
2008 12 01 -0.495 -0.224 5  0.543  162.7
2008 12 02 -0.383 -0.257 5  0.461  139.9
2008 12 03 -0.268 -0.271 6  0.381  117.6
2008 12 04 -0.156 -0.265 6  0.308   97.0
2008 12 05 -0.054 -0.242 6  0.248   79.6
2008 12 06  0.035 -0.204 7  0.207   66.6
2008 12 07  0.107 -0.154 7  0.188   58.7
2008 12 08  0.158 -0.095 8  0.185   55.8
2008 12 09  0.188 -0.031 8  0.191   56.4
2008 12 10  0.197  0.035 1  0.200   59.1
2008 12 11  0.185  0.098 1  0.209   63.0
2008 12 12  0.155  0.156 2  0.220   67.9
2008 12 13  0.111  0.205 2  0.233   73.6
2008 12 14  0.055  0.244 2  0.250   80.1
2008 12 15 -0.007  0.271 3  0.271   87.2
2008 12 16 -0.071  0.286 3  0.294   94.2
2008 12 17 -0.134  0.288 3  0.318  100.7
2008 12 18 -0.190  0.279 3  0.338  105.9
2008 12 19 -0.238  0.260 3  0.353  109.2
2008 12 20 -0.275  0.232 4  0.360  110.2
2008 12 21 -0.299  0.198 4  0.358  108.7
2008 12 22 -0.309  0.159 4  0.347  104.5
2008 12 23 -0.306  0.117 4  0.328   97.9
2008 12 24 -0.291  0.075 4  0.300   89.1
2008 12 25 -0.265  0.034 4  0.267   78.9
2008 12 26 -0.230 -0.005 5  0.230   68.0
2008 12 27 -0.190 -0.042 5  0.195   57.7
2008 12 28 -0.146 -0.077 5  0.165   49.7
2008 12 29 -0.101 -0.109 6  0.149   46.0
2008 12 30 -0.057 -0.139 6  0.151   47.9
2008 12 31 -0.016 -0.169 6  0.170   54.5
2009 01 01  0.022 -0.198 7  0.200   64.1
2009 01 02  0.056 -0.229 7  0.235   75.4
2009 01 03  0.085 -0.261 7  0.274   87.5
2009 01 04  0.111 -0.295 7  0.315  100.3
2009 01 05  0.135 -0.331 7  0.357  113.7
2009 01 06  0.158 -0.369 7  0.401  127.4
2009 01 07  0.182 -0.407 7  0.446  141.6
2009 01 08  0.209 -0.445 7  0.491  155.8
2009 01 09  0.239 -0.480 7  0.536  169.7
2009 01 10  0.274 -0.510 7  0.579  182.9
2009 01 11  0.315 -0.533 7  0.619  194.9
2009 01 12  0.361 -0.546 7  0.654  205.3
2009 01 13  0.412 -0.546 7  0.684  213.5
2009 01 14  0.465 -0.531 7  0.706  219.3
2009 01 15  0.520 -0.501 8  0.722  222.4
2009 01 16  0.572 -0.452 8  0.730  223.0
2009 01 17  0.620 -0.386 8  0.730  221.2
2009 01 18  0.659 -0.303 8  0.725  217.5
2009 01 19  0.686 -0.203 8  0.715  212.7
2009 01 20  0.697 -0.091 8  0.703  207.9
2009 01 21  0.691  0.033 1  0.692  204.2
2009 01 22  0.664  0.163 1  0.684  202.9
2009 01 23  0.616  0.294 1  0.683  205.0
2009 01 24  0.546  0.423 1  0.691  211.0
2009 01 25  0.455  0.545 2  0.710  220.8
2009 01 26  0.346  0.653 2  0.739  233.5
2009 01 27  0.220  0.745 2  0.776  248.1
2009 01 28  0.083  0.815 2  0.819  263.1
2009 01 29 -0.061  0.860 3  0.863  277.3
2009 01 30 -0.207  0.880 3  0.904  289.4
2009 01 31 -0.349  0.871 3  0.939  298.5
2009 02 01 -0.481  0.836 3  0.964  303.9
2009 02 02 -0.597  0.774 3  0.977  304.9
2009 02 03 -0.693  0.688 4  0.977  301.4
2009 02 04 -0.764  0.583 4  0.961  293.2
2009 02 05 -0.808  0.461 4  0.930  280.9
2009 02 06 -0.822  0.329 4  0.886  264.8
2009 02 07 -0.806  0.192 4  0.829  245.9
2009 02 08 -0.762  0.055 4  0.763  225.5
2009 02 09 -0.689 -0.077 5  0.694  205.0
2009 02 10 -0.594 -0.198 5  0.626  186.4
2009 02 11 -0.478 -0.304 5  0.567  171.7
2009 02 12 -0.348 -0.391 6  0.524  162.5
2009 02 13 -0.210 -0.457 6  0.503  159.4
2009 02 14 -0.069 -0.499 6  0.504  161.8
2009 02 15  0.069 -0.518 7  0.523  167.8
2009 02 16  0.198 -0.514 7  0.551  175.2
2009 02 17  0.312 -0.488 7  0.579  182.0
2009 02 18  0.409 -0.443 7  0.603  186.6
2009 02 19  0.483 -0.382 8  0.616  188.2
2009 02 20  0.533 -0.308 8  0.616  186.1
2009 02 21  0.558 -0.227 8  0.603  180.2
2009 02 22  0.558 -0.141 8  0.575  170.8
2009 02 23  0.533 -0.056 8  0.536  158.3
2009 02 24  0.485  0.026 1  0.486  143.5
2009 02 25  0.418  0.100 1  0.430  127.6
2009 02 26  0.335  0.163 1  0.372  111.9
2009 02 27  0.239  0.213 1  0.321   98.5
2009 02 28  0.135  0.249 2  0.283   89.5
2009 03 01  0.027  0.269 2  0.271   86.9
2009 03 02 -0.081  0.273 3  0.285   91.1
2009 03 03 -0.185  0.262 3  0.321  100.5
2009 03 04 -0.283  0.236 4  0.368  112.8
2009 03 05 -0.370  0.196 4  0.419  126.2
2009 03 06 -0.446  0.145 4  0.469  139.6
2009 03 07 -0.507  0.084 4  0.514  152.0
2009 03 08 -0.553  0.015 4  0.553  163.2
2009 03 09 -0.583 -0.058 5  0.586  173.0
2009 03 10 -0.596 -0.135 5  0.612  181.3
2009 03 11 -0.594 -0.213 5  0.631  188.2
2009 03 12 -0.575 -0.290 5  0.644  193.8
2009 03 13 -0.542 -0.364 5  0.653  198.2
2009 03 14 -0.494 -0.432 5  0.657  201.5
2009 03 15 -0.433 -0.494 6  0.657  203.9
2009 03 16 -0.360 -0.547 6  0.655  205.6
2009 03 17 -0.276 -0.591 6  0.652  206.7
2009 03 18 -0.183 -0.623 6  0.649  207.5
2009 03 19 -0.082 -0.643 6  0.648  208.1
2009 03 20  0.025 -0.649 7  0.649  208.8
2009 03 21  0.137 -0.640 7  0.655  209.8
2009 03 22  0.250 -0.616 7  0.665  211.4
2009 03 23  0.363 -0.576 7  0.681  213.9
2009 03 24  0.474 -0.519 7  0.702  217.6
2009 03 25  0.578 -0.445 8  0.730  222.7
2009 03 26  0.673 -0.355 8  0.762  229.3
2009 03 27  0.757 -0.250 8  0.797  237.4
2009 03 28  0.824 -0.131 8  0.835  246.9
2009 03 29  0.873  0.000 1  0.873  257.8
2009 03 30  0.900  0.141 1  0.911  269.6
2009 03 31  0.903  0.289 1  0.948  282.4
2009 04 01  0.880  0.440 1  0.984  295.8
2009 04 02  0.828  0.591 1  1.017  309.6
2009 04 03  0.748  0.737 1  1.050  323.9
2009 04 04  0.640  0.874 2  1.083  338.6
2009 04 05  0.505  0.997 2  1.118  353.6
2009 04 06  0.345  1.102 2  1.155  368.8
2009 04 07  0.164  1.185 2  1.197  384.2
2009 04 08 -0.033  1.242 3  1.243  399.7
2009 04 09 -0.241  1.271 3  1.293  414.8
2009 04 10 -0.455  1.268 3  1.347  429.2
2009 04 11 -0.667  1.232 3  1.401  442.3
2009 04 12 -0.869  1.163 3  1.452  453.5
2009 04 13 -1.056  1.061 3  1.497  462.3
2009 04 14 -1.220  0.929 4  1.534  468.0
2009 04 15 -1.355  0.769 4  1.558  470.2
2009 04 16 -1.454  0.585 4  1.568  468.7
2009 04 17 -1.514  0.382 4  1.561  463.3
2009 04 18 -1.529  0.165 4  1.538  454.5
2009 04 19 -1.499 -0.060 5  1.501  443.0
2009 04 20 -1.423 -0.285 5  1.451  429.9
2009 04 21 -1.301 -0.504 5  1.395  416.9
2009 04 22 -1.136 -0.711 5  1.340  405.9
2009 04 23 -0.933 -0.898 5  1.295  398.9
2009 04 24 -0.695 -1.060 6  1.268  397.8
2009 04 25 -0.432 -1.191 6  1.267  403.8
2009 04 26 -0.149 -1.288 6  1.297  416.7
2009 04 27  0.143 -1.348 7  1.355  435.5
2009 04 28  0.437 -1.368 7  1.436  458.3
2009 04 29  0.722 -1.347 7  1.529  482.9
2009 04 30  0.990 -1.288 7  1.624  506.9
2009 05 01  1.232 -1.191 8  1.714  528.3
2009 05 02  1.441 -1.061 8  1.790  545.3
2009 05 03  1.610 -0.901 8  1.845  556.6
2009 05 04  1.733 -0.718 8  1.876  561.3
2009 05 05  1.808 -0.517 8  1.881  559.0
2009 05 06  1.832 -0.305 8  1.857  549.6
2009 05 07  1.805 -0.089 8  1.807  533.6
2009 05 08  1.729  0.124 1  1.733  511.9
2009 05 09  1.607  0.327 1  1.640  485.8
2009 05 10  1.443  0.515 1  1.532  456.9
2009 05 11  1.244  0.681 1  1.418  427.5
2009 05 12  1.016  0.822 1  1.307  399.7
2009 05 13  0.768  0.933 2  1.209  376.1
2009 05 14  0.507  1.013 2  1.133  358.5
2009 05 15  0.243  1.060 2  1.087  348.3
2009 05 16 -0.018  1.074 3  1.074  345.4
2009 05 17 -0.267  1.056 3  1.090  348.7
2009 05 18 -0.497  1.009 3  1.125  356.1
2009 05 19 -0.703  0.935 3  1.170  365.4
2009 05 20 -0.880  0.838 4  1.216  374.4
2009 05 21 -1.025  0.722 4  1.254  381.4
2009 05 22 -1.135  0.592 4  1.280  385.4
2009 05 23 -1.210  0.451 4  1.291  385.5
2009 05 24 -1.250  0.305 4  1.286  381.7
2009 05 25 -1.255  0.158 4  1.265  374.0
2009 05 26 -1.229  0.013 4  1.229  362.9
2009 05 27 -1.175 -0.125 5  1.181  349.1
2009 05 28 -1.095 -0.255 5  1.124  333.4
2009 05 29 -0.994 -0.374 5  1.062  317.0
2009 05 30 -0.875 -0.479 5  0.998  300.8
2009 05 31 -0.743 -0.571 5  0.937  286.0
2009 06 01 -0.601 -0.648 6  0.883  273.6
2009 06 02 -0.452 -0.709 6  0.841  264.3
2009 06 03 -0.301 -0.755 6  0.813  258.6
2009 06 04 -0.148 -0.786 6  0.800  256.6
2009 06 05  0.002 -0.802 7  0.802  257.9
2009 06 06  0.148 -0.803 7  0.816  261.9
2009 06 07  0.289 -0.789 7  0.840  267.8
2009 06 08  0.422 -0.761 7  0.870  274.7
2009 06 09  0.546 -0.719 7  0.903  281.8
2009 06 10  0.659 -0.662 7  0.935  288.5
2009 06 11  0.760 -0.592 8  0.964  294.3
2009 06 12  0.848 -0.508 8  0.988  298.8
2009 06 13  0.920 -0.410 8  1.007  301.9
2009 06 14  0.975 -0.300 8  1.020  303.6
2009 06 15  1.012 -0.179 8  1.028  304.2
2009 06 16  1.029 -0.047 8  1.030  304.2
2009 06 17  1.025  0.092 1  1.029  304.0
2009 06 18  0.999  0.238 1  1.027  304.7
2009 06 19  0.951  0.387 1  1.027  307.0
2009 06 20  0.880  0.536 1  1.030  311.7
2009 06 21  0.788  0.681 1  1.041  319.5
2009 06 22  0.675  0.819 2  1.062  330.4
2009 06 23  0.544  0.947 2  1.092  344.2
2009 06 24  0.398  1.059 2  1.132  360.3
2009 06 25  0.239  1.154 2  1.179  377.8
2009 06 26  0.072  1.228 2  1.230  395.5
2009 06 27 -0.100  1.279 3  1.283  412.2
2009 06 28 -0.271  1.304 3  1.332  426.9
2009 06 29 -0.437  1.303 3  1.374  438.4
2009 06 30 -0.595  1.275 3  1.407  446.1
2009 07 01 -0.739  1.222 3  1.428  449.5
2009 07 02 -0.867  1.144 3  1.436  448.3
2009 07 03 -0.976  1.045 3  1.430  442.5
2009 07 04 -1.064  0.925 4  1.410  432.6
2009 07 05 -1.130  0.790 4  1.379  419.3
2009 07 06 -1.174  0.642 4  1.338  403.4
2009 07 07 -1.197  0.486 4  1.292  386.3
2009 07 08 -1.200  0.326 4  1.243  369.3
2009 07 09 -1.185  0.164 4  1.196  353.7
2009 07 10 -1.156  0.005 4  1.156  341.1
2009 07 11 -1.114 -0.148 5  1.124  332.4
2009 07 12 -1.064 -0.294 5  1.104  328.1
2009 07 13 -1.009 -0.431 5  1.097  328.4
2009 07 14 -0.950 -0.558 5  1.101  332.8
2009 07 15 -0.889 -0.674 5  1.116  340.4
2009 07 16 -0.830 -0.780 5  1.138  350.4
2009 07 17 -0.771 -0.875 6  1.166  362.0
2009 07 18 -0.713 -0.962 6  1.198  374.3
2009 07 19 -0.655 -1.042 6  1.231  386.9
2009 07 20 -0.596 -1.115 6  1.264  399.3
2009 07 21 -0.533 -1.182 6  1.297  411.3
2009 07 22 -0.464 -1.244 6  1.328  422.8
2009 07 23 -0.387 -1.301 6  1.357  433.7
2009 07 24 -0.298 -1.353 6  1.386  444.0
2009 07 25 -0.195 -1.399 6  1.413  453.6
2009 07 26 -0.077 -1.437 6  1.439  462.8
2009 07 27  0.057 -1.466 7  1.467  471.7
2009 07 28  0.207 -1.482 7  1.496  480.5
2009 07 29  0.373 -1.483 7  1.529  489.4
2009 07 30  0.552 -1.465 7  1.566  498.6
2009 07 31  0.740 -1.427 7  1.607  508.2
2009 08 01  0.932 -1.365 7  1.653  518.0
2009 08 02  1.125 -1.276 7  1.701  527.9
2009 08 03  1.310 -1.161 8  1.750  537.4
2009 08 04  1.482 -1.017 8  1.797  546.1
2009 08 05  1.633 -0.846 8  1.839  553.5
2009 08 06  1.757 -0.649 8  1.873  559.0
2009 08 07  1.847 -0.429 8  1.896  562.5
2009 08 08  1.899 -0.191 8  1.908  563.8
2009 08 09  1.907  0.061 1  1.908  563.2
2009 08 10  1.869  0.321 1  1.897  561.3
2009 08 11  1.784  0.582 1  1.877  558.9
2009 08 12  1.653  0.836 1  1.852  557.0
2009 08 13  1.477  1.077 1  1.827  556.6
2009 08 14  1.261  1.296 2  1.808  558.6
2009 08 15  1.010  1.486 2  1.797  563.4
2009 08 16  0.732  1.643 2  1.799  570.8
2009 08 17  0.436  1.760 2  1.813  580.4
2009 08 18  0.130  1.833 2  1.838  590.8
2009 08 19 -0.176  1.861 3  1.870  600.8
2009 08 20 -0.472  1.843 3  1.902  608.7
2009 08 21 -0.749  1.778 3  1.930  613.2
2009 08 22 -0.998  1.671 3  1.947  612.9
2009 08 23 -1.212  1.525 3  1.948  607.0
2009 08 24 -1.383  1.346 4  1.930  595.1
2009 08 25 -1.509  1.141 4  1.891  577.0
2009 08 26 -1.585  0.917 4  1.831  553.0
2009 08 27 -1.612  0.682 4  1.750  523.9
2009 08 28 -1.590  0.445 4  1.651  490.6
2009 08 29 -1.522  0.215 4  1.537  454.5
2009 08 30 -1.412 -0.001 5  1.412  416.9
2009 08 31 -1.267 -0.195 5  1.282  379.3
2009 09 01 -1.093 -0.362 5  1.152  343.0
2009 09 02 -0.899 -0.495 5  1.026  309.5
2009 09 03 -0.692 -0.594 5  0.912  279.6
2009 09 04 -0.481 -0.654 6  0.812  253.8
2009 09 05 -0.274 -0.677 6  0.730  232.3
2009 09 06 -0.079 -0.664 6  0.668  214.7
2009 09 07  0.098 -0.617 7  0.625  200.6
2009 09 08  0.251 -0.542 7  0.597  189.3
2009 09 09  0.375 -0.443 7  0.581  180.5
2009 09 10  0.468 -0.328 8  0.571  173.7
2009 09 11  0.528 -0.202 8  0.565  168.8
2009 09 12  0.555 -0.073 8  0.560  165.5
2009 09 13  0.550  0.052 1  0.553  163.3
2009 09 14  0.516  0.166 1  0.543  161.5
2009 09 15  0.457  0.264 1  0.528  159.4
2009 09 16  0.377  0.340 1  0.507  155.9
2009 09 17  0.281  0.390 2  0.480  150.3
2009 09 18  0.174  0.412 2  0.447  142.2
2009 09 19  0.062  0.405 2  0.410  131.5
2009 09 20 -0.048  0.368 3  0.371  119.3
2009 09 21 -0.154  0.304 3  0.340  107.6
2009 09 22 -0.248  0.214 4  0.328  100.5
2009 09 23 -0.329  0.102 4  0.344  102.5
2009 09 24 -0.392 -0.026 5  0.393  116.1
2009 09 25 -0.437 -0.165 5  0.467  139.4
2009 09 26 -0.461 -0.311 5  0.556  168.8
2009 09 27 -0.464 -0.456 5  0.651  200.8
2009 09 28 -0.449 -0.596 6  0.746  233.0
2009 09 29 -0.415 -0.725 6  0.836  263.5
2009 09 30 -0.366 -0.839 6  0.915  290.5
2009 10 01 -0.304 -0.933 6  0.981  313.1
2009 10 02 -0.232 -1.005 6  1.031  330.2
2009 10 03 -0.154 -1.052 6  1.063  341.4
2009 10 04 -0.073 -1.075 6  1.078  346.4
2009 10 05  0.009 -1.073 7  1.073  345.2
2009 10 06  0.087 -1.048 7  1.052  338.1
2009 10 07  0.161 -1.003 7  1.015  325.9
2009 10 08  0.228 -0.939 7  0.966  309.2
2009 10 09  0.287 -0.860 7  0.907  289.3
2009 10 10  0.338 -0.771 7  0.842  267.2
2009 10 11  0.381 -0.675 7  0.775  244.4
2009 10 12  0.417 -0.575 7  0.711  222.3
2009 10 13  0.447 -0.477 7  0.653  202.3
2009 10 14  0.472 -0.382 8  0.607  185.7
2009 10 15  0.495 -0.292 8  0.575  173.8
2009 10 16  0.518 -0.210 8  0.559  167.2
2009 10 17  0.542 -0.136 8  0.559  165.9
2009 10 18  0.569 -0.071 8  0.573  169.5
2009 10 19  0.600 -0.012 8  0.600  177.2
2009 10 20  0.636  0.041 1  0.638  188.3
2009 10 21  0.678  0.090 1  0.684  202.1
2009 10 22  0.723  0.139 1  0.736  218.0
2009 10 23  0.772  0.189 1  0.794  235.7
2009 10 24  0.821  0.244 1  0.856  254.7
2009 10 25  0.869  0.305 1  0.921  274.6
2009 10 26  0.911  0.376 1  0.986  294.9
2009 10 27  0.946  0.457 1  1.050  315.5
2009 10 28  0.967  0.550 1  1.113  335.8
2009 10 29  0.973  0.653 1  1.172  355.8
2009 10 30  0.960  0.765 1  1.227  375.2
2009 10 31  0.924  0.885 1  1.279  394.2
2009 11 01  0.863  1.010 2  1.328  412.6
2009 11 02  0.775  1.134 2  1.374  430.5
2009 11 03  0.661  1.255 2  1.418  448.1
2009 11 04  0.520  1.366 2  1.462  465.3
2009 11 05  0.355  1.463 2  1.505  482.0
2009 11 06  0.168  1.540 2  1.550  497.8
2009 11 07 -0.036  1.594 3  1.594  512.6
2009 11 08 -0.253  1.619 3  1.638  525.8
2009 11 09 -0.476  1.612 3  1.680  537.0
2009 11 10 -0.700  1.571 3  1.719  545.6
2009 11 11 -0.916  1.494 3  1.753  551.3
2009 11 12 -1.119  1.382 3  1.779  553.9
2009 11 13 -1.302  1.237 4  1.796  553.1
2009 11 14 -1.459  1.060 4  1.803  549.3
2009 11 15 -1.584  0.857 4  1.800  542.6
2009 11 16 -1.672  0.631 4  1.787  533.7
2009 11 17 -1.722  0.389 4  1.765  523.3
2009 11 18 -1.730  0.138 4  1.735  512.5
2009 11 19 -1.697 -0.116 5  1.701  502.2
2009 11 20 -1.624 -0.365 5  1.664  493.4
2009 11 21 -1.512 -0.602 5  1.628  486.6
2009 11 22 -1.367 -0.822 5  1.595  482.5
2009 11 23 -1.193 -1.018 5  1.569  480.9
2009 11 24 -0.996 -1.185 6  1.548  481.4
2009 11 25 -0.783 -1.321 6  1.535  483.4
2009 11 26 -0.559 -1.421 6  1.527  485.8
2009 11 27 -0.333 -1.486 6  1.522  487.7
2009 11 28 -0.112 -1.514 6  1.518  488.1
2009 11 29  0.099 -1.509 7  1.512  486.0
2009 11 30  0.294 -1.471 7  1.500  481.0
2009 12 01  0.467 -1.405 7  1.481  472.4
2009 12 02  0.615 -1.315 7  1.452  460.2
2009 12 03  0.736 -1.206 7  1.413  444.4
2009 12 04  0.828 -1.082 7  1.363  425.3
2009 12 05  0.892 -0.949 7  1.302  403.1
2009 12 06  0.927 -0.813 8  1.233  378.5
2009 12 07  0.938 -0.677 8  1.156  352.1
2009 12 08  0.926 -0.545 8  1.074  324.6
2009 12 09  0.895 -0.420 8  0.989  296.9
2009 12 10  0.850 -0.306 8  0.904  269.6
2009 12 11  0.795 -0.202 8  0.820  243.6
2009 12 12  0.734 -0.110 8  0.742  219.5
2009 12 13  0.670 -0.029 8  0.671  198.1
2009 12 14  0.608  0.042 1  0.609  180.0
2009 12 15  0.549  0.106 1  0.559  165.7
2009 12 16  0.496  0.164 1  0.522  155.6
2009 12 17  0.449  0.218 1  0.499  150.0
2009 12 18  0.409  0.271 1  0.491  148.9
2009 12 19  0.374  0.326 1  0.496  152.2
2009 12 20  0.343  0.384 2  0.514  159.5
2009 12 21  0.313  0.445 2  0.544  170.4
2009 12 22  0.283  0.511 2  0.584  184.4
2009 12 23  0.250  0.581 2  0.633  200.9
2009 12 24  0.211  0.654 2  0.687  219.4
2009 12 25  0.163  0.728 2  0.746  239.0
2009 12 26  0.105  0.801 2  0.807  259.3
2009 12 27  0.037  0.868 2  0.869  279.5
2009 12 28 -0.043  0.928 3  0.929  298.7
2009 12 29 -0.135  0.976 3  0.985  316.4
2009 12 30 -0.235  1.009 3  1.036  331.7
2009 12 31 -0.343  1.023 3  1.079  344.1
2010 01 01 -0.456  1.015 3  1.113  353.1
2010 01 02 -0.569  0.984 3  1.137  358.3
2010 01 03 -0.679  0.928 3  1.150  359.5
2010 01 04 -0.781  0.847 3  1.152  356.7
2010 01 05 -0.871  0.740 4  1.143  350.4
2010 01 06 -0.946  0.611 4  1.126  341.3
2010 01 07 -1.001  0.460 4  1.102  330.4
2010 01 08 -1.034  0.292 4  1.074  319.2
2010 01 09 -1.042  0.111 4  1.048  309.7
2010 01 10 -1.025 -0.078 5  1.028  303.6
2010 01 11 -0.982 -0.271 5  1.019  302.8
2010 01 12 -0.915 -0.462 5  1.025  308.3
2010 01 13 -0.825 -0.645 5  1.047  319.9
2010 01 14 -0.715 -0.816 6  1.085  336.8
2010 01 15 -0.588 -0.970 6  1.134  357.0
2010 01 16 -0.449 -1.103 6  1.191  378.5
2010 01 17 -0.303 -1.211 6  1.248  399.4
2010 01 18 -0.154 -1.292 6  1.301  417.9
2010 01 19 -0.007 -1.345 6  1.345  432.4
2010 01 20  0.134 -1.368 7  1.375  441.8
2010 01 21  0.263 -1.364 7  1.389  445.4
2010 01 22  0.378 -1.332 7  1.385  442.7
2010 01 23  0.475 -1.275 7  1.361  433.4
2010 01 24  0.553 -1.196 7  1.317  417.7
2010 01 25  0.610 -1.097 7  1.255  396.1
2010 01 26  0.646 -0.983 7  1.176  369.0
2010 01 27  0.661 -0.857 7  1.082  337.5
2010 01 28  0.656 -0.722 7  0.976  302.3
2010 01 29  0.633 -0.584 8  0.861  264.9
2010 01 30  0.596 -0.444 8  0.743  226.6
2010 01 31  0.546 -0.307 8  0.626  189.0
2010 02 01  0.487 -0.175 8  0.517  154.3
2010 02 02  0.421 -0.051 8  0.424  125.4
2010 02 03  0.352  0.065 1  0.358  106.1
2010 02 04  0.283  0.170 1  0.331   99.9
2010 02 05  0.217  0.264 2  0.341  106.2
2010 02 06  0.154  0.346 2  0.379  120.2
2010 02 07  0.098  0.417 2  0.428  137.0
2010 02 08  0.049  0.476 2  0.478  153.7
2010 02 09  0.008  0.524 2  0.524  168.6
2010 02 10 -0.025  0.563 3  0.563  181.1
2010 02 11 -0.050  0.592 3  0.594  190.9
2010 02 12 -0.067  0.613 3  0.616  198.0
2010 02 13 -0.077  0.626 3  0.631  202.6
2010 02 14 -0.081  0.633 3  0.638  204.9
2010 02 15 -0.080  0.634 3  0.639  205.2
2010 02 16 -0.075  0.630 3  0.634  203.7
2010 02 17 -0.067  0.621 3  0.625  200.7
2010 02 18 -0.057  0.608 3  0.611  196.4
2010 02 19 -0.047  0.593 3  0.594  191.0
2010 02 20 -0.036  0.574 3  0.575  184.8
2010 02 21 -0.025  0.552 3  0.553  177.7
2010 02 22 -0.015  0.528 3  0.529  170.0
2010 02 23 -0.006  0.503 3  0.503  161.7
2010 02 24  0.002  0.476 2  0.476  153.0
2010 02 25  0.010  0.448 2  0.448  144.0
2010 02 26  0.016  0.419 2  0.419  134.8
2010 02 27  0.021  0.390 2  0.390  125.5
2010 02 28  0.026  0.360 2  0.361  116.1
2010 03 01  0.030  0.331 2  0.333  107.0
2010 03 02  0.034  0.303 2  0.305   98.0
2010 03 03  0.037  0.276 2  0.278   89.4
2010 03 04  0.040  0.250 2  0.253   81.1
2010 03 05  0.043  0.225 2  0.229   73.4
2010 03 06  0.045  0.201 2  0.206   66.1
2010 03 07  0.047  0.179 2  0.185   59.3
2010 03 08  0.048  0.159 2  0.166   53.0
2010 03 09  0.050  0.140 2  0.148   47.2
2010 03 10  0.050  0.122 2  0.132   41.9
2010 03 11  0.051  0.105 2  0.116   36.9
2010 03 12  0.051  0.088 2  0.102   32.2
2010 03 13  0.051  0.073 2  0.089   27.8
2010 03 14  0.051  0.057 2  0.076   23.7
2010 03 15  0.051  0.041 1  0.065   20.0
2010 03 16  0.051  0.025 1  0.056   17.0
2010 03 17  0.050  0.008 1  0.051   15.1
2010 03 18  0.050 -0.009 8  0.051   15.0
2010 03 19  0.049 -0.027 8  0.057   17.1
2010 03 20  0.049 -0.047 8  0.067   20.8
2010 03 21  0.048 -0.066 7  0.082   25.6
2010 03 22  0.047 -0.087 7  0.099   31.2
2010 03 23  0.045 -0.108 7  0.117   37.3
2010 03 24  0.043 -0.130 7  0.137   43.6
2010 03 25  0.040 -0.151 7  0.156   50.0
2010 03 26  0.036 -0.172 7  0.176   56.4
2010 03 27  0.031 -0.193 7  0.195   62.6
2010 03 28  0.024 -0.212 7  0.213   68.5
2010 03 29  0.016 -0.230 7  0.231   74.1
2010 03 30  0.005 -0.247 7  0.247   79.3
2010 03 31 -0.007 -0.261 6  0.261   84.0
2010 04 01 -0.021 -0.274 6  0.275   88.3
2010 04 02 -0.037 -0.284 6  0.287   92.2
2010 04 03 -0.055 -0.293 6  0.298   95.6
2010 04 04 -0.075 -0.300 6  0.309   98.9
2010 04 05 -0.096 -0.304 6  0.319  101.9
2010 04 06 -0.117 -0.308 6  0.329  104.7
2010 04 07 -0.138 -0.310 6  0.339  107.5
2010 04 08 -0.158 -0.311 6  0.348  110.2
2010 04 09 -0.176 -0.311 6  0.358  112.7
2010 04 10 -0.192 -0.311 6  0.366  115.0
2010 04 11 -0.204 -0.311 6  0.372  116.8
2010 04 12 -0.210 -0.312 6  0.376  117.9
2010 04 13 -0.211 -0.312 6  0.377  118.2
2010 04 14 -0.205 -0.313 6  0.374  117.4
2010 04 15 -0.192 -0.313 6  0.367  115.5
2010 04 16 -0.169 -0.313 6  0.356  112.4
2010 04 17 -0.138 -0.312 6  0.341  108.2
2010 04 18 -0.098 -0.309 6  0.324  103.4
2010 04 19 -0.050 -0.303 6  0.307   98.5
2010 04 20  0.007 -0.293 7  0.293   94.4
2010 04 21  0.070 -0.279 7  0.288   92.2
2010 04 22  0.139 -0.260 7  0.295   93.2
2010 04 23  0.212 -0.234 7  0.316   97.9
2010 04 24  0.286 -0.201 8  0.350  106.5
2010 04 25  0.359 -0.161 8  0.394  118.0
2010 04 26  0.428 -0.113 8  0.443  131.4
2010 04 27  0.489 -0.058 8  0.493  145.6
2010 04 28  0.541  0.004 1  0.541  159.6
2010 04 29  0.579  0.072 1  0.583  172.4
2010 04 30  0.601  0.144 1  0.618  183.3
2010 05 01  0.605  0.218 1  0.643  191.8
2010 05 02  0.588  0.293 1  0.657  197.5
2010 05 03  0.551  0.365 1  0.660  200.4
2010 05 04  0.491  0.432 1  0.654  200.7
2010 05 05  0.411  0.491 2  0.640  199.0
2010 05 06  0.312  0.539 2  0.622  196.1
2010 05 07  0.195  0.574 2  0.606  193.3
2010 05 08  0.066  0.593 2  0.597  191.7
2010 05 09 -0.072  0.595 3  0.600  192.6
2010 05 10 -0.214  0.579 3  0.618  196.8
2010 05 11 -0.355  0.545 3  0.650  204.2
2010 05 12 -0.487  0.493 3  0.693  214.1
2010 05 13 -0.607  0.425 4  0.741  225.2
2010 05 14 -0.707  0.342 4  0.786  236.0
2010 05 15 -0.784  0.248 4  0.823  244.8
2010 05 16 -0.833  0.147 4  0.846  250.5
2010 05 17 -0.852  0.042 4  0.853  251.9
2010 05 18 -0.838 -0.062 5  0.841  248.3
2010 05 19 -0.792 -0.160 5  0.808  239.5
2010 05 20 -0.715 -0.248 5  0.757  225.7
2010 05 21 -0.609 -0.322 5  0.689  207.6
2010 05 22 -0.479 -0.379 5  0.611  186.7
2010 05 23 -0.329 -0.416 6  0.530  165.3
2010 05 24 -0.166 -0.431 6  0.461  146.9
2010 05 25  0.004 -0.423 7  0.423  135.9
2010 05 26  0.172 -0.393 7  0.429  136.1
2010 05 27  0.333 -0.342 7  0.477  147.4
2010 05 28  0.479 -0.272 8  0.551  166.4
2010 05 29  0.605 -0.188 8  0.633  188.5
2010 05 30  0.705 -0.094 8  0.711  210.1
2010 05 31  0.775  0.007 1  0.775  228.6
2010 06 01  0.812  0.108 1  0.820  242.3
2010 06 02  0.817  0.205 1  0.843  250.1
2010 06 03  0.790  0.293 1  0.843  251.5
2010 06 04  0.732  0.367 1  0.819  246.3
2010 06 05  0.649  0.424 1  0.775  234.9
2010 06 06  0.543  0.460 1  0.711  218.0
2010 06 07  0.421  0.474 2  0.634  196.6
2010 06 08  0.289  0.465 2  0.548  172.2
2010 06 09  0.154  0.434 2  0.461  146.9
2010 06 10  0.023  0.382 2  0.383  123.2
2010 06 11 -0.100  0.313 3  0.328  104.9
2010 06 12 -0.209  0.229 3  0.310   95.9
2010 06 13 -0.299  0.134 4  0.328   98.2
2010 06 14 -0.367  0.034 4  0.369  109.0
2010 06 15 -0.413 -0.067 5  0.418  123.8
2010 06 16 -0.434 -0.165 5  0.465  138.8
2010 06 17 -0.433 -0.254 5  0.502  151.8
2010 06 18 -0.411 -0.332 5  0.528  161.6
2010 06 19 -0.372 -0.394 6  0.542  167.6
2010 06 20 -0.318 -0.439 6  0.542  169.5
2010 06 21 -0.255 -0.465 6  0.530  167.3
2010 06 22 -0.186 -0.472 6  0.507  161.4
2010 06 23 -0.116 -0.461 6  0.475  152.1
2010 06 24 -0.048 -0.432 6  0.435  139.8
2010 06 25  0.013 -0.389 7  0.389  125.1
2010 06 26  0.065 -0.333 7  0.339  108.7
2010 06 27  0.107 -0.267 7  0.288   91.5
2010 06 28  0.137 -0.195 7  0.239   74.7
2010 06 29  0.156 -0.119 8  0.197   60.0
2010 06 30  0.164 -0.043 8  0.170   50.4
2010 07 01  0.163  0.032 1  0.166   49.2
2010 07 02  0.154  0.103 1  0.185   56.2
2010 07 03  0.140  0.169 2  0.219   68.2
2010 07 04  0.121  0.229 2  0.259   81.9
2010 07 05  0.101  0.282 2  0.300   95.6
2010 07 06  0.081  0.329 2  0.339  108.6
2010 07 07  0.060  0.370 2  0.375  120.4
2010 07 08  0.041  0.405 2  0.407  130.8
2010 07 09  0.022  0.434 2  0.435  139.8
2010 07 10  0.004  0.458 2  0.458  147.4
2010 07 11 -0.016  0.477 3  0.477  153.5
2010 07 12 -0.039  0.491 3  0.492  158.2
2010 07 13 -0.065  0.498 3  0.503  161.4
2010 07 14 -0.097  0.499 3  0.508  163.0
2010 07 15 -0.135  0.492 3  0.510  163.1
2010 07 16 -0.181  0.475 3  0.508  161.8
2010 07 17 -0.233  0.447 3  0.504  159.5
2010 07 18 -0.292  0.407 3  0.501  156.8
2010 07 19 -0.356  0.353 4  0.501  154.7
2010 07 20 -0.422  0.285 4  0.509  154.6
2010 07 21 -0.487  0.202 4  0.527  157.8
2010 07 22 -0.548  0.105 4  0.558  165.2
2010 07 23 -0.601 -0.005 5  0.601  177.4
2010 07 24 -0.642 -0.126 5  0.654  193.8
2010 07 25 -0.668 -0.255 5  0.715  213.5
2010 07 26 -0.674 -0.389 5  0.779  235.1
2010 07 27 -0.659 -0.524 5  0.842  257.4
2010 07 28 -0.622 -0.654 6  0.902  279.0
2010 07 29 -0.560 -0.775 6  0.956  299.0
2010 07 30 -0.476 -0.881 6  1.002  316.3
2010 07 31 -0.372 -0.969 6  1.037  330.2
2010 08 01 -0.250 -1.033 6  1.063  340.3
2010 08 02 -0.114 -1.071 6  1.077  346.1
2010 08 03  0.029 -1.080 7  1.080  347.4
2010 08 04  0.174 -1.059 7  1.073  344.3
2010 08 05  0.315 -1.007 7  1.055  336.9
2010 08 06  0.445 -0.926 7  1.028  325.6
2010 08 07  0.559 -0.819 7  0.992  310.9
2010 08 08  0.652 -0.689 7  0.949  293.6
2010 08 09  0.720 -0.541 8  0.901  274.7
2010 08 10  0.759 -0.381 8  0.849  255.3
2010 08 11  0.768 -0.214 8  0.797  236.9
2010 08 12  0.747 -0.048 8  0.748  221.0
2010 08 13  0.697  0.113 1  0.707  209.0
2010 08 14  0.622  0.261 1  0.675  202.0
2010 08 15  0.526  0.392 1  0.656  200.0
2010 08 16  0.413  0.501 2  0.649  202.0
2010 08 17  0.290  0.585 2  0.653  206.6
2010 08 18  0.162  0.642 2  0.662  211.8
2010 08 19  0.037  0.670 2  0.671  215.7
2010 08 20 -0.081  0.670 3  0.675  216.9
2010 08 21 -0.185  0.645 3  0.671  214.4
2010 08 22 -0.271  0.595 3  0.654  207.5
2010 08 23 -0.336  0.526 3  0.624  196.0
2010 08 24 -0.379  0.439 3  0.580  180.2
2010 08 25 -0.398  0.341 4  0.524  160.7
2010 08 26 -0.394  0.235 4  0.459  138.8
2010 08 27 -0.369  0.127 4  0.390  116.4
2010 08 28 -0.326  0.019 4  0.327   96.6
2010 08 29 -0.269 -0.085 5  0.282   84.0
2010 08 30 -0.202 -0.181 5  0.271   83.3
2010 08 31 -0.128 -0.268 6  0.297   94.0
2010 09 01 -0.052 -0.343 6  0.347  111.4
2010 09 02  0.021 -0.406 7  0.407  130.8
2010 09 03  0.090 -0.457 7  0.466  149.4
2010 09 04  0.151 -0.496 7  0.518  165.5
2010 09 05  0.204 -0.522 7  0.560  178.3
2010 09 06  0.247 -0.537 7  0.591  187.4
2010 09 07  0.281 -0.541 7  0.610  192.8
2010 09 08  0.307 -0.535 7  0.617  194.4
2010 09 09  0.327 -0.518 7  0.613  192.6
2010 09 10  0.343 -0.491 7  0.599  187.6
2010 09 11  0.357 -0.454 7  0.577  179.9
2010 09 12  0.370 -0.405 7  0.548  169.9
2010 09 13  0.384 -0.344 8  0.516  158.5
2010 09 14  0.401 -0.271 8  0.484  147.0
2010 09 15  0.420 -0.185 8  0.459  137.4
2010 09 16  0.440 -0.085 8  0.448  132.7
2010 09 17  0.460  0.029 1  0.461  136.2
2010 09 18  0.478  0.155 1  0.503  149.7
2010 09 19  0.491  0.292 1  0.572  172.8
2010 09 20  0.495  0.439 1  0.662  203.2
2010 09 21  0.488  0.591 2  0.766  238.5
2010 09 22  0.464  0.746 2  0.879  276.2
2010 09 23  0.423  0.897 2  0.992  314.5
2010 09 24  0.361  1.041 2  1.102  351.4
2010 09 25  0.278  1.172 2  1.204  385.6
2010 09 26  0.173  1.283 2  1.295  415.8
2010 09 27  0.047  1.370 2  1.371  440.7
2010 09 28 -0.096  1.427 3  1.430  459.8
2010 09 29 -0.254  1.450 3  1.472  472.4
2010 09 30 -0.420  1.437 3  1.497  478.4
2010 10 01 -0.589  1.384 3  1.504  477.9
2010 10 02 -0.754  1.292 3  1.496  471.4
2010 10 03 -0.909  1.162 3  1.475  459.9
2010 10 04 -1.044  0.996 4  1.443  444.5
2010 10 05 -1.155  0.798 4  1.404  426.7
2010 10 06 -1.234  0.575 4  1.362  408.5
2010 10 07 -1.277  0.333 4  1.320  391.9
2010 10 08 -1.280  0.080 4  1.283  378.7
2010 10 09 -1.241 -0.175 5  1.254  370.7
2010 10 10 -1.161 -0.425 5  1.236  368.9
2010 10 11 -1.040 -0.661 5  1.232  373.3
2010 10 12 -0.883 -0.873 5  1.242  383.1
2010 10 13 -0.694 -1.057 6  1.264  396.8
2010 10 14 -0.481 -1.205 6  1.297  412.6
2010 10 15 -0.252 -1.313 6  1.337  428.6
2010 10 16 -0.015 -1.378 6  1.378  443.3
2010 10 17  0.219 -1.401 7  1.418  455.1
2010 10 18  0.443 -1.381 7  1.450  462.9
2010 10 19  0.647 -1.321 7  1.471  465.9
2010 10 20  0.824 -1.227 7  1.478  463.4
2010 10 21  0.966 -1.102 7  1.466  455.0
2010 10 22  1.070 -0.955 8  1.434  440.6
2010 10 23  1.132 -0.793 8  1.382  420.3
2010 10 24  1.151 -0.623 8  1.309  394.5
2010 10 25  1.128 -0.454 8  1.216  363.7
2010 10 26  1.066 -0.294 8  1.106  328.5
2010 10 27  0.970 -0.147 8  0.981  290.1
2010 10 28  0.845 -0.021 8  0.845  249.4
2010 10 29  0.699  0.080 1  0.703  207.8
2010 10 30  0.540  0.154 1  0.561  166.8
2010 10 31  0.376  0.199 1  0.425  128.1
2010 11 01  0.216  0.216 2  0.306   94.3
2010 11 02  0.067  0.207 2  0.218   69.5
2010 11 03 -0.064  0.175 3  0.186   59.3
2010 11 04 -0.170  0.124 4  0.211   64.1
2010 11 05 -0.248  0.060 4  0.255   75.8
2010 11 06 -0.296 -0.012 5  0.296   87.4
2010 11 07 -0.311 -0.085 5  0.323   95.9
2010 11 08 -0.296 -0.154 5  0.334  100.5
2010 11 09 -0.253 -0.213 5  0.330  101.2
2010 11 10 -0.185 -0.256 6  0.316   98.9
2010 11 11 -0.099 -0.282 6  0.298   95.1
2010 11 12  0.001 -0.285 7  0.285   91.7
2010 11 13  0.107 -0.266 7  0.287   91.2
2010 11 14  0.212 -0.224 7  0.309   95.5
2010 11 15  0.309 -0.161 8  0.348  104.9
2010 11 16  0.393 -0.078 8  0.400  118.6
2010 11 17  0.457  0.020 1  0.457  135.0
2010 11 18  0.497  0.130 1  0.514  152.5
2010 11 19  0.511  0.245 1  0.566  170.1
2010 11 20  0.496  0.361 1  0.613  186.8
2010 11 21  0.452  0.472 2  0.654  202.2
2010 11 22  0.382  0.573 2  0.688  215.9
2010 11 23  0.287  0.658 2  0.718  227.9
2010 11 24  0.172  0.724 2  0.744  238.3
2010 11 25  0.042  0.767 2  0.768  246.9
2010 11 26 -0.097  0.785 3  0.791  254.1
2010 11 27 -0.239  0.777 3  0.813  259.7
2010 11 28 -0.378  0.743 3  0.834  263.9
2010 11 29 -0.507  0.685 3  0.853  266.4
2010 11 30 -0.621  0.605 4  0.867  267.2
2010 12 01 -0.714  0.505 4  0.874  266.0
2010 12 02 -0.782  0.391 4  0.874  262.9
2010 12 03 -0.823  0.267 4  0.865  257.6
2010 12 04 -0.835  0.138 4  0.846  250.4
2010 12 05 -0.818  0.009 4  0.818  241.3
2010 12 06 -0.772 -0.115 5  0.781  231.0
2010 12 07 -0.701 -0.229 5  0.738  219.8
2010 12 08 -0.608 -0.330 5  0.692  208.6
2010 12 09 -0.498 -0.413 5  0.647  198.1
2010 12 10 -0.375 -0.477 6  0.606  189.0
2010 12 11 -0.244 -0.519 6  0.574  181.9
2010 12 12 -0.113 -0.540 6  0.552  176.9
2010 12 13  0.014 -0.540 7  0.540  173.6
2010 12 14  0.131 -0.519 7  0.535  171.4
2010 12 15  0.234 -0.481 7  0.535  169.3
2010 12 16  0.319 -0.427 7  0.533  166.5
2010 12 17  0.383 -0.361 8  0.526  162.1
2010 12 18  0.425 -0.286 8  0.512  155.5
2010 12 19  0.442 -0.207 8  0.489  146.6
2010 12 20  0.437 -0.127 8  0.455  135.3
2010 12 21  0.410 -0.048 8  0.413  122.0
2010 12 22  0.363  0.024 1  0.364  107.5
2010 12 23  0.301  0.089 1  0.314   93.2
2010 12 24  0.225  0.144 1  0.267   81.0
2010 12 25  0.141  0.188 2  0.235   73.3
2010 12 26  0.053  0.219 2  0.225   72.1
2010 12 27 -0.035  0.238 3  0.240   77.1
2010 12 28 -0.119  0.244 3  0.272   86.1
2010 12 29 -0.195  0.240 3  0.310   96.4
2010 12 30 -0.260  0.226 4  0.345  105.9
2010 12 31 -0.312  0.205 4  0.373  113.2
2011 01 01 -0.348  0.177 4  0.390  117.4
2011 01 02 -0.368  0.145 4  0.396  118.2
2011 01 03 -0.371  0.111 4  0.388  115.3
2011 01 04 -0.359  0.077 4  0.367  108.9
2011 01 05 -0.332  0.045 4  0.335   99.1
2011 01 06 -0.293  0.015 4  0.293   86.5
2011 01 07 -0.243 -0.010 5  0.243   71.8
2011 01 08 -0.186 -0.032 5  0.189   55.8
2011 01 09 -0.124 -0.048 5  0.133   39.9
2011 01 10 -0.061 -0.061 5  0.086   26.6
2011 01 11  0.001 -0.069 7  0.069   22.1
2011 01 12  0.059 -0.074 7  0.094   29.4
2011 01 13  0.111 -0.076 8  0.135   40.9
2011 01 14  0.155 -0.077 8  0.173   52.1
2011 01 15  0.191 -0.078 8  0.206   61.6
2011 01 16  0.216 -0.079 8  0.230   68.7
2011 01 17  0.232 -0.082 8  0.246   73.4
2011 01 18  0.239 -0.087 8  0.254   75.8
2011 01 19  0.237 -0.094 8  0.255   76.2
2011 01 20  0.228 -0.103 8  0.250   75.1
2011 01 21  0.214 -0.115 8  0.243   73.1
2011 01 22  0.195 -0.127 8  0.233   70.8
2011 01 23  0.175 -0.141 8  0.225   68.7
2011 01 24  0.155 -0.153 8  0.218   67.1
2011 01 25  0.136 -0.163 7  0.212   66.0
2011 01 26  0.119 -0.170 7  0.208   65.1
2011 01 27  0.106 -0.173 7  0.203   63.7
2011 01 28  0.097 -0.169 7  0.195   61.4
2011 01 29  0.092 -0.159 7  0.183   57.8
2011 01 30  0.091 -0.141 7  0.168   52.6
2011 01 31  0.094 -0.115 7  0.148   46.1
2011 02 01  0.099 -0.081 8  0.127   39.0
2011 02 02  0.105 -0.039 8  0.112   33.5
2011 02 03  0.111  0.009 1  0.112   33.0
2011 02 04  0.116  0.062 1  0.132   39.7
2011 02 05  0.118  0.119 2  0.168   51.8
2011 02 06  0.116  0.177 2  0.212   66.5
2011 02 07  0.109  0.235 2  0.259   82.2
2011 02 08  0.097  0.290 2  0.305   97.4
2011 02 09  0.078  0.339 2  0.348  111.4
2011 02 10  0.053  0.380 2  0.384  123.3
2011 02 11  0.023  0.412 2  0.413  132.7
2011 02 12 -0.012  0.432 3  0.432  139.0
2011 02 13 -0.050  0.439 3  0.442  142.0
2011 02 14 -0.090  0.433 3  0.442  141.6
2011 02 15 -0.130  0.412 3  0.432  137.9
2011 02 16 -0.168  0.377 3  0.413  131.1
2011 02 17 -0.202  0.330 3  0.387  121.7
2011 02 18 -0.230  0.271 3  0.356  110.5
2011 02 19 -0.250  0.203 4  0.322   98.5
2011 02 20 -0.260  0.128 4  0.290   87.2
2011 02 21 -0.260  0.050 4  0.265   78.3
2011 02 22 -0.248 -0.029 5  0.250   73.8
2011 02 23 -0.224 -0.106 5  0.248   74.4
2011 02 24 -0.189 -0.177 5  0.259   79.6
2011 02 25 -0.143 -0.238 6  0.278   87.5
2011 02 26 -0.087 -0.288 6  0.301   96.2
2011 02 27 -0.025 -0.323 6  0.324  104.3
2011 02 28  0.042 -0.343 7  0.345  110.9
2011 03 01  0.111 -0.345 7  0.362  115.6
2011 03 02  0.179 -0.329 7  0.375  118.3
2011 03 03  0.242 -0.297 7  0.383  119.1
2011 03 04  0.297 -0.248 8  0.387  118.5
2011 03 05  0.341 -0.186 8  0.389  117.2
2011 03 06  0.372 -0.113 8  0.389  115.7
2011 03 07  0.388 -0.031 8  0.389  115.0
2011 03 08  0.387  0.054 1  0.391  115.5
2011 03 09  0.368  0.140 1  0.394  117.5
2011 03 10  0.332  0.221 1  0.399  121.0
2011 03 11  0.279  0.295 2  0.406  125.6
2011 03 12  0.210  0.357 2  0.415  130.6
2011 03 13  0.130  0.405 2  0.425  135.7
2011 03 14  0.039  0.435 2  0.437  140.3
2011 03 15 -0.057  0.446 3  0.449  144.4
2011 03 16 -0.157  0.436 3  0.464  147.8
2011 03 17 -0.254  0.407 3  0.480  150.8
2011 03 18 -0.346  0.358 3  0.498  153.9
2011 03 19 -0.429  0.290 4  0.518  157.4
2011 03 20 -0.500  0.207 4  0.541  162.0
2011 03 21 -0.556  0.112 4  0.567  167.9
2011 03 22 -0.594  0.007 4  0.594  175.3
2011 03 23 -0.613 -0.103 5  0.622  183.9
2011 03 24 -0.613 -0.215 5  0.649  193.6
2011 03 25 -0.593 -0.323 5  0.675  203.6
2011 03 26 -0.554 -0.426 5  0.699  213.3
2011 03 27 -0.498 -0.518 6  0.719  222.3
2011 03 28 -0.427 -0.598 6  0.735  229.9
2011 03 29 -0.343 -0.662 6  0.746  235.8
2011 03 30 -0.249 -0.710 6  0.752  239.7
2011 03 31 -0.147 -0.739 6  0.753  241.6
2011 04 01 -0.042 -0.750 6  0.751  241.4
2011 04 02  0.065 -0.742 7  0.745  239.4
2011 04 03  0.170 -0.717 7  0.737  236.1
2011 04 04  0.271 -0.676 7  0.729  231.7
2011 04 05  0.366 -0.621 7  0.720  226.9
2011 04 06  0.452 -0.553 7  0.714  222.2
2011 04 07  0.527 -0.475 8  0.710  218.0
2011 04 08  0.592 -0.389 8  0.708  214.8
2011 04 09  0.643 -0.297 8  0.709  212.6
2011 04 10  0.682 -0.202 8  0.711  211.6
2011 04 11  0.707 -0.106 8  0.715  211.4
2011 04 12  0.718 -0.010 8  0.718  211.9
2011 04 13  0.715  0.084 1  0.720  212.7
2011 04 14  0.698  0.174 1  0.719  213.4
2011 04 15  0.667  0.259 1  0.716  213.8
2011 04 16  0.623  0.338 1  0.709  213.6
2011 04 17  0.566  0.409 1  0.699  212.7
2011 04 18  0.497  0.473 1  0.686  211.3
2011 04 19  0.417  0.528 2  0.672  209.5
2011 04 20  0.326  0.573 2  0.659  207.8
2011 04 21  0.226  0.608 2  0.649  206.5
2011 04 22  0.120  0.632 2  0.643  206.3
2011 04 23  0.007  0.645 2  0.645  207.4
2011 04 24 -0.108  0.647 3  0.656  210.4
2011 04 25 -0.225  0.637 3  0.675  215.2
2011 04 26 -0.339  0.615 3  0.702  221.7
2011 04 27 -0.449  0.582 3  0.735  229.3
2011 04 28 -0.551  0.538 4  0.770  237.4
2011 04 29 -0.643  0.483 4  0.804  245.2
2011 04 30 -0.721  0.419 4  0.834  251.9
2011 05 01 -0.784  0.346 4  0.856  256.6
2011 05 02 -0.827  0.266 4  0.869  258.7
2011 05 03 -0.850  0.181 4  0.869  257.5
2011 05 04 -0.850  0.093 4  0.855  252.7
2011 05 05 -0.827  0.003 4  0.827  244.1
2011 05 06 -0.780 -0.085 5  0.784  231.7
2011 05 07 -0.708 -0.171 5  0.728  216.1
2011 05 08 -0.613 -0.250 5  0.662  198.1
2011 05 09 -0.497 -0.321 5  0.592  179.4
2011 05 10 -0.361 -0.382 6  0.525  162.5
2011 05 11 -0.209 -0.429 6  0.477  151.2
2011 05 12 -0.044 -0.462 6  0.464  149.2
2011 05 13  0.129 -0.479 7  0.496  158.7
2011 05 14  0.306 -0.478 7  0.568  178.4
2011 05 15  0.482 -0.460 8  0.666  205.2
2011 05 16  0.650 -0.423 8  0.776  235.3
2011 05 17  0.806 -0.369 8  0.887  265.9
2011 05 18  0.945 -0.298 8  0.990  294.8
2011 05 19  1.060 -0.212 8  1.081  320.2
2011 05 20  1.148 -0.113 8  1.153  340.7
2011 05 21  1.204 -0.005 8  1.204  355.4
2011 05 22  1.226  0.110 1  1.231  363.6
2011 05 23  1.211  0.228 1  1.233  365.0
2011 05 24  1.159  0.345 1  1.209  359.7
2011 05 25  1.070  0.456 1  1.163  348.2
2011 05 26  0.945  0.557 1  1.097  331.5
2011 05 27  0.787  0.645 1  1.018  311.5
2011 05 28  0.601  0.716 2  0.935  290.6
2011 05 29  0.391  0.765 2  0.859  271.8
2011 05 30  0.163  0.792 2  0.808  259.1
2011 05 31 -0.075  0.793 3  0.796  255.9
2011 06 01 -0.316  0.767 3  0.830  263.7
2011 06 02 -0.553  0.715 3  0.904  281.9
2011 06 03 -0.778  0.636 4  1.005  307.7
2011 06 04 -0.984  0.533 4  1.119  337.4
2011 06 05 -1.164  0.409 4  1.234  367.9
2011 06 06 -1.312  0.266 4  1.339  396.6
2011 06 07 -1.423  0.109 4  1.427  421.6
2011 06 08 -1.494 -0.057 5  1.495  441.5
2011 06 09 -1.523 -0.227 5  1.540  455.5
2011 06 10 -1.509 -0.397 5  1.560  463.3
2011 06 11 -1.453 -0.559 5  1.557  465.0
2011 06 12 -1.357 -0.709 5  1.531  461.0
2011 06 13 -1.226 -0.842 5  1.487  452.0
2011 06 14 -1.063 -0.954 5  1.429  438.9
2011 06 15 -0.875 -1.042 6  1.361  423.1
2011 06 16 -0.669 -1.102 6  1.289  405.6
2011 06 17 -0.450 -1.132 6  1.219  387.7
2011 06 18 -0.228 -1.133 6  1.156  370.5
2011 06 19 -0.008 -1.104 6  1.104  355.0
2011 06 20  0.203 -1.046 7  1.066  341.7
2011 06 21  0.399 -0.962 7  1.041  330.9
2011 06 22  0.575 -0.854 7  1.029  322.7
2011 06 23  0.726 -0.726 8  1.026  316.7
2011 06 24  0.849 -0.581 8  1.029  312.8
2011 06 25  0.944 -0.425 8  1.035  310.4
2011 06 26  1.009 -0.262 8  1.042  309.4
2011 06 27  1.044 -0.095 8  1.048  309.6
2011 06 28  1.050  0.070 1  1.053  310.8
2011 06 29  1.031  0.229 1  1.056  313.1
2011 06 30  0.988  0.380 1  1.059  316.2
2011 07 01  0.925  0.518 1  1.060  319.9
2011 07 02  0.845  0.642 1  1.062  323.9
2011 07 03  0.752  0.750 1  1.062  327.8
2011 07 04  0.650  0.839 2  1.061  331.0
2011 07 05  0.541  0.909 2  1.058  333.1
2011 07 06  0.428  0.960 2  1.051  333.6
2011 07 07  0.315  0.991 2  1.040  332.1
2011 07 08  0.203  1.004 2  1.024  328.2
2011 07 09  0.094  0.997 2  1.001  321.8
2011 07 10 -0.011  0.973 3  0.973  312.8
2011 07 11 -0.111  0.932 3  0.938  301.4
2011 07 12 -0.204  0.875 3  0.898  287.7
2011 07 13 -0.290  0.804 3  0.854  272.2
2011 07 14 -0.368  0.719 3  0.808  255.5
2011 07 15 -0.439  0.622 3  0.762  238.4
2011 07 16 -0.501  0.515 3  0.719  222.0
2011 07 17 -0.553  0.399 4  0.682  207.7
2011 07 18 -0.595  0.276 4  0.656  196.8
2011 07 19 -0.627  0.146 4  0.643  190.8
2011 07 20 -0.646  0.014 4  0.646  190.6
2011 07 21 -0.652 -0.120 5  0.663  196.2
2011 07 22 -0.644 -0.253 5  0.692  206.8
2011 07 23 -0.622 -0.382 5  0.730  220.9
2011 07 24 -0.585 -0.505 5  0.773  237.0
2011 07 25 -0.533 -0.618 6  0.817  253.6
2011 07 26 -0.468 -0.720 6  0.858  269.5
2011 07 27 -0.389 -0.806 6  0.895  283.5
2011 07 28 -0.299 -0.876 6  0.925  295.0
2011 07 29 -0.199 -0.925 6  0.947  303.3
2011 07 30 -0.093 -0.954 6  0.959  308.1
2011 07 31  0.016 -0.961 7  0.961  309.0
2011 08 01  0.126 -0.945 7  0.953  306.0
2011 08 02  0.231 -0.906 7  0.935  299.2
2011 08 03  0.329 -0.846 7  0.907  288.7
2011 08 04  0.415 -0.765 7  0.871  274.9
2011 08 05  0.487 -0.668 7  0.826  258.4
2011 08 06  0.542 -0.555 7  0.776  239.8
2011 08 07  0.578 -0.432 8  0.722  220.1
2011 08 08  0.593 -0.302 8  0.666  200.3
2011 08 09  0.588 -0.170 8  0.611  181.8
2011 08 10  0.561 -0.038 8  0.563  166.2
2011 08 11  0.516  0.087 1  0.524  154.9
2011 08 12  0.454  0.203 1  0.498  149.1
2011 08 13  0.379  0.306 1  0.487  148.8
2011 08 14  0.292  0.393 2  0.490  153.0
2011 08 15  0.200  0.462 2  0.504  159.9
2011 08 16  0.104  0.513 2  0.523  167.8
2011 08 17  0.011  0.544 2  0.544  174.9
2011 08 18 -0.077  0.556 3  0.561  180.2
2011 08 19 -0.157  0.550 3  0.571  182.7
2011 08 20 -0.224  0.527 3  0.573  182.0
2011 08 21 -0.279  0.491 3  0.565  178.1
2011 08 22 -0.318  0.444 3  0.546  170.9
2011 08 23 -0.342  0.389 3  0.518  160.8
2011 08 24 -0.351  0.330 4  0.482  148.3
2011 08 25 -0.347  0.269 4  0.439  133.9
2011 08 26 -0.330  0.209 4  0.391  118.4
2011 08 27 -0.305  0.153 4  0.341  102.4
2011 08 28 -0.272  0.102 4  0.291   86.8
2011 08 29 -0.235  0.060 4  0.243   72.1
2011 08 30 -0.198  0.025 4  0.199   58.9
2011 08 31 -0.161  0.000 4  0.161   47.6
2011 09 01 -0.129 -0.016 5  0.130   38.4
2011 09 02 -0.102 -0.025 5  0.105   31.1
2011 09 03 -0.082 -0.026 5  0.086   25.7
2011 09 04 -0.071 -0.021 5  0.074   21.9
2011 09 05 -0.067 -0.012 5  0.068   20.2
2011 09 06 -0.071  0.000 4  0.071   21.1
2011 09 07 -0.082  0.014 4  0.084   24.7
2011 09 08 -0.099  0.027 4  0.103   30.5
2011 09 09 -0.120  0.038 4  0.126   37.5
2011 09 10 -0.143  0.047 4  0.150   44.8
2011 09 11 -0.167  0.051 4  0.174   51.9
2011 09 12 -0.189  0.051 4  0.196   58.3
2011 09 13 -0.209  0.046 4  0.214   63.5
2011 09 14 -0.225  0.036 4  0.228   67.5
2011 09 15 -0.236  0.021 4  0.237   70.0
2011 09 16 -0.242  0.000 4  0.242   71.3
2011 09 17 -0.241 -0.026 5  0.243   71.7
2011 09 18 -0.235 -0.056 5  0.242   71.8
2011 09 19 -0.224 -0.091 5  0.242   72.3
2011 09 20 -0.208 -0.130 5  0.245   74.3
2011 09 21 -0.187 -0.173 5  0.255   78.5
2011 09 22 -0.163 -0.220 6  0.273   85.5
2011 09 23 -0.135 -0.269 6  0.301   95.3
2011 09 24 -0.104 -0.321 6  0.338  107.8
2011 09 25 -0.071 -0.375 6  0.382  122.5
2011 09 26 -0.035 -0.430 6  0.432  138.8
2011 09 27  0.003 -0.486 7  0.486  156.2
2011 09 28  0.045 -0.540 7  0.542  174.1
2011 09 29  0.090 -0.592 7  0.599  192.2
2011 09 30  0.139 -0.640 7  0.655  210.0
2011 10 01  0.192 -0.683 7  0.710  227.0
2011 10 02  0.251 -0.719 7  0.761  242.7
2011 10 03  0.315 -0.745 7  0.809  256.9
2011 10 04  0.384 -0.759 7  0.851  269.2
2011 10 05  0.458 -0.760 7  0.887  279.3
2011 10 06  0.537 -0.745 7  0.918  287.3
2011 10 07  0.619 -0.713 7  0.944  293.0
2011 10 08  0.702 -0.661 8  0.964  296.9
2011 10 09  0.785 -0.590 8  0.982  299.3
2011 10 10  0.864 -0.498 8  0.997  301.1
2011 10 11  0.937 -0.386 8  1.013  303.0
2011 10 12  1.000 -0.254 8  1.032  306.2
2011 10 13  1.050 -0.104 8  1.055  311.7
2011 10 14  1.083  0.061 1  1.085  320.3
2011 10 15  1.096  0.238 1  1.122  332.5
2011 10 16  1.086  0.423 1  1.166  348.3
2011 10 17  1.050  0.613 1  1.216  367.2
2011 10 18  0.986  0.800 1  1.270  388.6
2011 10 19  0.894  0.981 2  1.327  411.3
2011 10 20  0.772  1.149 2  1.385  434.2
2011 10 21  0.624  1.299 2  1.441  456.4
2011 10 22  0.449  1.424 2  1.493  476.8
2011 10 23  0.253  1.520 2  1.541  494.6
2011 10 24  0.040  1.583 2  1.583  509.1
2011 10 25 -0.185  1.608 3  1.619  520.1
2011 10 26 -0.415  1.594 3  1.648  527.2
2011 10 27 -0.644  1.540 3  1.669  530.3
2011 10 28 -0.863  1.445 3  1.683  529.8
2011 10 29 -1.065  1.311 3  1.689  525.9
2011 10 30 -1.243  1.141 4  1.688  519.0
2011 10 31 -1.390  0.940 4  1.678  509.7
2011 11 01 -1.500  0.714 4  1.661  498.7
2011 11 02 -1.568  0.469 4  1.637  486.8
2011 11 03 -1.591  0.213 4  1.605  474.5
2011 11 04 -1.566 -0.045 5  1.567  462.5
2011 11 05 -1.494 -0.298 5  1.524  451.3
2011 11 06 -1.377 -0.536 5  1.478  441.5
2011 11 07 -1.218 -0.752 5  1.431  433.2
2011 11 08 -1.022 -0.938 5  1.387  426.6
2011 11 09 -0.796 -1.088 6  1.348  421.4
2011 11 10 -0.547 -1.197 6  1.316  417.5
2011 11 11 -0.286 -1.261 6  1.293  414.3
2011 11 12 -0.021 -1.280 6  1.280  411.5
2011 11 13  0.238 -1.251 7  1.274  408.5
2011 11 14  0.482 -1.179 7  1.274  404.9
2011 11 15  0.700 -1.066 7  1.275  400.2
2011 11 16  0.886 -0.917 7  1.275  394.2
2011 11 17  1.033 -0.739 8  1.270  386.6
2011 11 18  1.136 -0.540 8  1.258  377.5
2011 11 19  1.191 -0.328 8  1.235  367.0
2011 11 20  1.198 -0.113 8  1.203  355.4
2011 11 21  1.157  0.098 1  1.162  343.1
2011 11 22  1.073  0.296 1  1.113  330.6
2011 11 23  0.948  0.472 1  1.059  318.3
2011 11 24  0.791  0.619 1  1.005  306.9
2011 11 25  0.608  0.734 2  0.953  296.5
2011 11 26  0.409  0.811 2  0.908  287.4
2011 11 27  0.203  0.848 2  0.872  279.3
2011 11 28 -0.002  0.846 3  0.846  272.1
2011 11 29 -0.195  0.806 3  0.829  265.3
2011 11 30 -0.368  0.729 3  0.817  258.5
2011 12 01 -0.515  0.622 3  0.808  251.4
2011 12 02 -0.630  0.491 4  0.798  243.8
2011 12 03 -0.708  0.340 4  0.786  236.0
2011 12 04 -0.748  0.179 4  0.770  228.3
2011 12 05 -0.750  0.015 4  0.750  221.3
2011 12 06 -0.714 -0.146 5  0.729  215.8
2011 12 07 -0.644 -0.294 5  0.708  212.5
2011 12 08 -0.546 -0.426 5  0.692  211.5
2011 12 09 -0.425 -0.534 6  0.682  212.6
2011 12 10 -0.289 -0.615 6  0.679  215.3
2011 12 11 -0.145 -0.666 6  0.681  218.4
2011 12 12 -0.001 -0.686 6  0.686  220.6
2011 12 13  0.135 -0.676 7  0.689  221.0
2011 12 14  0.257 -0.637 7  0.686  218.3
2011 12 15  0.357 -0.572 7  0.674  211.9
2011 12 16  0.432 -0.485 7  0.650  201.5
2011 12 17  0.477 -0.383 8  0.611  186.9
2011 12 18  0.491 -0.269 8  0.560  168.8
2011 12 19  0.473 -0.151 8  0.497  147.9
2011 12 20  0.425 -0.035 8  0.427  126.1
2011 12 21  0.350  0.074 1  0.358  106.1
2011 12 22  0.252  0.170 1  0.304   92.3
2011 12 23  0.135  0.249 2  0.283   89.4
2011 12 24  0.007  0.307 2  0.307   98.6
2011 12 25 -0.127  0.341 3  0.364  115.9
2011 12 26 -0.259  0.351 3  0.436  136.3
2011 12 27 -0.383  0.336 4  0.510  156.4
2011 12 28 -0.493  0.297 4  0.576  174.2
2011 12 29 -0.584  0.237 4  0.630  188.4
2011 12 30 -0.651  0.158 4  0.670  198.7
2011 12 31 -0.690  0.065 4  0.693  204.8
2012 01 01 -0.700 -0.038 5  0.701  207.1
2012 01 02 -0.681 -0.145 5  0.696  206.3
2012 01 03 -0.632 -0.252 5  0.680  203.4
2012 01 04 -0.556 -0.353 5  0.659  199.6
2012 01 05 -0.457 -0.444 5  0.637  196.3
2012 01 06 -0.337 -0.520 6  0.620  194.6
2012 01 07 -0.202 -0.578 6  0.612  195.2
2012 01 08 -0.058 -0.615 6  0.618  198.5
2012 01 09  0.091 -0.629 7  0.635  203.9
2012 01 10  0.237 -0.618 7  0.662  210.7
2012 01 11  0.376 -0.583 7  0.694  217.9
2012 01 12  0.501 -0.525 7  0.726  224.6
2012 01 13  0.610 -0.446 8  0.755  230.1
2012 01 14  0.697 -0.347 8  0.779  234.1
2012 01 15  0.759 -0.234 8  0.794  236.4
2012 01 16  0.795 -0.108 8  0.802  237.3
2012 01 17  0.803  0.024 1  0.804  237.2
2012 01 18  0.783  0.160 1  0.799  236.8
2012 01 19  0.736  0.293 1  0.792  236.8
2012 01 20  0.663  0.420 1  0.785  237.9
2012 01 21  0.568  0.536 1  0.781  240.3
2012 01 22  0.453  0.636 2  0.781  244.3
2012 01 23  0.322  0.718 2  0.787  249.7
2012 01 24  0.179  0.779 2  0.799  255.9
2012 01 25  0.030  0.815 2  0.816  262.3
2012 01 26 -0.122  0.826 3  0.835  268.2
2012 01 27 -0.270  0.812 3  0.855  272.9
2012 01 28 -0.410  0.771 3  0.873  275.9
2012 01 29 -0.538  0.706 3  0.887  277.0
2012 01 30 -0.650  0.617 4  0.896  276.0
2012 01 31 -0.741  0.508 4  0.899  273.0
2012 02 01 -0.809  0.382 4  0.895  268.5
2012 02 02 -0.851  0.242 4  0.885  263.0
2012 02 03 -0.866  0.094 4  0.871  257.2
2012 02 04 -0.852 -0.060 5  0.854  252.1
2012 02 05 -0.810 -0.212 5  0.837  248.5
2012 02 06 -0.740 -0.359 5  0.822  247.0
2012 02 07 -0.644 -0.496 5  0.813  248.2
2012 02 08 -0.525 -0.618 6  0.811  252.1
2012 02 09 -0.386 -0.721 6  0.818  258.4
2012 02 10 -0.231 -0.802 6  0.834  266.6
2012 02 11 -0.064 -0.856 6  0.859  276.0
2012 02 12  0.110 -0.884 7  0.890  286.0
2012 02 13  0.285 -0.882 7  0.927  295.8
2012 02 14  0.457 -0.851 7  0.966  305.1
2012 02 15  0.620 -0.791 7  1.005  313.4
2012 02 16  0.768 -0.704 8  1.042  320.5
2012 02 17  0.898 -0.593 8  1.076  326.5
2012 02 18  1.004 -0.460 8  1.105  331.3
2012 02 19  1.084 -0.309 8  1.127  335.1
2012 02 20  1.135 -0.146 8  1.144  338.2
2012 02 21  1.154  0.026 1  1.154  340.7
2012 02 22  1.141  0.201 1  1.159  343.0
2012 02 23  1.097  0.374 1  1.159  345.4
2012 02 24  1.022  0.540 1  1.156  348.0
2012 02 25  0.918  0.695 1  1.151  351.1
2012 02 26  0.788  0.833 2  1.147  354.9
2012 02 27  0.637  0.952 2  1.146  359.3
2012 02 28  0.469  1.048 2  1.148  364.4
2012 02 29  0.287  1.120 2  1.156  370.0
2012 03 01  0.098  1.165 2  1.169  375.9
2012 03 02 -0.093  1.184 3  1.188  381.8
2012 03 03 -0.282  1.176 3  1.210  387.3
2012 03 04 -0.463  1.143 3  1.233  392.2
2012 03 05 -0.632  1.086 3  1.256  395.9
2012 03 06 -0.784  1.008 3  1.277  398.2
2012 03 07 -0.918  0.910 4  1.293  398.8
2012 03 08 -1.029  0.797 4  1.301  397.4
2012 03 09 -1.116  0.671 4  1.302  393.8
2012 03 10 -1.178  0.536 4  1.294  388.0
2012 03 11 -1.214  0.394 4  1.276  380.1
2012 03 12 -1.224  0.250 4  1.249  370.2
2012 03 13 -1.210  0.105 4  1.214  358.7
2012 03 14 -1.171 -0.037 5  1.172  346.0
2012 03 15 -1.111 -0.174 5  1.125  332.7
2012 03 16 -1.031 -0.304 5  1.075  319.6
2012 03 17 -0.933 -0.425 5  1.026  307.6
2012 03 18 -0.821 -0.537 5  0.981  297.5
2012 03 19 -0.696 -0.637 5  0.943  290.0
2012 03 20 -0.561 -0.725 6  0.917  286.0
2012 03 21 -0.420 -0.800 6  0.903  285.6
2012 03 22 -0.274 -0.862 6  0.904  288.7
2012 03 23 -0.127 -0.910 6  0.919  295.0
2012 03 24  0.020 -0.944 7  0.945  303.7
2012 03 25  0.163 -0.965 7  0.978  313.9
2012 03 26  0.301 -0.971 7  1.016  324.6
2012 03 27  0.431 -0.963 7  1.055  334.8
2012 03 28  0.551 -0.942 7  1.091  343.8
2012 03 29  0.660 -0.907 7  1.122  350.9
2012 03 30  0.756 -0.860 7  1.145  355.5
2012 03 31  0.838 -0.801 8  1.159  357.1
2012 04 01  0.904 -0.731 8  1.163  355.6
2012 04 02  0.953 -0.652 8  1.155  350.8
2012 04 03  0.985 -0.564 8  1.135  342.6
2012 04 04  1.000 -0.468 8  1.104  331.3
2012 04 05  0.997 -0.368 8  1.062  317.1
2012 04 06  0.976 -0.265 8  1.012  300.5
2012 04 07  0.939 -0.160 8  0.953  281.9
2012 04 08  0.886 -0.056 8  0.888  262.2
2012 04 09  0.819  0.046 1  0.820  242.2
2012 04 10  0.739  0.143 1  0.752  222.8
2012 04 11  0.647  0.234 1  0.688  205.3
2012 04 12  0.547  0.316 1  0.632  190.7
2012 04 13  0.439  0.390 1  0.587  180.2
2012 04 14  0.326  0.452 2  0.558  174.4
2012 04 15  0.210  0.504 2  0.546  173.4
2012 04 16  0.093  0.543 2  0.551  176.8
2012 04 17 -0.022  0.570 3  0.571  183.5
2012 04 18 -0.135  0.585 3  0.600  192.3
2012 04 19 -0.242  0.588 3  0.636  202.1
2012 04 20 -0.344  0.579 3  0.673  212.0
2012 04 21 -0.437  0.559 3  0.710  221.4
2012 04 22 -0.522  0.530 3  0.744  229.8
2012 04 23 -0.597  0.491 4  0.773  236.7
2012 04 24 -0.662  0.444 4  0.797  242.1
2012 04 25 -0.716  0.391 4  0.815  245.8
2012 04 26 -0.758  0.331 4  0.827  247.6
2012 04 27 -0.787  0.266 4  0.831  247.7
2012 04 28 -0.805  0.198 4  0.828  245.8
2012 04 29 -0.809  0.126 4  0.818  242.1
2012 04 30 -0.799  0.053 4  0.801  236.5
2012 05 01 -0.776 -0.021 5  0.777  229.2
2012 05 02 -0.739 -0.094 5  0.745  220.2
2012 05 03 -0.688 -0.166 5  0.707  209.9
2012 05 04 -0.622 -0.234 5  0.665  198.4
2012 05 05 -0.542 -0.298 5  0.619  186.5
2012 05 06 -0.449 -0.356 5  0.573  175.0
2012 05 07 -0.342 -0.406 6  0.531  165.1
2012 05 08 -0.225 -0.447 6  0.500  158.2
2012 05 09 -0.097 -0.477 6  0.487  156.0
2012 05 10  0.038 -0.494 7  0.496  159.4
2012 05 11  0.177 -0.498 7  0.529  168.6
2012 05 12  0.319 -0.488 7  0.583  182.9
2012 05 13  0.458 -0.462 7  0.650  200.8
2012 05 14  0.591 -0.420 8  0.725  220.7
2012 05 15  0.714 -0.363 8  0.801  241.0
2012 05 16  0.823 -0.292 8  0.874  260.5
2012 05 17  0.914 -0.208 8  0.938  278.0
2012 05 18  0.983 -0.112 8  0.990  292.5
2012 05 19  1.028 -0.008 8  1.028  303.4
2012 05 20  1.045  0.101 1  1.050  310.1
2012 05 21  1.033  0.213 1  1.055  312.5
2012 05 22  0.992  0.322 1  1.043  310.6
2012 05 23  0.922  0.427 1  1.016  304.8
2012 05 24  0.824  0.522 1  0.975  295.5
2012 05 25  0.702  0.604 1  0.926  283.9
2012 05 26  0.558  0.669 2  0.871  271.0
2012 05 27  0.397  0.716 2  0.819  258.4
2012 05 28  0.225  0.742 2  0.775  247.7
2012 05 29  0.047  0.745 2  0.747  240.1
2012 05 30 -0.130  0.726 3  0.738  236.7
2012 05 31 -0.301  0.685 3  0.748  237.4
2012 06 01 -0.459  0.622 3  0.773  241.5
2012 06 02 -0.598  0.541 4  0.806  247.8
2012 06 03 -0.714  0.444 4  0.841  254.5
2012 06 04 -0.803  0.334 4  0.870  260.2
2012 06 05 -0.862  0.217 4  0.888  263.7
2012 06 06 -0.888  0.095 4  0.893  263.9
2012 06 07 -0.882 -0.026 5  0.883  260.5
2012 06 08 -0.845 -0.141 5  0.857  253.5
2012 06 09 -0.778 -0.248 5  0.817  243.1
2012 06 10 -0.685 -0.343 5  0.766  230.3
2012 06 11 -0.570 -0.422 5  0.709  216.2
2012 06 12 -0.438 -0.484 6  0.653  202.3
2012 06 13 -0.295 -0.527 6  0.604  190.4
2012 06 14 -0.145 -0.551 6  0.570  182.2
2012 06 15  0.004 -0.556 7  0.556  178.7
2012 06 16  0.147 -0.543 7  0.563  180.0
2012 06 17  0.280 -0.515 7  0.586  185.1
2012 06 18  0.398 -0.473 7  0.618  192.2
2012 06 19  0.497 -0.421 8  0.651  199.5
2012 06 20  0.574 -0.361 8  0.678  205.4
2012 06 21  0.629 -0.296 8  0.695  208.6
2012 06 22  0.660 -0.229 8  0.699  208.3
2012 06 23  0.668 -0.162 8  0.688  204.0
2012 06 24  0.654 -0.098 8  0.662  195.7
2012 06 25  0.621 -0.037 8  0.622  183.6
2012 06 26  0.570  0.018 1  0.570  168.2
2012 06 27  0.504  0.067 1  0.509  150.4
2012 06 28  0.427  0.112 1  0.442  131.2
2012 06 29  0.342  0.151 1  0.374  112.2
2012 06 30  0.253  0.187 1  0.314   95.7
2012 07 01  0.161  0.219 2  0.272   85.0
2012 07 02  0.068  0.250 2  0.260   83.0
2012 07 03 -0.022  0.281 3  0.282   90.5
2012 07 04 -0.109  0.312 3  0.330  105.2
2012 07 05 -0.192  0.343 3  0.393  124.1
2012 07 06 -0.270  0.377 3  0.463  145.0
2012 07 07 -0.344  0.411 3  0.536  166.6
2012 07 08 -0.414  0.445 3  0.607  188.1
2012 07 09 -0.479  0.478 4  0.677  208.9
2012 07 10 -0.541  0.509 4  0.743  228.6
2012 07 11 -0.600  0.534 4  0.803  246.8
2012 07 12 -0.656  0.552 4  0.858  262.8
2012 07 13 -0.709  0.561 4  0.904  276.2
2012 07 14 -0.758  0.557 4  0.940  286.6
2012 07 15 -0.802  0.539 4  0.966  293.4
2012 07 16 -0.841  0.505 4  0.981  296.6
2012 07 17 -0.873  0.453 4  0.983  296.0
2012 07 18 -0.895  0.384 4  0.974  291.7
2012 07 19 -0.908  0.296 4  0.955  284.4
2012 07 20 -0.908  0.191 4  0.928  274.9
2012 07 21 -0.894  0.070 4  0.897  264.8
2012 07 22 -0.864 -0.064 5  0.867  255.9
2012 07 23 -0.818 -0.208 5  0.844  250.5
2012 07 24 -0.754 -0.359 5  0.835  250.6
2012 07 25 -0.672 -0.512 5  0.845  257.8
2012 07 26 -0.573 -0.662 6  0.876  272.0
2012 07 27 -0.458 -0.806 6  0.927  292.3
2012 07 28 -0.328 -0.938 6  0.994  316.9
2012 07 29 -0.185 -1.055 6  1.071  343.7
2012 07 30 -0.032 -1.152 6  1.153  370.7
2012 07 31  0.128 -1.226 7  1.233  396.1
2012 08 01  0.293 -1.274 7  1.307  418.8
2012 08 02  0.457 -1.294 7  1.373  437.6
2012 08 03  0.618 -1.285 7  1.426  451.9
2012 08 04  0.773 -1.247 7  1.467  461.4
2012 08 05  0.917 -1.180 7  1.494  466.1
2012 08 06  1.048 -1.085 7  1.508  466.3
2012 08 07  1.162 -0.965 8  1.511  462.6
2012 08 08  1.258 -0.822 8  1.503  455.8
2012 08 09  1.333 -0.660 8  1.487  447.1
2012 08 10  1.386 -0.483 8  1.467  437.5
2012 08 11  1.415 -0.294 8  1.445  428.2
2012 08 12  1.420 -0.098 8  1.424  420.4
2012 08 13  1.401  0.099 1  1.405  414.9
2012 08 14  1.358  0.294 1  1.390  412.0
2012 08 15  1.292  0.483 1  1.379  411.8
2012 08 16  1.203  0.661 1  1.373  413.9
2012 08 17  1.094  0.823 1  1.369  417.6
2012 08 18  0.965  0.968 2  1.367  422.0
2012 08 19  0.819  1.091 2  1.364  426.1
2012 08 20  0.659  1.190 2  1.360  429.2
2012 08 21  0.486  1.263 2  1.353  430.6
2012 08 22  0.305  1.308 2  1.343  430.1
2012 08 23  0.118  1.325 2  1.330  427.4
2012 08 24 -0.071  1.313 3  1.315  422.8
2012 08 25 -0.259  1.274 3  1.300  416.6
2012 08 26 -0.441  1.207 3  1.285  409.5
2012 08 27 -0.614  1.116 3  1.274  402.1
2012 08 28 -0.774  1.002 3  1.266  395.1
2012 08 29 -0.916  0.870 4  1.263  389.1
2012 08 30 -1.039  0.721 4  1.265  384.5
2012 08 31 -1.138  0.562 4  1.269  381.4
2012 09 01 -1.212  0.395 4  1.275  379.6
2012 09 02 -1.258  0.227 4  1.278  378.5
2012 09 03 -1.276  0.061 4  1.278  377.3
2012 09 04 -1.266 -0.098 5  1.270  375.1
2012 09 05 -1.229 -0.244 5  1.253  371.2
2012 09 06 -1.166 -0.375 5  1.225  364.8
2012 09 07 -1.081 -0.486 5  1.185  355.3
2012 09 08 -0.976 -0.576 5  1.133  342.5
2012 09 09 -0.856 -0.642 5  1.070  326.3
2012 09 10 -0.726 -0.684 5  0.997  307.0
2012 09 11 -0.590 -0.701 6  0.916  284.9
2012 09 12 -0.454 -0.696 6  0.831  260.8
2012 09 13 -0.322 -0.670 6  0.743  235.4
2012 09 14 -0.199 -0.626 6  0.657  209.7
2012 09 15 -0.089 -0.568 6  0.575  184.6
2012 09 16  0.005 -0.501 7  0.501  161.1
2012 09 17  0.081 -0.429 7  0.436  139.9
2012 09 18  0.138 -0.356 7  0.382  121.6
2012 09 19  0.175 -0.289 7  0.338  106.3
2012 09 20  0.195 -0.230 7  0.302   93.8
2012 09 21  0.198 -0.185 8  0.271   83.3
2012 09 22  0.188 -0.155 8  0.244   74.6
2012 09 23  0.169 -0.143 8  0.221   67.7
2012 09 24  0.144 -0.149 7  0.208   64.2
2012 09 25  0.118 -0.175 7  0.211   66.3
2012 09 26  0.096 -0.218 7  0.239   75.7
2012 09 27  0.081 -0.277 7  0.289   92.4
2012 09 28  0.077 -0.349 7  0.357  114.5
2012 09 29  0.088 -0.429 7  0.438  140.4
2012 09 30  0.114 -0.514 7  0.526  168.5
2012 10 01  0.157 -0.598 7  0.618  197.7
2012 10 02  0.217 -0.676 7  0.710  226.7
2012 10 03  0.293 -0.745 7  0.801  254.8
2012 10 04  0.383 -0.800 7  0.886  280.9
2012 10 05  0.483 -0.836 7  0.965  304.3
2012 10 06  0.591 -0.851 7  1.036  324.4
2012 10 07  0.700 -0.842 7  1.095  340.8
2012 10 08  0.808 -0.809 7  1.144  353.0
2012 10 09  0.908 -0.752 8  1.179  361.0
2012 10 10  0.997 -0.670 8  1.201  364.7
2012 10 11  1.070 -0.566 8  1.210  364.5
2012 10 12  1.122 -0.443 8  1.207  360.6
2012 10 13  1.152 -0.304 8  1.192  353.9
2012 10 14  1.157 -0.152 8  1.167  345.1
2012 10 15  1.136  0.008 1  1.136  335.4
2012 10 16  1.089  0.171 1  1.102  326.0
2012 10 17  1.016  0.333 1  1.069  318.4
2012 10 18  0.919  0.489 1  1.041  313.6
2012 10 19  0.801  0.637 1  1.023  312.8
2012 10 20  0.665  0.771 2  1.018  316.3
2012 10 21  0.515  0.890 2  1.028  324.0
2012 10 22  0.355  0.990 2  1.052  335.3
2012 10 23  0.189  1.071 2  1.088  349.0
2012 10 24  0.022  1.131 2  1.131  363.8
2012 10 25 -0.142  1.170 3  1.179  378.6
2012 10 26 -0.300  1.188 3  1.225  392.2
2012 10 27 -0.447  1.186 3  1.268  403.6
2012 10 28 -0.581  1.165 3  1.302  412.1
2012 10 29 -0.700  1.126 3  1.326  417.1
2012 10 30 -0.802  1.072 3  1.339  418.2
2012 10 31 -0.886  1.004 3  1.339  415.4
2012 11 01 -0.951  0.924 4  1.326  408.7
2012 11 02 -0.998  0.833 4  1.300  398.2
2012 11 03 -1.027  0.735 4  1.262  384.2
2012 11 04 -1.039  0.629 4  1.214  367.4
2012 11 05 -1.035  0.519 4  1.158  348.1
2012 11 06 -1.016  0.406 4  1.094  327.2
2012 11 07 -0.985  0.291 4  1.027  305.4
2012 11 08 -0.942  0.175 4  0.958  283.7
2012 11 09 -0.889  0.059 4  0.891  263.0
2012 11 10 -0.827 -0.054 5  0.828  244.6
2012 11 11 -0.757 -0.163 5  0.774  229.4
2012 11 12 -0.680 -0.268 5  0.731  218.4
2012 11 13 -0.597 -0.367 5  0.701  212.1
2012 11 14 -0.510 -0.458 5  0.685  210.5
2012 11 15 -0.418 -0.540 6  0.683  213.0
2012 11 16 -0.323 -0.611 6  0.691  218.5
2012 11 17 -0.226 -0.670 6  0.708  225.7
2012 11 18 -0.128 -0.716 6  0.728  233.4
2012 11 19 -0.030 -0.748 6  0.748  240.5
2012 11 20  0.066 -0.763 7  0.766  246.3
2012 11 21  0.160 -0.764 7  0.780  250.0
2012 11 22  0.249 -0.748 7  0.788  251.4
2012 11 23  0.333 -0.716 7  0.790  250.4
2012 11 24  0.410 -0.669 7  0.785  246.8
2012 11 25  0.478 -0.608 7  0.774  241.2
2012 11 26  0.535 -0.536 7  0.757  233.7
2012 11 27  0.582 -0.452 8  0.737  225.1
2012 11 28  0.617 -0.361 8  0.715  216.0
2012 11 29  0.640 -0.264 8  0.692  207.0
2012 11 30  0.650 -0.164 8  0.671  199.0
2012 12 01  0.649 -0.064 8  0.652  192.6
2012 12 02  0.636  0.035 1  0.637  188.1
2012 12 03  0.613  0.128 1  0.626  185.6
2012 12 04  0.582  0.215 1  0.620  185.0
2012 12 05  0.543  0.293 1  0.617  185.9
2012 12 06  0.499  0.362 1  0.616  187.7
2012 12 07  0.451  0.420 1  0.616  189.7
2012 12 08  0.401  0.468 2  0.616  191.4
2012 12 09  0.351  0.504 2  0.614  192.4
2012 12 10  0.302  0.530 2  0.610  192.3
2012 12 11  0.254  0.546 2  0.603  191.1
2012 12 12  0.209  0.554 2  0.592  188.6
2012 12 13  0.166  0.554 2  0.579  184.8
2012 12 14  0.126  0.548 2  0.562  180.1
2012 12 15  0.088  0.536 2  0.543  174.4
2012 12 16  0.051  0.521 2  0.523  168.1
2012 12 17  0.014  0.502 2  0.502  161.4
2012 12 18 -0.024  0.480 3  0.481  154.6
2012 12 19 -0.063  0.457 3  0.461  148.0
2012 12 20 -0.105  0.431 3  0.443  141.9
2012 12 21 -0.150  0.402 3  0.429  136.8
2012 12 22 -0.198  0.372 3  0.421  133.0
2012 12 23 -0.250  0.338 3  0.420  131.2
2012 12 24 -0.304  0.300 4  0.427  131.7
2012 12 25 -0.360  0.258 4  0.443  134.8
2012 12 26 -0.418  0.210 4  0.468  140.7
2012 12 27 -0.474  0.158 4  0.500  149.0
2012 12 28 -0.528  0.100 4  0.538  159.3
2012 12 29 -0.578  0.037 4  0.579  171.0
2012 12 30 -0.621 -0.031 5  0.621  183.5
2012 12 31 -0.655 -0.103 5  0.663  196.0
2013 01 01 -0.678 -0.178 5  0.701  208.2
2013 01 02 -0.689 -0.255 5  0.735  219.3
2013 01 03 -0.687 -0.332 5  0.763  229.0
2013 01 04 -0.670 -0.406 5  0.784  237.1
2013 01 05 -0.639 -0.478 5  0.797  243.2
2013 01 06 -0.593 -0.543 5  0.804  247.2
2013 01 07 -0.533 -0.601 6  0.803  249.2
2013 01 08 -0.461 -0.650 6  0.797  249.3
2013 01 09 -0.378 -0.688 6  0.785  247.6
2013 01 10 -0.286 -0.714 6  0.769  244.5
2013 01 11 -0.187 -0.727 6  0.750  240.2
2013 01 12 -0.085 -0.727 6  0.732  235.0
2013 01 13  0.020 -0.713 7  0.714  229.5
2013 01 14  0.123 -0.687 7  0.698  223.8
2013 01 15  0.222 -0.648 7  0.685  218.5
2013 01 16  0.315 -0.598 7  0.676  213.6
2013 01 17  0.400 -0.538 7  0.670  209.4
2013 01 18  0.476 -0.468 8  0.668  206.0
2013 01 19  0.540 -0.392 8  0.668  203.4
2013 01 20  0.593 -0.311 8  0.669  201.5
2013 01 21  0.632 -0.225 8  0.671  200.2
2013 01 22  0.659 -0.138 8  0.673  199.4
2013 01 23  0.672 -0.050 8  0.674  198.9
2013 01 24  0.672  0.036 1  0.673  198.7
2013 01 25  0.660  0.120 1  0.671  198.6
2013 01 26  0.637  0.200 1  0.667  198.6
2013 01 27  0.602  0.275 1  0.662  198.5
2013 01 28  0.558  0.344 1  0.655  198.3
2013 01 29  0.505  0.406 1  0.648  198.1
2013 01 30  0.443  0.461 2  0.640  197.8
2013 01 31  0.375  0.508 2  0.631  197.2
2013 02 01  0.301  0.545 2  0.623  196.6
2013 02 02  0.222  0.573 2  0.615  195.7
2013 02 03  0.140  0.591 2  0.608  194.6
2013 02 04  0.055  0.599 2  0.602  193.3
2013 02 05 -0.032  0.596 3  0.597  191.9
2013 02 06 -0.118  0.582 3  0.594  190.4
2013 02 07 -0.203  0.557 3  0.593  188.8
2013 02 08 -0.285  0.521 3  0.594  187.4
2013 02 09 -0.362  0.474 3  0.597  186.2
2013 02 10 -0.433  0.418 4  0.601  185.4
2013 02 11 -0.495  0.352 4  0.608  185.0
2013 02 12 -0.548  0.279 4  0.615  185.1
2013 02 13 -0.590  0.200 4  0.623  185.6
2013 02 14 -0.619  0.116 4  0.630  186.5
2013 02 15 -0.635  0.030 4  0.636  187.7
2013 02 16 -0.637 -0.056 5  0.639  188.8
2013 02 17 -0.624 -0.140 5  0.640  189.7
2013 02 18 -0.598 -0.219 5  0.637  190.0
2013 02 19 -0.559 -0.290 5  0.630  189.6
2013 02 20 -0.509 -0.353 5  0.619  188.2
2013 02 21 -0.448 -0.405 5  0.604  185.6
2013 02 22 -0.381 -0.444 6  0.585  181.6
2013 02 23 -0.308 -0.470 6  0.562  176.3
2013 02 24 -0.233 -0.482 6  0.535  169.6
2013 02 25 -0.159 -0.481 6  0.507  161.6
2013 02 26 -0.087 -0.468 6  0.476  152.6
2013 02 27 -0.021 -0.443 6  0.444  142.6
2013 02 28  0.038 -0.409 7  0.411  132.1
2013 03 01  0.088 -0.369 7  0.379  121.3
2013 03 02  0.128 -0.324 7  0.348  110.7
2013 03 03  0.157 -0.277 7  0.319  100.5
2013 03 04  0.177 -0.232 7  0.292   91.1
2013 03 05  0.188 -0.190 7  0.268   82.7
2013 03 06  0.192 -0.155 8  0.246   75.4
2013 03 07  0.190 -0.127 8  0.228   69.3
2013 03 08  0.185 -0.108 8  0.214   64.7
2013 03 09  0.179 -0.099 8  0.205   61.7
2013 03 10  0.175 -0.099 8  0.202   60.8
2013 03 11  0.176 -0.108 8  0.207   62.5
2013 03 12  0.183 -0.125 8  0.221   67.3
2013 03 13  0.198 -0.147 8  0.246   75.0
2013 03 14  0.222 -0.172 8  0.280   85.6
2013 03 15  0.255 -0.196 8  0.322   98.2
2013 03 16  0.297 -0.219 8  0.368  112.2
2013 03 17  0.346 -0.235 8  0.418  127.0
2013 03 18  0.401 -0.242 8  0.469  141.8
2013 03 19  0.460 -0.239 8  0.518  155.9
2013 03 20  0.518 -0.223 8  0.564  168.8
2013 03 21  0.573 -0.193 8  0.604  180.1
2013 03 22  0.620 -0.149 8  0.638  189.2
2013 03 23  0.657 -0.090 8  0.664  196.2
2013 03 24  0.680 -0.019 8  0.681  200.9
2013 03 25  0.686  0.063 1  0.689  203.6
2013 03 26  0.673  0.154 1  0.690  204.7
2013 03 27  0.638  0.248 1  0.685  204.7
2013 03 28  0.582  0.344 1  0.676  204.4
2013 03 29  0.505  0.436 1  0.667  204.7
2013 03 30  0.407  0.521 2  0.661  206.2
2013 03 31  0.292  0.594 2  0.662  209.6
2013 04 01  0.162  0.652 2  0.672  215.0
2013 04 02  0.022  0.691 2  0.691  222.2
2013 04 03 -0.125  0.708 3  0.719  230.7
2013 04 04 -0.273  0.703 3  0.754  239.8
2013 04 05 -0.416  0.673 3  0.791  248.8
2013 04 06 -0.549  0.620 3  0.828  256.8
2013 04 07 -0.667  0.544 4  0.860  263.2
2013 04 08 -0.765  0.447 4  0.886  267.6
2013 04 09 -0.839  0.333 4  0.902  269.8
2013 04 10 -0.886  0.205 4  0.909  269.6
2013 04 11 -0.903  0.069 4  0.905  267.4
2013 04 12 -0.889 -0.072 5  0.892  263.5
2013 04 13 -0.845 -0.212 5  0.871  258.6
2013 04 14 -0.771 -0.346 5  0.845  253.3
2013 04 15 -0.670 -0.467 5  0.817  248.5
2013 04 16 -0.546 -0.573 6  0.791  244.7
2013 04 17 -0.401 -0.658 6  0.771  242.5
2013 04 18 -0.243 -0.719 6  0.759  242.1
2013 04 19 -0.076 -0.754 6  0.758  243.5
2013 04 20  0.094 -0.761 7  0.766  246.1
2013 04 21  0.259 -0.739 7  0.783  249.6
2013 04 22  0.415 -0.689 7  0.805  253.2
2013 04 23  0.555 -0.613 7  0.827  256.5
2013 04 24  0.675 -0.514 8  0.848  258.9
2013 04 25  0.769 -0.395 8  0.865  260.1
2013 04 26  0.835 -0.260 8  0.874  260.2
2013 04 27  0.869 -0.115 8  0.877  259.1
2013 04 28  0.871  0.035 1  0.872  257.4
2013 04 29  0.841  0.185 1  0.861  255.4
2013 04 30  0.781  0.330 1  0.847  253.6
2013 05 01  0.692  0.463 1  0.832  252.7
2013 05 02  0.578  0.581 2  0.820  253.0
2013 05 03  0.444  0.679 2  0.812  254.7
2013 05 04  0.296  0.754 2  0.810  257.8
2013 05 05  0.140  0.804 2  0.816  261.8
2013 05 06 -0.019  0.827 3  0.828  266.1
2013 05 07 -0.173  0.824 3  0.842  269.9
2013 05 08 -0.316  0.795 3  0.856  272.3
2013 05 09 -0.443  0.743 3  0.865  272.4
2013 05 10 -0.549  0.670 3  0.866  269.6
2013 05 11 -0.628  0.581 4  0.856  263.2
2013 05 12 -0.679  0.479 4  0.831  252.8
2013 05 13 -0.699  0.371 4  0.791  238.2
2013 05 14 -0.687  0.261 4  0.735  219.5
2013 05 15 -0.645  0.154 4  0.663  196.8
2013 05 16 -0.575  0.055 4  0.578  170.7
2013 05 17 -0.480 -0.030 5  0.481  142.0
2013 05 18 -0.364 -0.098 5  0.377  112.0
2013 05 19 -0.234 -0.146 5  0.275   83.4
2013 05 20 -0.094 -0.172 6  0.196   61.8
2013 05 21  0.047 -0.174 7  0.181   57.8
2013 05 22  0.185 -0.154 8  0.240   73.6
2013 05 23  0.311 -0.112 8  0.330   98.6
2013 05 24  0.420 -0.052 8  0.423  125.0
2013 05 25  0.506  0.024 1  0.507  149.6
2013 05 26  0.566  0.112 1  0.577  170.9
2013 05 27  0.596  0.205 1  0.630  187.7
2013 05 28  0.593  0.298 1  0.664  199.6
2013 05 29  0.558  0.386 1  0.679  206.4
2013 05 30  0.492  0.463 1  0.676  208.0
2013 05 31  0.397  0.524 2  0.657  205.1
2013 06 01  0.276  0.563 2  0.627  198.5
2013 06 02  0.135  0.577 2  0.593  189.8
2013 06 03 -0.020  0.563 3  0.563  181.1
2013 06 04 -0.183  0.519 3  0.550  175.4
2013 06 05 -0.346  0.444 3  0.563  175.7
2013 06 06 -0.503  0.340 4  0.607  184.5
2013 06 07 -0.646  0.209 4  0.679  202.1
2013 06 08 -0.768  0.053 4  0.770  227.4
2013 06 09 -0.864 -0.121 5  0.872  257.9
2013 06 10 -0.928 -0.310 5  0.978  291.4
2013 06 11 -0.956 -0.505 5  1.082  325.7
2013 06 12 -0.947 -0.701 5  1.178  359.1
2013 06 13 -0.899 -0.889 5  1.265  390.2
2013 06 14 -0.814 -1.064 6  1.339  417.9
2013 06 15 -0.692 -1.216 6  1.399  441.3
2013 06 16 -0.538 -1.342 6  1.445  459.7
2013 06 17 -0.357 -1.433 6  1.477  472.8
2013 06 18 -0.155 -1.488 6  1.496  480.5
2013 06 19  0.062 -1.501 7  1.502  483.0
2013 06 20  0.285 -1.471 7  1.499  480.6
2013 06 21  0.506 -1.399 7  1.488  474.0
2013 06 22  0.718 -1.285 7  1.472  464.4
2013 06 23  0.913 -1.132 7  1.454  452.8
2013 06 24  1.083 -0.943 8  1.436  440.8
2013 06 25  1.223 -0.725 8  1.422  429.9
2013 06 26  1.328 -0.484 8  1.413  421.7
2013 06 27  1.393 -0.226 8  1.411  417.4
2013 06 28  1.415  0.040 1  1.416  417.9
2013 06 29  1.395  0.306 1  1.428  423.3
2013 06 30  1.332  0.565 1  1.447  433.1
2013 07 01  1.229  0.808 1  1.471  446.2
2013 07 02  1.089  1.029 1  1.498  461.2
2013 07 03  0.916  1.221 2  1.526  476.6
2013 07 04  0.717  1.378 2  1.553  491.0
2013 07 05  0.497  1.496 2  1.576  502.9
2013 07 06  0.265  1.572 2  1.594  511.6
2013 07 07  0.027  1.605 2  1.605  516.2
2013 07 08 -0.209  1.594 3  1.608  516.3
2013 07 09 -0.435  1.541 3  1.601  511.8
2013 07 10 -0.646  1.447 3  1.584  502.8
2013 07 11 -0.834  1.317 3  1.559  489.8
2013 07 12 -0.994  1.155 3  1.524  473.4
2013 07 13 -1.124  0.967 4  1.483  454.7
2013 07 14 -1.218  0.760 4  1.436  434.7
2013 07 15 -1.277  0.539 4  1.386  414.9
2013 07 16 -1.299  0.312 4  1.336  396.4
2013 07 17 -1.287  0.086 4  1.289  380.7
2013 07 18 -1.241 -0.133 5  1.248  368.8
2013 07 19 -1.166 -0.339 5  1.214  361.0
2013 07 20 -1.066 -0.526 5  1.189  357.2
2013 07 21 -0.946 -0.690 5  1.171  356.8
2013 07 22 -0.813 -0.828 6  1.160  358.4
2013 07 23 -0.672 -0.936 6  1.153  360.6
2013 07 24 -0.530 -1.015 6  1.145  361.9
2013 07 25 -0.392 -1.063 6  1.133  361.0
2013 07 26 -0.264 -1.083 6  1.115  357.0
2013 07 27 -0.151 -1.077 6  1.087  349.1
2013 07 28 -0.057 -1.047 6  1.048  337.1
2013 07 29  0.016 -0.997 7  0.998  320.8
2013 07 30  0.067 -0.933 7  0.935  300.7
2013 07 31  0.094 -0.858 7  0.864  277.4
2013 08 01  0.099 -0.779 7  0.785  252.0
2013 08 02  0.084 -0.698 7  0.703  225.9
2013 08 03  0.052 -0.622 7  0.624  200.6
2013 08 04  0.008 -0.554 7  0.554  178.0
2013 08 05 -0.044 -0.496 6  0.498  160.2
2013 08 06 -0.098 -0.453 6  0.463  148.5
2013 08 07 -0.149 -0.424 6  0.450  143.3
2013 08 08 -0.191 -0.411 6  0.453  143.6
2013 08 09 -0.219 -0.412 6  0.467  147.5
2013 08 10 -0.229 -0.427 6  0.484  152.9
2013 08 11 -0.217 -0.451 6  0.501  158.7
2013 08 12 -0.181 -0.483 6  0.516  164.2
2013 08 13 -0.119 -0.518 6  0.531  170.1
2013 08 14 -0.031 -0.551 6  0.552  177.4
2013 08 15  0.080 -0.578 7  0.583  187.3
2013 08 16  0.213 -0.594 7  0.631  201.0
2013 08 17  0.363 -0.594 7  0.696  219.1
2013 08 18  0.525 -0.576 7  0.779  241.4
2013 08 19  0.693 -0.535 8  0.875  267.2
2013 08 20  0.859 -0.470 8  0.979  295.2
2013 08 21  1.018 -0.379 8  1.086  324.2
2013 08 22  1.161 -0.262 8  1.190  352.9
2013 08 23  1.282 -0.121 8  1.288  380.4
2013 08 24  1.375  0.042 1  1.375  405.9
2013 08 25  1.433  0.224 1  1.450  429.0
2013 08 26  1.453  0.419 1  1.512  449.5
2013 08 27  1.432  0.622 1  1.562  467.7
2013 08 28  1.370  0.827 1  1.600  483.9
2013 08 29  1.265  1.028 1  1.630  498.7
2013 08 30  1.121  1.218 2  1.655  512.7
2013 08 31  0.942  1.390 2  1.679  526.3
2013 09 01  0.731  1.538 2  1.703  539.7
2013 09 02  0.498  1.658 2  1.731  553.0
2013 09 03  0.247  1.744 2  1.762  565.6
2013 09 04 -0.012  1.794 3  1.794  576.9
2013 09 05 -0.270  1.805 3  1.826  586.1
2013 09 06 -0.520  1.778 3  1.853  592.0
2013 09 07 -0.753  1.712 3  1.871  593.9
2013 09 08 -0.963  1.611 3  1.877  590.9
2013 09 09 -1.142  1.477 3  1.867  582.4
2013 09 10 -1.287  1.314 3  1.839  568.2
2013 09 11 -1.392  1.129 4  1.792  548.3
2013 09 12 -1.458  0.926 4  1.727  523.2
2013 09 13 -1.483  0.712 4  1.645  493.8
2013 09 14 -1.468  0.493 4  1.548  461.3
2013 09 15 -1.416  0.275 4  1.443  427.3
2013 09 16 -1.332  0.064 4  1.333  393.7
2013 09 17 -1.220 -0.136 5  1.227  362.7
2013 09 18 -1.085 -0.321 5  1.131  336.5
2013 09 19 -0.934 -0.487 5  1.053  317.0
2013 09 20 -0.773 -0.632 5  0.998  305.5
2013 09 21 -0.607 -0.755 6  0.969  301.8
2013 09 22 -0.443 -0.856 6  0.964  304.7
2013 09 23 -0.284 -0.935 6  0.978  312.3
2013 09 24 -0.135 -0.994 6  1.004  322.2
2013 09 25  0.001 -1.035 7  1.035  332.7
2013 09 26  0.123 -1.058 7  1.065  342.2
2013 09 27  0.229 -1.067 7  1.092  349.8
2013 09 28  0.319 -1.064 7  1.111  355.0
2013 09 29  0.395 -1.051 7  1.123  357.5
2013 09 30  0.458 -1.029 7  1.126  357.4
2013 10 01  0.508 -1.000 7  1.122  354.9
2013 10 02  0.549 -0.965 7  1.111  350.2
2013 10 03  0.583 -0.925 7  1.093  343.6
2013 10 04  0.610 -0.880 7  1.070  335.2
2013 10 05  0.632 -0.829 7  1.042  325.3
2013 10 06  0.651 -0.772 7  1.010  314.1
2013 10 07  0.668 -0.710 7  0.975  301.7
2013 10 08  0.681 -0.642 8  0.936  288.2
2013 10 09  0.692 -0.567 8  0.895  273.8
2013 10 10  0.698 -0.487 8  0.851  258.8
2013 10 11  0.700 -0.400 8  0.806  243.4
2013 10 12  0.696 -0.308 8  0.761  228.0
2013 10 13  0.684 -0.213 8  0.717  213.2
2013 10 14  0.664 -0.116 8  0.674  199.6
2013 10 15  0.635 -0.018 8  0.635  187.6
2013 10 16  0.597  0.077 1  0.602  177.9
2013 10 17  0.549  0.168 1  0.574  170.8
2013 10 18  0.492  0.252 1  0.553  166.3
2013 10 19  0.428  0.327 1  0.538  164.3
2013 10 20  0.357  0.391 2  0.529  163.9
2013 10 21  0.282  0.441 2  0.524  164.5
2013 10 22  0.206  0.477 2  0.520  165.1
2013 10 23  0.131  0.499 2  0.515  164.9
2013 10 24  0.059  0.505 2  0.508  163.2
2013 10 25 -0.007  0.496 3  0.497  159.7
2013 10 26 -0.064  0.475 3  0.479  153.9
2013 10 27 -0.111  0.442 3  0.456  145.8
2013 10 28 -0.147  0.399 3  0.426  135.6
2013 10 29 -0.171  0.350 3  0.390  123.4
2013 10 30 -0.183  0.297 3  0.349  109.6
2013 10 31 -0.183  0.242 3  0.304   94.9
2013 11 01 -0.174  0.189 3  0.257   79.6
2013 11 02 -0.157  0.140 4  0.210   64.6
2013 11 03 -0.134  0.096 4  0.165   50.3
2013 11 04 -0.108  0.060 4  0.124   37.3
2013 11 05 -0.082  0.032 4  0.088   26.3
2013 11 06 -0.058  0.012 4  0.060   17.7
2013 11 07 -0.039  0.001 4  0.039   11.5
2013 11 08 -0.026 -0.003 5  0.027    7.8
2013 11 09 -0.022 -0.001 5  0.022    6.4
2013 11 10 -0.026  0.006 4  0.026    7.8
2013 11 11 -0.039  0.014 4  0.041   12.4
2013 11 12 -0.060  0.024 4  0.065   19.3
2013 11 13 -0.089  0.032 4  0.094   28.1
2013 11 14 -0.122  0.036 4  0.128   37.9
2013 11 15 -0.159  0.036 4  0.163   48.4
2013 11 16 -0.196  0.030 4  0.199   58.8
2013 11 17 -0.232  0.019 4  0.232   68.6
2013 11 18 -0.262  0.001 4  0.262   77.4
2013 11 19 -0.286 -0.021 5  0.286   84.6
2013 11 20 -0.300 -0.048 5  0.304   89.9
2013 11 21 -0.304 -0.077 5  0.314   93.1
2013 11 22 -0.296 -0.107 5  0.315   94.0
2013 11 23 -0.278 -0.134 5  0.308   92.6
2013 11 24 -0.248 -0.158 5  0.294   89.1
2013 11 25 -0.208 -0.176 5  0.272   83.4
2013 11 26 -0.160 -0.185 6  0.245   76.0
2013 11 27 -0.107 -0.185 6  0.213   67.2
2013 11 28 -0.050 -0.173 6  0.181   57.7
2013 11 29  0.007 -0.151 7  0.151   48.5
2013 11 30  0.061 -0.117 7  0.132   41.7
2013 12 01  0.111 -0.072 8  0.132   40.1
2013 12 02  0.153 -0.017 8  0.154   45.6
2013 12 03  0.186  0.045 1  0.192   56.9
2013 12 04  0.209  0.113 1  0.237   71.6
2013 12 05  0.219  0.185 1  0.287   87.9
2013 12 06  0.218  0.257 2  0.337  104.7
2013 12 07  0.206  0.327 2  0.386  121.3
2013 12 08  0.183  0.392 2  0.432  137.0
2013 12 09  0.151  0.449 2  0.474  151.2
2013 12 10  0.112  0.497 2  0.510  163.4
2013 12 11  0.069  0.534 2  0.539  173.0
2013 12 12  0.022  0.559 2  0.559  179.8
2013 12 13 -0.024  0.570 3  0.571  183.5
2013 12 14 -0.068  0.568 3  0.572  183.9
2013 12 15 -0.109  0.554 3  0.564  180.9
2013 12 16 -0.143  0.527 3  0.546  174.8
2013 12 17 -0.171  0.490 3  0.519  165.6
2013 12 18 -0.192  0.445 3  0.484  153.8
2013 12 19 -0.204  0.393 3  0.443  139.9
2013 12 20 -0.209  0.336 3  0.396  124.5
2013 12 21 -0.207  0.277 3  0.346  108.1
2013 12 22 -0.199  0.218 3  0.295   91.4
2013 12 23 -0.186  0.161 4  0.246   75.4
2013 12 24 -0.170  0.107 4  0.201   60.8
2013 12 25 -0.152  0.058 4  0.163   48.7
2013 12 26 -0.134  0.016 4  0.135   40.0
2013 12 27 -0.118 -0.020 5  0.120   35.4
2013 12 28 -0.104 -0.049 5  0.115   34.5
2013 12 29 -0.094 -0.071 5  0.118   36.0
2013 12 30 -0.090 -0.086 5  0.124   38.3
2013 12 31 -0.090 -0.096 6  0.132   40.7
2014 01 01 -0.097 -0.100 6  0.140   43.2
2014 01 02 -0.110 -0.102 5  0.150   46.0
2014 01 03 -0.128 -0.101 5  0.163   49.8
2014 01 04 -0.152 -0.099 5  0.181   55.0
2014 01 05 -0.180 -0.099 5  0.205   61.9
2014 01 06 -0.212 -0.101 5  0.235   70.5
2014 01 07 -0.247 -0.107 5  0.269   80.4
2014 01 08 -0.282 -0.117 5  0.306   91.5
2014 01 09 -0.318 -0.134 5  0.345  103.4
2014 01 10 -0.353 -0.157 5  0.386  115.7
2014 01 11 -0.384 -0.187 5  0.427  128.4
2014 01 12 -0.411 -0.224 5  0.468  141.1
2014 01 13 -0.431 -0.268 5  0.508  153.8
2014 01 14 -0.444 -0.318 5  0.546  166.2
2014 01 15 -0.447 -0.372 5  0.582  178.1
2014 01 16 -0.440 -0.429 5  0.615  189.5
2014 01 17 -0.422 -0.487 6  0.644  200.1
2014 01 18 -0.390 -0.545 6  0.670  209.7
2014 01 19 -0.346 -0.599 6  0.692  218.1
2014 01 20 -0.290 -0.647 6  0.709  225.0
2014 01 21 -0.220 -0.687 6  0.722  230.4
2014 01 22 -0.139 -0.716 6  0.730  234.0
2014 01 23 -0.047 -0.732 6  0.734  235.9
2014 01 24  0.053 -0.733 7  0.735  236.3
2014 01 25  0.159 -0.717 7  0.735  235.4
2014 01 26  0.269 -0.683 7  0.734  233.7
2014 01 27  0.380 -0.631 7  0.736  231.7
2014 01 28  0.487 -0.560 7  0.742  230.4
2014 01 29  0.587 -0.472 8  0.753  230.3
2014 01 30  0.677 -0.368 8  0.770  232.1
2014 01 31  0.753 -0.250 8  0.793  236.2
2014 02 01  0.811 -0.122 8  0.820  242.5
2014 02 02  0.849  0.014 1  0.849  250.7
2014 02 03  0.865  0.152 1  0.878  259.9
2014 02 04  0.857  0.288 1  0.904  269.3
2014 02 05  0.824  0.418 1  0.924  277.9
2014 02 06  0.767  0.536 1  0.936  284.6
2014 02 07  0.687  0.640 1  0.939  288.8
2014 02 08  0.586  0.723 2  0.931  289.8
2014 02 09  0.468  0.783 2  0.913  287.3
2014 02 10  0.336  0.818 2  0.885  281.2
2014 02 11  0.196  0.825 2  0.848  271.6
2014 02 12  0.053  0.804 2  0.806  259.0
2014 02 13 -0.088  0.755 3  0.760  244.3
2014 02 14 -0.221  0.680 3  0.715  228.3
2014 02 15 -0.342  0.582 3  0.675  212.6
2014 02 16 -0.444  0.464 3  0.642  198.6
2014 02 17 -0.525  0.330 4  0.620  187.8
2014 02 18 -0.581  0.186 4  0.610  181.6
2014 02 19 -0.610  0.038 4  0.611  180.5
2014 02 20 -0.611 -0.109 5  0.621  183.9
2014 02 21 -0.586 -0.250 5  0.637  190.7
2014 02 22 -0.535 -0.378 5  0.655  199.3
2014 02 23 -0.462 -0.489 6  0.673  208.1
2014 02 24 -0.370 -0.579 6  0.687  215.9
2014 02 25 -0.264 -0.645 6  0.697  221.6
2014 02 26 -0.150 -0.685 6  0.701  224.7
2014 02 27 -0.032 -0.698 6  0.699  224.7
2014 02 28  0.082 -0.685 7  0.690  221.7
2014 03 01  0.189 -0.647 7  0.675  215.6
2014 03 02  0.284 -0.588 7  0.653  206.7
2014 03 03  0.361 -0.510 7  0.625  195.5
2014 03 04  0.419 -0.417 8  0.591  182.5
2014 03 05  0.456 -0.315 8  0.554  168.4
2014 03 06  0.470 -0.208 8  0.514  154.0
2014 03 07  0.462 -0.101 8  0.473  140.2
2014 03 08  0.435  0.001 1  0.435  128.3
2014 03 09  0.389  0.096 1  0.401  119.0
2014 03 10  0.331  0.179 1  0.376  113.3
2014 03 11  0.262  0.249 1  0.361  111.3
2014 03 12  0.188  0.304 2  0.357  112.4
2014 03 13  0.113  0.345 2  0.362  115.7
2014 03 14  0.041  0.371 2  0.373  119.8
2014 03 15 -0.024  0.384 3  0.385  123.7
2014 03 16 -0.078  0.387 3  0.395  126.6
2014 03 17 -0.119  0.383 3  0.401  128.0
2014 03 18 -0.147  0.374 3  0.402  127.8
2014 03 19 -0.161  0.363 3  0.397  126.1
2014 03 20 -0.161  0.354 3  0.389  123.4
2014 03 21 -0.150  0.349 3  0.380  120.7
2014 03 22 -0.131  0.350 3  0.374  119.0
2014 03 23 -0.105  0.358 3  0.373  119.3
2014 03 24 -0.078  0.373 3  0.382  122.3
2014 03 25 -0.053  0.396 3  0.399  128.2
2014 03 26 -0.033  0.423 3  0.424  136.4
2014 03 27 -0.022  0.454 3  0.454  146.0
2014 03 28 -0.023  0.484 3  0.485  155.9
2014 03 29 -0.038  0.511 3  0.513  164.8
2014 03 30 -0.068  0.531 3  0.536  172.0
2014 03 31 -0.112  0.541 3  0.552  176.9
2014 04 01 -0.169  0.535 3  0.561  179.2
2014 04 02 -0.238  0.512 3  0.565  179.1
2014 04 03 -0.315  0.469 3  0.565  177.3
2014 04 04 -0.397  0.405 3  0.567  175.1
2014 04 05 -0.478  0.318 4  0.574  174.3
2014 04 06 -0.555  0.210 4  0.593  177.1
2014 04 07 -0.622  0.081 4  0.627  185.4
2014 04 08 -0.674 -0.064 5  0.677  200.1
2014 04 09 -0.709 -0.223 5  0.743  221.1
2014 04 10 -0.720 -0.391 5  0.820  247.0
2014 04 11 -0.708 -0.562 5  0.904  276.2
2014 04 12 -0.668 -0.730 6  0.990  306.7
2014 04 13 -0.602 -0.890 6  1.075  337.0
2014 04 14 -0.510 -1.036 6  1.154  365.4
2014 04 15 -0.393 -1.160 6  1.225  390.7
2014 04 16 -0.255 -1.260 6  1.285  412.0
2014 04 17 -0.099 -1.329 6  1.333  428.4
2014 04 18  0.068 -1.365 7  1.367  439.5
2014 04 19  0.243 -1.366 7  1.388  445.2
2014 04 20  0.419 -1.331 7  1.396  445.6
2014 04 21  0.589 -1.260 7  1.391  441.1
2014 04 22  0.749 -1.156 7  1.377  432.5
2014 04 23  0.893 -1.020 7  1.356  420.8
2014 04 24  1.015 -0.857 8  1.329  407.2
2014 04 25  1.112 -0.673 8  1.300  393.1
2014 04 26  1.180 -0.472 8  1.271  380.0
2014 04 27  1.217 -0.262 8  1.245  369.0
2014 04 28  1.222 -0.048 8  1.223  361.1
2014 04 29  1.196  0.163 1  1.207  356.8
2014 04 30  1.138  0.364 1  1.195  355.7
2014 05 01  1.052  0.549 1  1.187  357.3
2014 05 02  0.941  0.714 1  1.181  360.4
2014 05 03  0.808  0.854 2  1.176  363.8
2014 05 04  0.659  0.966 2  1.169  366.5
2014 05 05  0.498  1.047 2  1.160  367.4
2014 05 06  0.331  1.097 2  1.145  365.9
2014 05 07  0.162  1.114 2  1.126  361.5
2014 05 08 -0.001  1.101 3  1.101  354.1
2014 05 09 -0.156  1.059 3  1.071  343.8
2014 05 10 -0.296  0.992 3  1.035  330.8
2014 05 11 -0.419  0.903 3  0.996  315.7
2014 05 12 -0.521  0.797 3  0.952  298.8
2014 05 13 -0.599  0.678 3  0.905  280.7
2014 05 14 -0.653  0.552 4  0.855  261.9
2014 05 15 -0.681  0.423 4  0.802  242.7
2014 05 16 -0.684  0.298 4  0.746  223.4
2014 05 17 -0.663  0.180 4  0.686  203.9
2014 05 18 -0.619  0.074 4  0.624  184.3
2014 05 19 -0.556 -0.017 5  0.556  164.3
2014 05 20 -0.477 -0.088 5  0.485  143.6
2014 05 21 -0.385 -0.140 5  0.410  122.3
2014 05 22 -0.285 -0.169 5  0.331  100.2
2014 05 23 -0.182 -0.175 5  0.252   77.8
2014 05 24 -0.079 -0.160 6  0.179   56.5
2014 05 25  0.019 -0.125 7  0.126   40.6
2014 05 26  0.108 -0.072 8  0.129   39.2
2014 05 27  0.183 -0.003 8  0.183   53.9
2014 05 28  0.241  0.077 1  0.253   75.2
2014 05 29  0.280  0.164 1  0.324   97.9
2014 05 30  0.297  0.254 1  0.391  119.8
2014 05 31  0.292  0.342 2  0.450  139.9
2014 06 01  0.265  0.425 2  0.500  157.3
2014 06 02  0.215  0.497 2  0.541  171.9
2014 06 03  0.145  0.555 2  0.573  183.4
2014 06 04  0.058  0.595 2  0.598  192.0
2014 06 05 -0.043  0.615 3  0.616  198.2
2014 06 06 -0.155  0.613 3  0.632  202.4
2014 06 07 -0.272  0.589 3  0.648  205.6
2014 06 08 -0.389  0.542 3  0.667  208.6
2014 06 09 -0.501  0.473 4  0.689  212.1
2014 06 10 -0.603  0.385 4  0.715  216.8
2014 06 11 -0.690  0.281 4  0.745  222.8
2014 06 12 -0.758  0.163 4  0.775  229.8
2014 06 13 -0.803  0.038 4  0.803  237.2
2014 06 14 -0.821 -0.091 5  0.826  244.2
2014 06 15 -0.812 -0.219 5  0.841  249.8
2014 06 16 -0.774 -0.340 5  0.846  253.3
2014 06 17 -0.709 -0.449 5  0.839  254.1
2014 06 18 -0.617 -0.542 5  0.821  251.9
2014 06 19 -0.501 -0.614 6  0.793  246.8
2014 06 20 -0.366 -0.664 6  0.758  239.2
2014 06 21 -0.216 -0.687 6  0.720  229.9
2014 06 22 -0.058 -0.683 6  0.685  220.3
2014 06 23  0.103 -0.652 7  0.660  211.8
2014 06 24  0.261 -0.594 7  0.649  205.9
2014 06 25  0.408 -0.512 7  0.655  204.0
2014 06 26  0.538 -0.409 8  0.676  206.3
2014 06 27  0.647 -0.289 8  0.708  212.3
2014 06 28  0.728 -0.157 8  0.745  220.8
2014 06 29  0.779 -0.018 8  0.779  230.0
2014 06 30  0.796  0.121 1  0.806  238.3
2014 07 01  0.780  0.256 1  0.821  244.4
2014 07 02  0.728  0.380 1  0.822  247.4
2014 07 03  0.645  0.488 1  0.809  246.7
2014 07 04  0.532  0.575 2  0.783  242.5
2014 07 05  0.393  0.637 2  0.748  235.4
2014 07 06  0.235  0.670 2  0.710  226.3
2014 07 07  0.064  0.672 2  0.675  217.0
2014 07 08 -0.114  0.643 3  0.653  209.5
2014 07 09 -0.291  0.583 3  0.652  206.2
2014 07 10 -0.461  0.492 3  0.675  208.8
2014 07 11 -0.616  0.375 4  0.721  218.2
2014 07 12 -0.750  0.233 4  0.786  233.8
2014 07 13 -0.858  0.072 4  0.861  254.3
2014 07 14 -0.935 -0.105 5  0.941  278.1
2014 07 15 -0.979 -0.290 5  1.021  303.6
2014 07 16 -0.987 -0.479 5  1.097  329.4
2014 07 17 -0.958 -0.665 5  1.167  354.7
2014 07 18 -0.895 -0.844 5  1.230  378.8
2014 07 19 -0.800 -1.009 6  1.288  401.4
2014 07 20 -0.675 -1.157 6  1.339  422.0
2014 07 21 -0.525 -1.282 6  1.386  440.5
2014 07 22 -0.356 -1.382 6  1.427  456.7
2014 07 23 -0.174 -1.454 6  1.464  470.4
2014 07 24  0.017 -1.496 7  1.496  481.2
2014 07 25  0.208 -1.509 7  1.523  489.0
2014 07 26  0.396 -1.491 7  1.542  493.4
2014 07 27  0.573 -1.443 7  1.553  494.0
2014 07 28  0.736 -1.369 7  1.554  490.8
2014 07 29  0.879 -1.269 7  1.544  483.5
2014 07 30  1.001 -1.146 7  1.522  472.3
2014 07 31  1.098 -1.003 8  1.488  457.4
2014 08 01  1.170 -0.845 8  1.443  439.3
2014 08 02  1.215 -0.673 8  1.389  418.8
2014 08 03  1.234 -0.492 8  1.328  397.0
2014 08 04  1.228 -0.305 8  1.265  375.4
2014 08 05  1.198 -0.115 8  1.204  355.6
2014 08 06  1.148  0.075 1  1.150  339.6
2014 08 07  1.078  0.261 1  1.109  329.2
2014 08 08  0.993  0.441 1  1.086  325.5
2014 08 09  0.893  0.613 1  1.083  329.1
2014 08 10  0.782  0.773 1  1.100  339.4
2014 08 11  0.663  0.921 2  1.135  355.1
2014 08 12  0.537  1.054 2  1.183  374.2
2014 08 13  0.406  1.171 2  1.239  395.1
2014 08 14  0.272  1.269 2  1.298  415.8
2014 08 15  0.137  1.347 2  1.354  435.1
2014 08 16  0.001  1.405 2  1.405  451.7
2014 08 17 -0.134  1.440 3  1.446  464.7
2014 08 18 -0.268  1.452 3  1.477  473.6
2014 08 19 -0.399  1.441 3  1.495  478.0
2014 08 20 -0.526  1.405 3  1.500  477.7
2014 08 21 -0.648  1.345 3  1.493  472.9
2014 08 22 -0.764  1.261 3  1.474  463.9
2014 08 23 -0.871  1.153 3  1.445  451.3
2014 08 24 -0.969  1.024 3  1.409  436.1
2014 08 25 -1.054  0.874 4  1.369  419.3
2014 08 26 -1.125  0.707 4  1.329  402.4
2014 08 27 -1.179  0.525 4  1.291  386.9
2014 08 28 -1.214  0.333 4  1.259  374.0
2014 08 29 -1.229  0.133 4  1.236  365.1
2014 08 30 -1.220 -0.069 5  1.222  360.8
2014 08 31 -1.188 -0.268 5  1.218  361.0
2014 09 01 -1.131 -0.460 5  1.220  365.0
2014 09 02 -1.049 -0.638 5  1.227  371.3
2014 09 03 -0.943 -0.798 5  1.235  378.6
2014 09 04 -0.815 -0.935 6  1.240  385.0
2014 09 05 -0.668 -1.044 6  1.240  389.4
2014 09 06 -0.505 -1.122 6  1.231  390.5
2014 09 07 -0.329 -1.167 6  1.213  387.7
2014 09 08 -0.147 -1.176 6  1.185  380.7
2014 09 09  0.037 -1.149 7  1.150  369.7
2014 09 10  0.217 -1.087 7  1.108  355.3
2014 09 11  0.387 -0.991 7  1.064  338.5
2014 09 12  0.541 -0.865 7  1.020  320.7
2014 09 13  0.675 -0.713 7  0.982  303.7
2014 09 14  0.783 -0.540 8  0.952  289.2
2014 09 15  0.863 -0.353 8  0.933  279.0
2014 09 16  0.912 -0.159 8  0.925  273.9
2014 09 17  0.927  0.035 1  0.928  274.0
2014 09 18  0.911  0.221 1  0.937  278.1
2014 09 19  0.863  0.393 1  0.948  284.4
2014 09 20  0.787  0.544 1  0.957  290.8
2014 09 21  0.687  0.668 1  0.958  295.3
2014 09 22  0.567  0.760 2  0.948  296.3
2014 09 23  0.434  0.817 2  0.926  292.4
2014 09 24  0.294  0.837 2  0.888  283.0
2014 09 25  0.154  0.820 2  0.835  267.6
2014 09 26  0.020  0.767 2  0.767  246.6
2014 09 27 -0.101  0.680 3  0.687  220.6
2014 09 28 -0.203  0.563 3  0.599  190.8
2014 09 29 -0.283  0.423 3  0.509  159.7
2014 09 30 -0.336  0.266 4  0.428  130.9
2014 10 01 -0.360  0.099 4  0.373  110.8
2014 10 02 -0.354 -0.071 5  0.361  106.9
2014 10 03 -0.319 -0.235 5  0.397  120.9
2014 10 04 -0.258 -0.387 6  0.465  145.9
2014 10 05 -0.173 -0.519 6  0.547  174.6
2014 10 06 -0.070 -0.625 6  0.629  202.2
2014 10 07  0.046 -0.701 7  0.703  226.0
2014 10 08  0.169 -0.744 7  0.763  244.4
2014 10 09  0.292 -0.751 7  0.806  256.5
2014 10 10  0.408 -0.723 7  0.830  261.8
2014 10 11  0.511 -0.661 7  0.835  260.5
2014 10 12  0.594 -0.568 8  0.822  253.2
2014 10 13  0.654 -0.449 8  0.793  241.0
2014 10 14  0.685 -0.309 8  0.752  225.3
2014 10 15  0.686 -0.156 8  0.703  208.5
2014 10 16  0.655  0.003 1  0.655  193.2
2014 10 17  0.592  0.161 1  0.614  182.4
2014 10 18  0.501  0.311 1  0.589  178.5
2014 10 19  0.384  0.444 2  0.587  182.3
2014 10 20  0.245  0.556 2  0.608  192.8
2014 10 21  0.091  0.640 2  0.646  207.5
2014 10 22 -0.071  0.692 3  0.696  223.5
2014 10 23 -0.235  0.710 3  0.748  238.8
2014 10 24 -0.394  0.694 3  0.798  251.5
2014 10 25 -0.539  0.643 3  0.839  260.9
2014 10 26 -0.666  0.560 4  0.870  266.5
2014 10 27 -0.767  0.449 4  0.889  268.5
2014 10 28 -0.838  0.315 4  0.895  267.3
2014 10 29 -0.876  0.164 4  0.891  263.8
2014 10 30 -0.878  0.003 4  0.878  259.1
2014 10 31 -0.844 -0.161 5  0.859  254.3
2014 11 01 -0.774 -0.319 5  0.837  250.5
2014 11 02 -0.672 -0.465 5  0.817  248.4
2014 11 03 -0.541 -0.591 6  0.802  248.3
2014 11 04 -0.386 -0.692 6  0.793  250.2
2014 11 05 -0.214 -0.763 6  0.793  253.4
2014 11 06 -0.031 -0.800 6  0.800  257.4
2014 11 07  0.155 -0.801 7  0.815  261.4
2014 11 08  0.336 -0.765 7  0.835  265.2
2014 11 09  0.506 -0.693 7  0.859  268.5
2014 11 10  0.658 -0.589 8  0.883  271.3
2014 11 11  0.785 -0.457 8  0.908  274.2
2014 11 12  0.882 -0.301 8  0.931  277.6
2014 11 13  0.945 -0.127 8  0.954  282.0
2014 11 14  0.973  0.056 1  0.975  287.8
2014 11 15  0.964  0.242 1  0.994  295.1
2014 11 16  0.920  0.423 1  1.012  303.7
2014 11 17  0.841  0.592 1  1.029  312.9
2014 11 18  0.733  0.742 2  1.043  322.0
2014 11 19  0.599  0.867 2  1.053  330.0
2014 11 20  0.445  0.962 2  1.060  336.1
2014 11 21  0.278  1.025 2  1.062  339.6
2014 11 22  0.104  1.052 2  1.057  339.6
2014 11 23 -0.069  1.043 3  1.045  336.0
2014 11 24 -0.234  0.999 3  1.026  328.6
2014 11 25 -0.385  0.922 3  0.999  317.5
2014 11 26 -0.516  0.816 3  0.965  303.3
2014 11 27 -0.622  0.684 3  0.925  286.6
2014 11 28 -0.699  0.534 4  0.880  268.5
2014 11 29 -0.745  0.370 4  0.832  250.1
2014 11 30 -0.759  0.200 4  0.785  233.0
2014 12 01 -0.740  0.030 4  0.741  218.6
2014 12 02 -0.690 -0.133 5  0.703  208.1
2014 12 03 -0.612 -0.283 5  0.674  202.2
2014 12 04 -0.509 -0.414 5  0.656  200.8
2014 12 05 -0.386 -0.522 6  0.649  202.9
2014 12 06 -0.248 -0.603 6  0.652  207.3
2014 12 07 -0.102 -0.654 6  0.662  212.5
2014 12 08  0.047 -0.674 7  0.676  217.2
2014 12 09  0.192 -0.663 7  0.690  220.5
2014 12 10  0.327 -0.621 7  0.702  221.8
2014 12 11  0.446 -0.551 7  0.709  220.7
2014 12 12  0.545 -0.456 8  0.710  217.6
2014 12 13  0.618 -0.340 8  0.705  212.6
2014 12 14  0.663 -0.208 8  0.694  206.7
2014 12 15  0.676 -0.065 8  0.679  200.7
2014 12 16  0.658  0.083 1  0.663  195.9
2014 12 17  0.607  0.230 1  0.649  193.7
2014 12 18  0.524  0.371 1  0.642  195.3
2014 12 19  0.412  0.499 2  0.648  201.5
2014 12 20  0.274  0.611 2  0.669  212.4
2014 12 21  0.115  0.700 2  0.709  227.6
2014 12 22 -0.062  0.764 3  0.766  246.3
2014 12 23 -0.250  0.799 3  0.837  267.4
2014 12 24 -0.443  0.804 3  0.918  289.7
2014 12 25 -0.634  0.778 3  1.003  312.4
2014 12 26 -0.817  0.720 4  1.089  334.4
2014 12 27 -0.986  0.632 4  1.171  355.0
2014 12 28 -1.134  0.517 4  1.246  373.7
2014 12 29 -1.256  0.377 4  1.311  390.0
2014 12 30 -1.347  0.216 4  1.364  403.5
2014 12 31 -1.403  0.039 4  1.403  414.2
2015 01 01 -1.421 -0.148 5  1.428  422.0
2015 01 02 -1.399 -0.340 5  1.440  427.2
2015 01 03 -1.338 -0.530 5  1.439  430.1
2015 01 04 -1.238 -0.713 5  1.429  431.4
2015 01 05 -1.102 -0.883 5  1.412  431.6
2015 01 06 -0.932 -1.034 6  1.392  431.5
2015 01 07 -0.735 -1.161 6  1.374  431.7
2015 01 08 -0.515 -1.260 6  1.361  432.8
2015 01 09 -0.279 -1.329 6  1.358  435.1
2015 01 10 -0.034 -1.364 6  1.364  438.6
2015 01 11  0.213 -1.364 7  1.380  443.1
2015 01 12  0.453 -1.329 7  1.404  447.9
2015 01 13  0.679 -1.261 7  1.433  452.5
2015 01 14  0.885 -1.162 7  1.461  455.9
2015 01 15  1.064 -1.034 8  1.484  457.5
2015 01 16  1.211 -0.883 8  1.499  456.5
2015 01 17  1.322 -0.712 8  1.501  452.3
2015 01 18  1.393 -0.528 8  1.489  444.8
2015 01 19  1.423 -0.336 8  1.462  433.6
2015 01 20  1.411 -0.143 8  1.419  419.1
2015 01 21  1.360  0.045 1  1.361  401.7
2015 01 22  1.271  0.223 1  1.291  382.1
2015 01 23  1.150  0.385 1  1.212  361.2
2015 01 24  0.999  0.526 1  1.129  340.1
2015 01 25  0.827  0.644 1  1.048  320.1
2015 01 26  0.639  0.734 2  0.974  302.3
2015 01 27  0.443  0.797 2  0.912  287.7
2015 01 28  0.247  0.830 2  0.866  276.8
2015 01 29  0.056  0.836 2  0.838  269.3
2015 01 30 -0.121  0.815 3  0.824  264.6
2015 01 31 -0.279  0.772 3  0.820  261.4
2015 02 01 -0.412  0.709 3  0.820  258.3
2015 02 02 -0.517  0.631 3  0.816  253.9
2015 02 03 -0.591  0.543 4  0.803  247.0
2015 02 04 -0.633  0.451 4  0.778  236.7
2015 02 05 -0.644  0.359 4  0.737  222.4
2015 02 06 -0.623  0.273 4  0.680  203.9
2015 02 07 -0.576  0.197 4  0.608  181.3
2015 02 08 -0.504  0.134 4  0.522  155.0
2015 02 09 -0.415  0.087 4  0.424  125.6
2015 02 10 -0.312  0.058 4  0.318   94.0
2015 02 11 -0.203  0.047 4  0.208   61.8
2015 02 12 -0.093  0.055 4  0.108   32.6
2015 02 13  0.012  0.079 2  0.080   25.7
2015 02 14  0.106  0.117 2  0.158   49.1
2015 02 15  0.186  0.166 1  0.249   76.6
2015 02 16  0.246  0.222 1  0.332  101.9
2015 02 17  0.285  0.281 1  0.400  123.4
2015 02 18  0.301  0.337 2  0.452  140.1
2015 02 19  0.294  0.387 2  0.486  151.7
2015 02 20  0.265  0.427 2  0.502  157.9
2015 02 21  0.215  0.452 2  0.501  158.7
2015 02 22  0.148  0.461 2  0.484  154.6
2015 02 23  0.068  0.451 2  0.456  146.5
2015 02 24 -0.022  0.421 3  0.422  135.7
2015 02 25 -0.117  0.372 3  0.390  124.5
2015 02 26 -0.212  0.303 3  0.370  115.9
2015 02 27 -0.303  0.218 4  0.373  113.6
2015 02 28 -0.385  0.118 4  0.403  119.8
2015 03 01 -0.456  0.007 4  0.456  134.5
2015 03 02 -0.511 -0.111 5  0.523  155.1
2015 03 03 -0.550 -0.232 5  0.597  178.7
2015 03 04 -0.570 -0.352 5  0.670  202.9
2015 03 05 -0.572 -0.467 5  0.738  225.9
2015 03 06 -0.555 -0.573 6  0.797  246.4
2015 03 07 -0.520 -0.666 6  0.844  263.3
2015 03 08 -0.469 -0.743 6  0.879  276.2
2015 03 09 -0.403 -0.803 6  0.899  284.5
2015 03 10 -0.327 -0.844 6  0.905  288.1
2015 03 11 -0.241 -0.865 6  0.898  287.2
2015 03 12 -0.149 -0.867 6  0.879  282.1
2015 03 13 -0.054 -0.849 6  0.850  273.4
2015 03 14  0.042 -0.813 7  0.814  261.8
2015 03 15  0.137 -0.761 7  0.773  248.1
2015 03 16  0.227 -0.695 7  0.732  233.4
2015 03 17  0.311 -0.618 7  0.692  219.0
2015 03 18  0.388 -0.532 7  0.658  205.8
2015 03 19  0.455 -0.440 8  0.633  195.0
2015 03 20  0.513 -0.344 8  0.617  187.3
2015 03 21  0.559 -0.246 8  0.611  183.1
2015 03 22  0.595 -0.150 8  0.613  182.0
2015 03 23  0.619 -0.056 8  0.621  183.5
2015 03 24  0.631  0.033 1  0.632  186.6
2015 03 25  0.632  0.116 1  0.643  190.3
2015 03 26  0.622  0.193 1  0.651  193.8
2015 03 27  0.601  0.261 1  0.656  196.4
2015 03 28  0.570  0.322 1  0.655  197.6
2015 03 29  0.529  0.374 1  0.648  197.2
2015 03 30  0.480  0.418 1  0.637  195.3
2015 03 31  0.423  0.453 2  0.620  191.9
2015 04 01  0.360  0.480 2  0.600  187.3
2015 04 02  0.292  0.498 2  0.578  182.0
2015 04 03  0.219  0.510 2  0.555  176.3
2015 04 04  0.145  0.514 2  0.534  170.7
2015 04 05  0.070  0.511 2  0.516  165.8
2015 04 06 -0.004  0.503 3  0.503  161.7
2015 04 07 -0.076  0.489 3  0.495  158.7
2015 04 08 -0.144  0.469 3  0.491  156.8
2015 04 09 -0.206  0.446 3  0.491  155.6
2015 04 10 -0.261  0.418 3  0.493  154.9
2015 04 11 -0.309  0.387 3  0.495  154.2
2015 04 12 -0.348  0.353 3  0.495  153.0
2015 04 13 -0.378  0.316 4  0.493  150.9
2015 04 14 -0.398  0.278 4  0.486  147.7
2015 04 15 -0.409  0.239 4  0.474  143.1
2015 04 16 -0.411  0.199 4  0.457  137.1
2015 04 17 -0.404  0.159 4  0.434  129.8
2015 04 18 -0.390  0.118 4  0.407  121.2
2015 04 19 -0.369  0.079 4  0.377  111.7
2015 04 20 -0.342  0.040 4  0.344  101.7
2015 04 21 -0.311  0.003 4  0.311   91.7
2015 04 22 -0.277 -0.033 5  0.279   82.4
2015 04 23 -0.241 -0.066 5  0.250   74.3
2015 04 24 -0.205 -0.098 5  0.227   68.2
2015 04 25 -0.170 -0.127 5  0.212   64.7
2015 04 26 -0.137 -0.154 6  0.206   63.8
2015 04 27 -0.107 -0.177 6  0.207   65.2
2015 04 28 -0.081 -0.198 6  0.214   68.1
2015 04 29 -0.059 -0.217 6  0.225   71.9
2015 04 30 -0.042 -0.232 6  0.236   75.8
2015 05 01 -0.031 -0.246 6  0.248   79.5
2015 05 02 -0.024 -0.257 6  0.258   82.9
2015 05 03 -0.021 -0.266 6  0.267   85.8
2015 05 04 -0.023 -0.274 6  0.275   88.3
2015 05 05 -0.028 -0.281 6  0.282   90.6
2015 05 06 -0.035 -0.287 6  0.289   92.8
2015 05 07 -0.044 -0.293 6  0.296   95.0
2015 05 08 -0.052 -0.299 6  0.303   97.4
2015 05 09 -0.058 -0.306 6  0.311   99.8
2015 05 10 -0.060 -0.313 6  0.319  102.2
2015 05 11 -0.057 -0.321 6  0.326  104.5
2015 05 12 -0.048 -0.328 6  0.332  106.5
2015 05 13 -0.030 -0.335 6  0.337  108.2
2015 05 14 -0.002 -0.341 6  0.341  109.7
2015 05 15  0.037 -0.344 7  0.346  111.2
2015 05 16  0.088 -0.343 7  0.354  113.3
2015 05 17  0.150 -0.336 7  0.368  116.9
2015 05 18  0.225 -0.322 7  0.393  123.0
2015 05 19  0.310 -0.299 8  0.430  132.6
2015 05 20  0.404 -0.264 8  0.483  146.5
2015 05 21  0.507 -0.217 8  0.551  165.0
2015 05 22  0.613 -0.156 8  0.633  187.9
2015 05 23  0.722 -0.079 8  0.726  214.6
2015 05 24  0.828  0.013 1  0.828  244.5
2015 05 25  0.928  0.120 1  0.936  276.6
2015 05 26  1.017  0.243 1  1.046  310.3
2015 05 27  1.091  0.379 1  1.155  344.4
2015 05 28  1.146  0.527 1  1.261  378.3
2015 05 29  1.176  0.684 1  1.361  411.0
2015 05 30  1.180  0.846 1  1.451  441.8
2015 05 31  1.152  1.008 1  1.531  469.9
2015 06 01  1.091  1.168 2  1.598  494.8
2015 06 02  0.996  1.319 2  1.653  516.0
2015 06 03  0.866  1.456 2  1.694  533.3
2015 06 04  0.701  1.574 2  1.723  546.8
2015 06 05  0.503  1.668 2  1.742  556.5
2015 06 06  0.275  1.733 2  1.755  563.2
2015 06 07  0.022  1.765 2  1.765  567.7
2015 06 08 -0.252  1.761 3  1.779  571.0
2015 06 09 -0.540  1.717 3  1.800  574.7
2015 06 10 -0.836  1.633 3  1.834  580.1
2015 06 11 -1.132  1.507 3  1.885  588.7
2015 06 12 -1.420  1.342 4  1.954  601.6
2015 06 13 -1.693  1.137 4  2.040  619.4
2015 06 14 -1.943  0.898 4  2.141  642.1
2015 06 15 -2.162  0.628 4  2.251  669.3
2015 06 16 -2.343  0.333 4  2.366  699.8
2015 06 17 -2.481  0.018 4  2.481  732.2
2015 06 18 -2.570 -0.309 5  2.588  764.9
2015 06 19 -2.606 -0.641 5  2.684  796.4
2015 06 20 -2.588 -0.970 5  2.764  825.2
2015 06 21 -2.514 -1.288 5  2.825  849.9
2015 06 22 -2.385 -1.588 5  2.865  869.6
2015 06 23 -2.202 -1.862 5  2.883  883.7
2015 06 24 -1.969 -2.103 6  2.881  891.6
2015 06 25 -1.691 -2.305 6  2.859  893.6
2015 06 26 -1.373 -2.463 6  2.820  889.8
2015 06 27 -1.022 -2.574 6  2.769  881.0
2015 06 28 -0.647 -2.634 6  2.712  868.2
2015 06 29 -0.256 -2.641 6  2.653  852.7
2015 06 30  0.143 -2.596 7  2.600  835.8
2015 07 01  0.539 -2.499 7  2.556  819.1
2015 07 02  0.924 -2.352 7  2.527  803.9
2015 07 03  1.289 -2.158 7  2.514  791.5
2015 07 04  1.625 -1.923 7  2.518  782.6
2015 07 05  1.924 -1.652 8  2.536  777.5
2015 07 06  2.179 -1.350 8  2.563  776.0
2015 07 07  2.385 -1.025 8  2.596  777.3
2015 07 08  2.537 -0.684 8  2.628  780.5
2015 07 09  2.631 -0.335 8  2.653  784.1
2015 07 10  2.666  0.013 1  2.666  787.1
2015 07 11  2.642  0.353 1  2.666  788.1
2015 07 12  2.560  0.677 1  2.648  786.4
2015 07 13  2.422  0.978 1  2.612  781.1
2015 07 14  2.234  1.249 1  2.559  772.1
2015 07 15  2.001  1.484 1  2.491  759.2
2015 07 16  1.729  1.678 1  2.409  742.6
2015 07 17  1.426  1.827 2  2.318  722.9
2015 07 18  1.102  1.929 2  2.222  700.6
2015 07 19  0.765  1.983 2  2.126  676.5
2015 07 20  0.423  1.988 2  2.033  651.5
2015 07 21  0.088  1.946 2  1.948  626.4
2015 07 22 -0.234  1.860 3  1.874  602.0
2015 07 23 -0.534  1.732 3  1.812  578.8
2015 07 24 -0.804  1.568 3  1.762  557.3
2015 07 25 -1.039  1.374 3  1.722  537.8
2015 07 26 -1.234  1.155 4  1.690  520.2
2015 07 27 -1.385  0.920 4  1.663  504.6
2015 07 28 -1.491  0.674 4  1.637  490.7
2015 07 29 -1.552  0.426 4  1.610  478.2
2015 07 30 -1.569  0.181 4  1.580  466.9
2015 07 31 -1.545 -0.053 5  1.546  456.4
2015 08 01 -1.483 -0.271 5  1.508  446.4
2015 08 02 -1.389 -0.467 5  1.465  436.6
2015 08 03 -1.267 -0.638 5  1.419  426.7
2015 08 04 -1.125 -0.781 5  1.369  416.3
2015 08 05 -0.968 -0.894 5  1.317  405.1
2015 08 06 -0.802 -0.975 6  1.263  392.9
2015 08 07 -0.633 -1.026 6  1.206  379.3
2015 08 08 -0.467 -1.048 6  1.147  364.1
2015 08 09 -0.309 -1.042 6  1.086  347.2
2015 08 10 -0.160 -1.011 6  1.024  328.6
2015 08 11 -0.026 -0.959 6  0.960  308.6
2015 08 12  0.094 -0.890 7  0.895  287.5
2015 08 13  0.197 -0.806 7  0.830  265.7
2015 08 14  0.285 -0.712 7  0.767  243.9
2015 08 15  0.357 -0.611 7  0.707  222.8
2015 08 16  0.415 -0.506 7  0.654  203.5
2015 08 17  0.460 -0.400 8  0.609  187.0
2015 08 18  0.495 -0.294 8  0.576  174.1
2015 08 19  0.522 -0.192 8  0.556  165.8
2015 08 20  0.541 -0.093 8  0.549  162.4
2015 08 21  0.554  0.001 1  0.554  163.6
2015 08 22  0.563  0.091 1  0.570  168.8
2015 08 23  0.568  0.174 1  0.594  176.7
2015 08 24  0.568  0.253 1  0.622  186.4
2015 08 25  0.564  0.327 1  0.651  196.7
2015 08 26  0.554  0.395 1  0.680  206.9
2015 08 27  0.537  0.458 1  0.705  216.3
2015 08 28  0.512  0.515 2  0.726  224.2
2015 08 29  0.479  0.565 2  0.741  230.2
2015 08 30  0.436  0.608 2  0.748  234.1
2015 08 31  0.383  0.642 2  0.748  235.5
2015 09 01  0.319  0.667 2  0.740  234.3
2015 09 02  0.246  0.681 2  0.724  230.6
2015 09 03  0.164  0.682 2  0.702  224.7
2015 09 04  0.076  0.670 2  0.675  216.8
2015 09 05 -0.016  0.645 3  0.645  207.4
2015 09 06 -0.110  0.605 3  0.615  197.3
2015 09 07 -0.202  0.552 3  0.588  187.2
2015 09 08 -0.290  0.485 3  0.565  177.9
2015 09 09 -0.369  0.407 3  0.549  170.2
2015 09 10 -0.436  0.320 4  0.541  164.8
2015 09 11 -0.491  0.225 4  0.540  161.9
2015 09 12 -0.529  0.126 4  0.544  161.3
2015 09 13 -0.551  0.027 4  0.551  162.8
2015 09 14 -0.555 -0.070 5  0.560  165.4
2015 09 15 -0.543 -0.162 5  0.567  168.6
2015 09 16 -0.516 -0.244 5  0.571  171.4
2015 09 17 -0.476 -0.316 5  0.571  173.4
2015 09 18 -0.426 -0.373 5  0.567  174.0
2015 09 19 -0.370 -0.416 6  0.557  172.8
2015 09 20 -0.311 -0.444 6  0.542  169.7
2015 09 21 -0.252 -0.456 6  0.522  164.6
2015 09 22 -0.198 -0.455 6  0.496  157.5
2015 09 23 -0.152 -0.441 6  0.466  148.6
2015 09 24 -0.116 -0.417 6  0.432  138.3
2015 09 25 -0.092 -0.386 6  0.396  127.0
2015 09 26 -0.080 -0.351 6  0.360  115.5
2015 09 27 -0.081 -0.317 6  0.327  104.7
2015 09 28 -0.093 -0.286 6  0.301   96.1
2015 09 29 -0.115 -0.262 6  0.286   90.8
2015 09 30 -0.143 -0.247 6  0.286   90.0
2015 10 01 -0.174 -0.244 6  0.299   93.7
2015 10 02 -0.203 -0.253 6  0.324  101.1
2015 10 03 -0.227 -0.275 6  0.357  111.0
2015 10 04 -0.242 -0.310 6  0.393  122.5
2015 10 05 -0.242 -0.355 6  0.430  134.7
2015 10 06 -0.227 -0.408 6  0.467  147.3
2015 10 07 -0.191 -0.467 6  0.504  160.3
2015 10 08 -0.135 -0.526 6  0.544  173.9
2015 10 09 -0.058 -0.583 6  0.586  188.3
2015 10 10  0.039 -0.632 7  0.634  203.7
2015 10 11  0.154 -0.670 7  0.688  220.2
2015 10 12  0.285 -0.692 7  0.748  237.8
2015 10 13  0.426 -0.695 7  0.815  256.3
2015 10 14  0.572 -0.676 7  0.885  275.2
2015 10 15  0.718 -0.634 8  0.958  294.0
2015 10 16  0.858 -0.567 8  1.029  312.2
2015 10 17  0.986 -0.478 8  1.095  329.0
2015 10 18  1.095 -0.367 8  1.155  344.0
2015 10 19  1.180 -0.238 8  1.204  356.7
2015 10 20  1.238 -0.093 8  1.242  366.7
2015 10 21  1.264  0.061 1  1.266  373.7
2015 10 22  1.257  0.220 1  1.276  377.8
2015 10 23  1.216  0.379 1  1.273  379.0
2015 10 24  1.141  0.531 1  1.258  377.5
2015 10 25  1.034  0.672 1  1.233  373.9
2015 10 26  0.898  0.795 1  1.200  368.4
2015 10 27  0.739  0.898 2  1.163  361.8
2015 10 28  0.561  0.975 2  1.125  354.5
2015 10 29  0.371  1.025 2  1.090  347.2
2015 10 30  0.174  1.046 2  1.060  340.2
2015 10 31 -0.022  1.038 3  1.038  333.8
2015 11 01 -0.211  1.002 3  1.024  328.3
2015 11 02 -0.388  0.941 3  1.017  323.4
2015 11 03 -0.546  0.857 3  1.016  319.1
2015 11 04 -0.681  0.754 3  1.015  314.8
2015 11 05 -0.790  0.636 4  1.014  310.1
2015 11 06 -0.870  0.509 4  1.008  304.6
2015 11 07 -0.920  0.379 4  0.995  297.7
2015 11 08 -0.941  0.248 4  0.974  289.1
2015 11 09 -0.934  0.124 4  0.942  278.6
2015 11 10 -0.900  0.009 4  0.900  265.8
2015 11 11 -0.843 -0.091 5  0.848  250.7
2015 11 12 -0.767 -0.176 5  0.787  233.4
2015 11 13 -0.676 -0.241 5  0.718  214.1
2015 11 14 -0.575 -0.287 5  0.642  193.1
2015 11 15 -0.467 -0.313 5  0.562  170.8
2015 11 16 -0.359 -0.319 5  0.480  147.5
2015 11 17 -0.254 -0.307 6  0.399  124.0
2015 11 18 -0.156 -0.279 6  0.320  101.0
2015 11 19 -0.069 -0.238 6  0.248   79.1
2015 11 20  0.006 -0.186 7  0.186   59.8
2015 11 21  0.066 -0.127 7  0.143   45.2
2015 11 22  0.110 -0.064 8  0.127   38.4
2015 11 23  0.139 -0.000 8  0.139   40.9
2015 11 24  0.152  0.062 1  0.164   49.0
2015 11 25  0.151  0.118 1  0.192   58.7
2015 11 26  0.138  0.169 2  0.218   67.9
2015 11 27  0.115  0.210 2  0.240   75.7
2015 11 28  0.084  0.243 2  0.257   81.9
2015 11 29  0.048  0.265 2  0.270   86.5
2015 11 30  0.010  0.278 2  0.278   89.4
2015 12 01 -0.030  0.282 3  0.283   91.0
2015 12 02 -0.067  0.277 3  0.285   91.2
2015 12 03 -0.102  0.265 3  0.284   90.4
2015 12 04 -0.133  0.248 3  0.281   88.7
2015 12 05 -0.158  0.226 3  0.276   86.4
2015 12 06 -0.179  0.201 3  0.269   83.6
2015 12 07 -0.195  0.175 4  0.262   80.6
2015 12 08 -0.208  0.148 4  0.255   77.6
2015 12 09 -0.217  0.121 4  0.249   75.0
2015 12 10 -0.225  0.095 4  0.244   73.1
2015 12 11 -0.233  0.069 4  0.243   72.1
2015 12 12 -0.241  0.042 4  0.245   72.5
2015 12 13 -0.252  0.015 4  0.253   74.6
2015 12 14 -0.266 -0.014 5  0.266   78.5
2015 12 15 -0.282 -0.046 5  0.286   84.6
2015 12 16 -0.302 -0.081 5  0.312   92.8
2015 12 17 -0.324 -0.121 5  0.346  103.2
2015 12 18 -0.347 -0.166 5  0.385  115.6
2015 12 19 -0.370 -0.218 5  0.430  129.8
2015 12 20 -0.391 -0.275 5  0.478  145.5
2015 12 21 -0.408 -0.338 5  0.529  162.1
2015 12 22 -0.418 -0.405 5  0.582  179.3
2015 12 23 -0.418 -0.475 6  0.633  196.5
2015 12 24 -0.408 -0.547 6  0.682  213.1
2015 12 25 -0.384 -0.618 6  0.727  228.6
2015 12 26 -0.345 -0.684 6  0.767  242.6
2015 12 27 -0.292 -0.745 6  0.800  254.5
2015 12 28 -0.222 -0.795 6  0.826  264.1
2015 12 29 -0.138 -0.834 6  0.845  271.2
2015 12 30 -0.041 -0.857 6  0.858  275.8
2015 12 31  0.067 -0.863 7  0.865  278.1
2016 01 01  0.183 -0.849 7  0.869  278.4
2016 01 02  0.303 -0.816 7  0.870  277.1
2016 01 03  0.423 -0.762 7  0.871  274.8
2016 01 04  0.539 -0.687 7  0.873  272.3
2016 01 05  0.646 -0.594 8  0.878  270.0
2016 01 06  0.741 -0.485 8  0.885  268.5
2016 01 07  0.819 -0.362 8  0.895  268.2
2016 01 08  0.877 -0.228 8  0.906  269.1
2016 01 09  0.913 -0.089 8  0.917  271.0
2016 01 10  0.925  0.052 1  0.927  273.7
2016 01 11  0.914  0.190 1  0.933  276.5
2016 01 12  0.878  0.321 1  0.935  279.0
2016 01 13  0.820  0.441 1  0.931  280.6
2016 01 14  0.743  0.545 1  0.922  280.8
2016 01 15  0.650  0.632 1  0.906  279.3
2016 01 16  0.544  0.697 2  0.885  275.9
2016 01 17  0.431  0.741 2  0.858  270.3
2016 01 18  0.316  0.763 2  0.826  262.6
2016 01 19  0.203  0.764 2  0.790  252.7
2016 01 20  0.096  0.744 2  0.750  240.9
2016 01 21 -0.000  0.706 3  0.706  227.1
2016 01 22 -0.083  0.654 3  0.659  211.8
2016 01 23 -0.149  0.591 3  0.609  195.0
2016 01 24 -0.198  0.520 3  0.557  177.2
2016 01 25 -0.229  0.446 3  0.502  158.7
2016 01 26 -0.244  0.373 3  0.446  140.0
2016 01 27 -0.243  0.305 3  0.390  121.4
2016 01 28 -0.230  0.243 3  0.335  103.6
2016 01 29 -0.208  0.191 4  0.283   86.9
2016 01 30 -0.181  0.151 4  0.235   72.1
2016 01 31 -0.152  0.122 4  0.195   59.7
2016 02 01 -0.126  0.106 4  0.165   50.5
2016 02 02 -0.107  0.100 4  0.147   45.2
2016 02 03 -0.097  0.104 3  0.142   44.1
2016 02 04 -0.100  0.114 3  0.152   47.1
2016 02 05 -0.117  0.128 3  0.173   53.7
2016 02 06 -0.147  0.143 4  0.206   63.4
2016 02 07 -0.192  0.155 4  0.247   75.6
2016 02 08 -0.250  0.162 4  0.298   90.2
2016 02 09 -0.318  0.159 4  0.355  106.9
2016 02 10 -0.393  0.145 4  0.419  125.0
2016 02 11 -0.471  0.119 4  0.486  144.2
2016 02 12 -0.548  0.078 4  0.554  163.8
2016 02 13 -0.620  0.024 4  0.621  183.2
2016 02 14 -0.682 -0.045 5  0.683  201.8
2016 02 15 -0.729 -0.124 5  0.740  219.0
2016 02 16 -0.759 -0.214 5  0.789  234.4
2016 02 17 -0.768 -0.309 5  0.828  247.6
2016 02 18 -0.754 -0.408 5  0.857  258.3
2016 02 19 -0.716 -0.505 5  0.876  266.5
2016 02 20 -0.653 -0.597 5  0.885  272.2
2016 02 21 -0.568 -0.680 6  0.886  275.6
2016 02 22 -0.462 -0.749 6  0.880  276.8
2016 02 23 -0.338 -0.802 6  0.870  276.5
2016 02 24 -0.200 -0.835 6  0.858  274.9
2016 02 25 -0.053 -0.846 6  0.848  272.5
2016 02 26  0.098 -0.834 7  0.840  269.7
2016 02 27  0.247 -0.799 7  0.836  267.0
2016 02 28  0.391 -0.740 7  0.837  264.5
2016 02 29  0.522 -0.660 7  0.842  262.4
2016 03 01  0.637 -0.562 8  0.849  260.7
2016 03 02  0.731 -0.447 8  0.857  259.3
2016 03 03  0.802 -0.319 8  0.864  258.1
2016 03 04  0.848 -0.184 8  0.867  257.1
2016 03 05  0.866 -0.044 8  0.867  256.0
2016 03 06  0.857  0.094 1  0.862  254.7
2016 03 07  0.822  0.228 1  0.853  253.3
2016 03 08  0.762  0.351 1  0.839  251.7
2016 03 09  0.680  0.462 1  0.822  249.7
2016 03 10  0.580  0.556 1  0.803  247.5
2016 03 11  0.466  0.630 2  0.784  244.9
2016 03 12  0.342  0.683 2  0.764  241.8
2016 03 13  0.212  0.714 2  0.745  238.1
2016 03 14  0.082  0.723 2  0.727  233.6
2016 03 15 -0.045  0.708 3  0.710  228.2
2016 03 16 -0.163  0.673 3  0.693  221.8
2016 03 17 -0.269  0.619 3  0.675  214.3
2016 03 18 -0.361  0.547 3  0.655  205.7
2016 03 19 -0.434  0.462 3  0.634  196.2
2016 03 20 -0.488  0.366 4  0.610  186.0
2016 03 21 -0.521  0.262 4  0.584  175.5
2016 03 22 -0.534  0.154 4  0.556  165.2
2016 03 23 -0.526  0.047 4  0.528  155.9
2016 03 24 -0.498 -0.058 5  0.501  148.1
2016 03 25 -0.453 -0.155 5  0.478  142.6
2016 03 26 -0.392 -0.244 5  0.461  139.7
2016 03 27 -0.319 -0.320 6  0.452  139.4
2016 03 28 -0.236 -0.382 6  0.449  141.3
2016 03 29 -0.148 -0.428 6  0.453  144.6
2016 03 30 -0.058 -0.458 6  0.462  148.4
2016 03 31  0.030 -0.471 7  0.472  151.8
2016 04 01  0.113 -0.468 7  0.481  154.1
2016 04 02  0.188 -0.449 7  0.487  154.6
2016 04 03  0.252 -0.416 7  0.486  153.0
2016 04 04  0.302 -0.371 7  0.478  148.8
2016 04 05  0.337 -0.316 8  0.462  142.2
2016 04 06  0.356 -0.255 8  0.438  133.2
2016 04 07  0.358 -0.189 8  0.405  122.0
2016 04 08  0.345 -0.123 8  0.366  109.3
2016 04 09  0.317 -0.060 8  0.323   95.6
2016 04 10  0.278 -0.001 8  0.278   81.9
2016 04 11  0.228  0.051 1  0.234   69.3
2016 04 12  0.172  0.093 1  0.196   59.0
2016 04 13  0.114  0.125 2  0.169   52.3
2016 04 14  0.056  0.145 2  0.156   49.5
2016 04 15  0.002  0.154 2  0.154   49.7
2016 04 16 -0.044  0.153 3  0.159   50.8
2016 04 17 -0.080  0.142 3  0.163   51.3
2016 04 18 -0.102  0.123 3  0.160   49.7
2016 04 19 -0.110  0.098 4  0.148   45.4
2016 04 20 -0.103  0.070 4  0.125   38.0
2016 04 21 -0.081  0.042 4  0.091   27.5
2016 04 22 -0.044  0.017 4  0.047   14.1
2016 04 23  0.005 -0.004 8  0.007    2.0
2016 04 24  0.064 -0.018 8  0.067   19.8
2016 04 25  0.130 -0.023 8  0.132   39.1
2016 04 26  0.199 -0.017 8  0.200   59.1
2016 04 27  0.268  0.000 1  0.268   79.1
2016 04 28  0.332  0.029 1  0.333   98.5
2016 04 29  0.388  0.068 1  0.394  116.6
2016 04 30  0.432  0.117 1  0.447  132.9
2016 05 01  0.461  0.174 1  0.492  147.0
2016 05 02  0.473  0.236 1  0.528  158.8
2016 05 03  0.466  0.301 1  0.555  168.2
2016 05 04  0.439  0.366 1  0.572  175.1
2016 05 05  0.393  0.428 2  0.581  180.1
2016 05 06  0.329  0.484 2  0.585  183.3
2016 05 07  0.248  0.530 2  0.585  185.5
2016 05 08  0.153  0.565 2  0.585  187.2
2016 05 09  0.047  0.586 2  0.588  188.9
2016 05 10 -0.067  0.591 3  0.595  191.2
2016 05 11 -0.183  0.580 3  0.609  194.3
2016 05 12 -0.300  0.553 3  0.629  198.5
2016 05 13 -0.412  0.508 3  0.654  203.7
2016 05 14 -0.515  0.448 4  0.683  209.5
2016 05 15 -0.607  0.374 4  0.713  215.7
2016 05 16 -0.683  0.287 4  0.741  221.8
2016 05 17 -0.743  0.190 4  0.767  227.6
2016 05 18 -0.782  0.086 4  0.787  232.6
2016 05 19 -0.801 -0.023 5  0.802  236.7
2016 05 20 -0.799 -0.133 5  0.810  239.7
2016 05 21 -0.775 -0.242 5  0.812  241.5
2016 05 22 -0.729 -0.346 5  0.807  242.2
2016 05 23 -0.663 -0.442 5  0.797  241.9
2016 05 24 -0.578 -0.528 5  0.783  240.9
2016 05 25 -0.476 -0.602 6  0.768  239.2
2016 05 26 -0.359 -0.661 6  0.752  237.5
2016 05 27 -0.229 -0.703 6  0.739  236.0
2016 05 28 -0.088 -0.727 6  0.733  235.3
2016 05 29  0.059 -0.732 7  0.735  236.1
2016 05 30  0.210 -0.717 7  0.747  238.8
2016 05 31  0.362 -0.682 7  0.772  243.9
2016 06 01  0.512 -0.626 7  0.809  251.7
2016 06 02  0.655 -0.551 8  0.856  262.1
2016 06 03  0.787 -0.457 8  0.910  274.9
2016 06 04  0.906 -0.346 8  0.970  289.6
2016 06 05  1.006 -0.220 8  1.030  305.3
2016 06 06  1.085 -0.082 8  1.088  321.4
2016 06 07  1.139  0.065 1  1.141  336.8
2016 06 08  1.164  0.218 1  1.184  350.7
2016 06 09  1.158  0.373 1  1.217  362.2
2016 06 10  1.119  0.524 1  1.236  370.9
2016 06 11  1.046  0.667 1  1.241  376.0
2016 06 12  0.939  0.797 1  1.232  377.5
2016 06 13  0.798  0.909 2  1.210  375.4
2016 06 14  0.626  0.997 2  1.178  370.2
2016 06 15  0.427  1.058 2  1.141  362.9
2016 06 16  0.204  1.087 2  1.106  354.8
2016 06 17 -0.036  1.082 3  1.082  348.0
2016 06 18 -0.287  1.038 3  1.077  344.5
2016 06 19 -0.540  0.957 3  1.098  346.5
2016 06 20 -0.787  0.837 3  1.149  355.5
2016 06 21 -1.019  0.681 4  1.225  371.9
2016 06 22 -1.227  0.491 4  1.322  395.2
2016 06 23 -1.404  0.272 4  1.430  423.6
2016 06 24 -1.541  0.030 4  1.541  455.0
2016 06 25 -1.632 -0.229 5  1.648  487.3
2016 06 26 -1.671 -0.495 5  1.743  518.3
2016 06 27 -1.656 -0.761 5  1.822  546.5
2016 06 28 -1.584 -1.016 5  1.882  570.4
2016 06 29 -1.456 -1.252 5  1.921  589.0
2016 06 30 -1.277 -1.459 6  1.939  601.8
2016 07 01 -1.049 -1.629 6  1.938  608.7
2016 07 02 -0.782 -1.755 6  1.921  609.7
2016 07 03 -0.483 -1.830 6  1.893  605.6
2016 07 04 -0.164 -1.851 6  1.858  597.1
2016 07 05  0.165 -1.814 7  1.821  585.3
2016 07 06  0.490 -1.720 7  1.788  571.6
2016 07 07  0.800 -1.570 7  1.762  557.2
2016 07 08  1.081 -1.368 7  1.744  543.5
2016 07 09  1.323 -1.121 8  1.734  531.5
2016 07 10  1.517 -0.836 8  1.732  522.2
2016 07 11  1.653 -0.523 8  1.734  516.0
2016 07 12  1.726 -0.192 8  1.736  513.1
2016 07 13  1.732  0.145 1  1.738  513.4
2016 07 14  1.671  0.477 1  1.738  516.5
2016 07 15  1.545  0.791 1  1.735  522.1
2016 07 16  1.357  1.078 1  1.733  529.7
2016 07 17  1.115  1.327 2  1.733  538.9
2016 07 18  0.827  1.530 2  1.740  549.4
2016 07 19  0.505  1.681 2  1.755  560.6
2016 07 20  0.161  1.773 2  1.780  572.1
2016 07 21 -0.193  1.806 3  1.816  583.4
2016 07 22 -0.543  1.778 3  1.859  593.7
2016 07 23 -0.877  1.692 3  1.906  602.5
2016 07 24 -1.183  1.551 3  1.951  608.8
2016 07 25 -1.449  1.363 4  1.989  612.3
2016 07 26 -1.667  1.133 4  2.015  612.2
2016 07 27 -1.829  0.872 4  2.026  608.3
2016 07 28 -1.932  0.588 4  2.019  600.7
2016 07 29 -1.972  0.292 4  1.993  589.5
2016 07 30 -1.949 -0.005 5  1.949  575.4
2016 07 31 -1.867 -0.296 5  1.890  559.2
2016 08 01 -1.729 -0.569 5  1.820  542.2
2016 08 02 -1.542 -0.818 5  1.745  525.6
2016 08 03 -1.313 -1.035 5  1.672  510.8
2016 08 04 -1.051 -1.215 6  1.607  499.0
2016 08 05 -0.767 -1.355 6  1.557  491.0
2016 08 06 -0.469 -1.452 6  1.526  487.1
2016 08 07 -0.168 -1.506 6  1.516  487.0
2016 08 08  0.127 -1.519 7  1.524  489.8
2016 08 09  0.407 -1.491 7  1.546  494.3
2016 08 10  0.665 -1.427 7  1.575  499.2
2016 08 11  0.895 -1.331 7  1.604  503.1
2016 08 12  1.092 -1.208 7  1.629  504.9
2016 08 13  1.253 -1.063 8  1.643  503.7
2016 08 14  1.375 -0.902 8  1.645  498.9
2016 08 15  1.459 -0.730 8  1.631  490.5
2016 08 16  1.505 -0.552 8  1.603  478.4
2016 08 17  1.515 -0.373 8  1.560  462.9
2016 08 18  1.492 -0.197 8  1.505  444.8
2016 08 19  1.439 -0.028 8  1.439  424.8
2016 08 20  1.361  0.131 1  1.367  403.9
2016 08 21  1.262  0.279 1  1.292  383.1
2016 08 22  1.146  0.413 1  1.218  363.4
2016 08 23  1.018  0.532 1  1.149  345.8
2016 08 24  0.882  0.636 1  1.087  331.1
2016 08 25  0.742  0.725 1  1.037  319.8
2016 08 26  0.600  0.798 2  0.999  311.9
2016 08 27  0.461  0.857 2  0.973  307.3
2016 08 28  0.326  0.901 2  0.958  305.3
2016 08 29  0.197  0.931 2  0.952  305.0
2016 08 30  0.076  0.948 2  0.951  305.8
2016 08 31 -0.037  0.953 3  0.954  306.6
2016 09 01 -0.139  0.945 3  0.956  306.8
2016 09 02 -0.232  0.927 3  0.955  305.8
2016 09 03 -0.314  0.898 3  0.951  303.2
2016 09 04 -0.386  0.858 3  0.941  298.6
2016 09 05 -0.447  0.810 3  0.925  292.0
2016 09 06 -0.497  0.754 3  0.903  283.3
2016 09 07 -0.537  0.690 3  0.874  272.6
2016 09 08 -0.566  0.620 3  0.840  260.1
2016 09 09 -0.585  0.545 4  0.800  246.1
2016 09 10 -0.595  0.467 4  0.756  231.0
2016 09 11 -0.595  0.386 4  0.710  215.2
2016 09 12 -0.587  0.306 4  0.662  199.2
2016 09 13 -0.571  0.226 4  0.614  183.5
2016 09 14 -0.548  0.149 4  0.568  168.6
2016 09 15 -0.519  0.075 4  0.524  155.1
2016 09 16 -0.486  0.007 4  0.486  143.4
2016 09 17 -0.449 -0.055 5  0.452  133.7
2016 09 18 -0.410 -0.111 5  0.425  126.3
2016 09 19 -0.371 -0.160 5  0.404  120.9
2016 09 20 -0.331 -0.202 5  0.388  117.5
2016 09 21 -0.293 -0.238 5  0.378  115.6
2016 09 22 -0.257 -0.269 6  0.372  114.9
2016 09 23 -0.222 -0.294 6  0.369  115.2
2016 09 24 -0.190 -0.316 6  0.369  116.2
2016 09 25 -0.160 -0.335 6  0.372  117.8
2016 09 26 -0.131 -0.353 6  0.377  120.0
2016 09 27 -0.103 -0.371 6  0.385  123.0
2016 09 28 -0.074 -0.388 6  0.395  126.7
2016 09 29 -0.043 -0.406 6  0.409  131.3
2016 09 30 -0.010 -0.426 6  0.426  136.9
2016 10 01  0.026 -0.445 7  0.446  143.4
2016 10 02  0.067 -0.465 7  0.470  150.9
2016 10 03  0.113 -0.484 7  0.497  159.1
2016 10 04  0.164 -0.500 7  0.526  168.0
2016 10 05  0.220 -0.513 7  0.558  177.2
2016 10 06  0.279 -0.520 7  0.590  186.4
2016 10 07  0.341 -0.520 7  0.622  195.2
2016 10 08  0.403 -0.512 7  0.651  203.1
2016 10 09  0.464 -0.493 7  0.677  209.5
2016 10 10  0.520 -0.464 8  0.697  214.1
2016 10 11  0.569 -0.424 8  0.709  216.3
2016 10 12  0.608 -0.373 8  0.713  215.8
2016 10 13  0.634 -0.311 8  0.707  212.3
2016 10 14  0.645 -0.241 8  0.689  205.7
2016 10 15  0.639 -0.164 8  0.660  195.9
2016 10 16  0.615 -0.082 8  0.620  183.4
2016 10 17  0.571  0.002 1  0.571  168.5
2016 10 18  0.508  0.084 1  0.515  152.3
2016 10 19  0.427  0.160 1  0.456  136.1
2016 10 20  0.329  0.229 1  0.401  122.0
2016 10 21  0.219  0.286 2  0.360  112.3
2016 10 22  0.099  0.328 2  0.343  109.5
2016 10 23 -0.027  0.355 3  0.356  114.3
2016 10 24 -0.153  0.363 3  0.394  125.1
2016 10 25 -0.275  0.352 3  0.447  139.4
2016 10 26 -0.387  0.324 4  0.505  154.6
2016 10 27 -0.485  0.278 4  0.559  168.9
2016 10 28 -0.565  0.217 4  0.605  180.8
2016 10 29 -0.622  0.143 4  0.639  189.4
2016 10 30 -0.655  0.061 4  0.658  194.3
2016 10 31 -0.661 -0.025 5  0.661  195.3
2016 11 01 -0.640 -0.113 5  0.650  192.3
2016 11 02 -0.592 -0.196 5  0.624  185.8
2016 11 03 -0.520 -0.270 5  0.586  176.4
2016 11 04 -0.427 -0.332 5  0.541  165.1
2016 11 05 -0.316 -0.377 6  0.492  153.0
2016 11 06 -0.193 -0.404 6  0.447  141.8
2016 11 07 -0.062 -0.410 6  0.414  133.0
2016 11 08  0.070 -0.394 7  0.400  128.4
2016 11 09  0.198 -0.357 7  0.408  128.8
2016 11 10  0.317 -0.299 8  0.436  134.2
2016 11 11  0.422 -0.223 8  0.477  143.6
2016 11 12  0.507 -0.132 8  0.524  155.6
2016 11 13  0.571 -0.028 8  0.572  168.8
2016 11 14  0.611  0.083 1  0.616  182.2
2016 11 15  0.624  0.197 1  0.655  194.9
2016 11 16  0.613  0.311 1  0.687  206.6
2016 11 17  0.576  0.419 1  0.712  216.9
2016 11 18  0.517  0.517 1  0.731  225.6
2016 11 19  0.438  0.602 2  0.744  232.7
2016 11 20  0.343  0.670 2  0.753  238.2
2016 11 21  0.236  0.720 2  0.758  241.9
2016 11 22  0.122  0.750 2  0.760  243.9
2016 11 23  0.004  0.759 2  0.759  244.2
2016 11 24 -0.112  0.748 3  0.756  242.8
2016 11 25 -0.223  0.717 3  0.751  239.7
2016 11 26 -0.324  0.667 3  0.742  234.9
2016 11 27 -0.413  0.602 3  0.730  228.6
2016 11 28 -0.486  0.522 3  0.714  220.9
2016 11 29 -0.543  0.432 4  0.694  212.1
2016 11 30 -0.581  0.335 4  0.671  202.5
2016 12 01 -0.601  0.232 4  0.644  192.5
2016 12 02 -0.602  0.129 4  0.616  182.6
2016 12 03 -0.586  0.026 4  0.587  173.3
2016 12 04 -0.554 -0.072 5  0.559  165.2
2016 12 05 -0.508 -0.163 5  0.533  158.8
2016 12 06 -0.449 -0.246 5  0.512  154.3
2016 12 07 -0.380 -0.319 5  0.496  152.0
2016 12 08 -0.303 -0.381 6  0.487  151.7
2016 12 09 -0.222 -0.430 6  0.483  152.9
2016 12 10 -0.138 -0.465 6  0.486  155.1
2016 12 11 -0.055 -0.488 6  0.491  157.8
2016 12 12  0.026 -0.498 7  0.498  160.2
2016 12 13  0.102 -0.494 7  0.505  161.8
2016 12 14  0.172 -0.479 7  0.509  162.2
2016 12 15  0.232 -0.453 7  0.509  161.0
2016 12 16  0.283 -0.417 7  0.504  157.9
2016 12 17  0.322 -0.373 7  0.492  152.9
2016 12 18  0.348 -0.322 8  0.474  145.8
2016 12 19  0.362 -0.265 8  0.449  136.7
2016 12 20  0.363 -0.206 8  0.417  125.8
2016 12 21  0.350 -0.145 8  0.379  113.5
2016 12 22  0.326 -0.085 8  0.337  100.1
2016 12 23  0.291 -0.027 8  0.292   86.4
2016 12 24  0.246  0.026 1  0.248   73.2
2016 12 25  0.194  0.073 1  0.207   61.9
2016 12 26  0.136  0.113 1  0.177   54.1
2016 12 27  0.075  0.144 2  0.162   51.2
2016 12 28  0.013  0.166 2  0.166   53.4
2016 12 29 -0.047  0.178 3  0.184   58.8
2016 12 30 -0.102  0.180 3  0.207   65.2
2016 12 31 -0.149  0.173 3  0.228   70.9
2017 01 01 -0.186  0.158 4  0.244   74.9
2017 01 02 -0.212  0.136 4  0.252   76.4
2017 01 03 -0.225  0.109 4  0.250   75.1
2017 01 04 -0.223  0.079 4  0.237   70.7
2017 01 05 -0.208  0.049 4  0.213   63.3
2017 01 06 -0.179  0.019 4  0.180   53.1
2017 01 07 -0.137 -0.006 5  0.137   40.5
2017 01 08 -0.085 -0.026 5  0.089   26.4
2017 01 09 -0.025 -0.038 6  0.046   14.3
2017 01 10  0.039 -0.041 7  0.056   17.4
2017 01 11  0.104 -0.034 8  0.109   32.5
2017 01 12  0.166 -0.017 8  0.167   49.3
2017 01 13  0.221  0.009 1  0.221   65.3
2017 01 14  0.266  0.044 1  0.270   79.8
2017 01 15  0.297  0.086 1  0.309   92.0
2017 01 16  0.312  0.133 1  0.339  101.5
2017 01 17  0.309  0.181 1  0.358  108.2
2017 01 18  0.286  0.229 1  0.366  112.0
2017 01 19  0.243  0.273 2  0.365  113.3
2017 01 20  0.182  0.309 2  0.359  112.9
2017 01 21  0.104  0.335 2  0.351  111.9
2017 01 22  0.012  0.347 2  0.348  111.8
2017 01 23 -0.090  0.345 3  0.356  114.0
2017 01 24 -0.198  0.325 3  0.381  119.7
2017 01 25 -0.307  0.287 4  0.421  129.4
2017 01 26 -0.412  0.232 4  0.473  142.6
2017 01 27 -0.508  0.159 4  0.532  158.3
2017 01 28 -0.589  0.071 4  0.593  175.2
2017 01 29 -0.651 -0.030 5  0.651  192.3
2017 01 30 -0.690 -0.140 5  0.704  208.6
2017 01 31 -0.703 -0.256 5  0.748  223.3
2017 02 01 -0.689 -0.374 5  0.783  236.1
2017 02 02 -0.645 -0.488 5  0.809  246.7
2017 02 03 -0.573 -0.594 6  0.825  255.2
2017 02 04 -0.474 -0.688 6  0.836  261.8
2017 02 05 -0.352 -0.765 6  0.842  267.2
2017 02 06 -0.209 -0.823 6  0.849  271.7
2017 02 07 -0.052 -0.857 6  0.859  276.1
2017 02 08  0.115 -0.867 7  0.875  280.8
2017 02 09  0.285 -0.851 7  0.897  286.2
2017 02 10  0.452 -0.808 7  0.926  292.1
2017 02 11  0.609 -0.741 7  0.959  298.4
2017 02 12  0.749 -0.651 8  0.992  304.5
2017 02 13  0.867 -0.541 8  1.022  309.6
2017 02 14  0.959 -0.416 8  1.045  313.0
2017 02 15  1.020 -0.279 8  1.057  314.0
2017 02 16  1.047 -0.135 8  1.056  312.1
2017 02 17  1.040  0.011 1  1.040  306.9
2017 02 18  0.998  0.152 1  1.009  298.5
2017 02 19  0.922  0.285 1  0.965  287.2
2017 02 20  0.816  0.405 1  0.911  273.8
2017 02 21  0.684  0.507 1  0.851  259.4
2017 02 22  0.529  0.589 2  0.792  245.5
2017 02 23  0.359  0.648 2  0.741  233.8
2017 02 24  0.178  0.683 2  0.706  225.9
2017 02 25 -0.005  0.694 3  0.694  223.1
2017 02 26 -0.185  0.681 3  0.705  225.6
2017 02 27 -0.356  0.645 3  0.737  232.5
2017 02 28 -0.511  0.590 3  0.780  242.3
2017 03 01 -0.645  0.518 4  0.827  253.0
2017 03 02 -0.754  0.434 4  0.870  262.8
2017 03 03 -0.836  0.341 4  0.903  270.1
2017 03 04 -0.888  0.243 4  0.921  273.6
2017 03 05 -0.910  0.146 4  0.922  272.7
2017 03 06 -0.902  0.052 4  0.903  266.6
2017 03 07 -0.865 -0.033 5  0.865  255.5
2017 03 08 -0.802 -0.108 5  0.809  239.3
2017 03 09 -0.717 -0.170 5  0.737  218.6
2017 03 10 -0.614 -0.216 5  0.651  194.1
2017 03 11 -0.497 -0.247 5  0.555  166.8
2017 03 12 -0.372 -0.261 5  0.454  138.1
2017 03 13 -0.243 -0.259 6  0.355  109.8
2017 03 14 -0.115 -0.242 6  0.268   85.0
2017 03 15  0.007 -0.214 7  0.214   68.7
2017 03 16  0.119 -0.174 7  0.211   66.2
2017 03 17  0.218 -0.128 8  0.253   76.4
2017 03 18  0.301 -0.077 8  0.311   92.3
2017 03 19  0.366 -0.024 8  0.367  108.4
2017 03 20  0.412  0.027 1  0.413  122.1
2017 03 21  0.439  0.074 1  0.446  131.9
2017 03 22  0.447  0.115 1  0.462  137.1
2017 03 23  0.438  0.147 1  0.462  137.6
2017 03 24  0.412  0.170 1  0.446  133.3
2017 03 25  0.372  0.182 1  0.415  124.6
2017 03 26  0.322  0.184 1  0.370  111.8
2017 03 27  0.262  0.175 1  0.315   95.6
2017 03 28  0.197  0.156 1  0.251   76.7
2017 03 29  0.128  0.129 2  0.182   56.2
2017 03 30  0.059  0.096 2  0.113   35.4
2017 03 31 -0.008  0.058 3  0.058   18.8
2017 04 01 -0.072  0.017 4  0.074   21.9
2017 04 02 -0.130 -0.024 5  0.132   39.2
2017 04 03 -0.182 -0.064 5  0.193   57.6
2017 04 04 -0.226 -0.102 5  0.248   74.4
2017 04 05 -0.262 -0.135 5  0.295   88.7
2017 04 06 -0.290 -0.162 5  0.332  100.2
2017 04 07 -0.309 -0.184 5  0.359  108.6
2017 04 08 -0.319 -0.199 5  0.376  113.9
2017 04 09 -0.321 -0.208 5  0.382  115.9
2017 04 10 -0.314 -0.210 5  0.378  114.8
2017 04 11 -0.300 -0.208 5  0.365  110.8
2017 04 12 -0.277 -0.200 5  0.342  104.1
2017 04 13 -0.247 -0.189 5  0.311   94.9
2017 04 14 -0.209 -0.175 5  0.273   83.5
2017 04 15 -0.164 -0.159 5  0.229   70.5
2017 04 16 -0.113 -0.142 6  0.182   56.6
2017 04 17 -0.056 -0.125 6  0.137   43.4
2017 04 18  0.006 -0.107 7  0.108   34.6
2017 04 19  0.071 -0.090 7  0.115   35.8
2017 04 20  0.139 -0.073 8  0.157   47.3
2017 04 21  0.208 -0.056 8  0.215   63.9
2017 04 22  0.275 -0.040 8  0.278   82.2
2017 04 23  0.340 -0.023 8  0.340  100.5
2017 04 24  0.399 -0.006 8  0.399  117.9
2017 04 25  0.452  0.012 1  0.452  133.5
2017 04 26  0.496  0.030 1  0.497  146.7
2017 04 27  0.529  0.049 1  0.532  157.0
2017 04 28  0.551  0.069 1  0.555  164.1
2017 04 29  0.559  0.089 1  0.566  167.6
2017 04 30  0.555  0.109 1  0.565  167.4
2017 05 01  0.537  0.129 1  0.552  163.7
2017 05 02  0.506  0.148 1  0.527  156.6
2017 05 03  0.463  0.165 1  0.492  146.6
2017 05 04  0.411  0.179 1  0.449  134.4
2017 05 05  0.351  0.192 1  0.400  120.6
2017 05 06  0.286  0.201 1  0.350  106.3
2017 05 07  0.218  0.208 1  0.301   92.7
2017 05 08  0.150  0.211 2  0.259   81.1
2017 05 09  0.085  0.212 2  0.228   72.7
2017 05 10  0.026  0.211 2  0.212   68.1
2017 05 11 -0.027  0.207 3  0.209   67.2
2017 05 12 -0.070  0.203 3  0.215   68.6
2017 05 13 -0.103  0.199 3  0.224   70.9
2017 05 14 -0.126  0.195 3  0.233   73.0
2017 05 15 -0.139  0.193 3  0.238   74.3
2017 05 16 -0.142  0.192 3  0.239   74.6
2017 05 17 -0.137  0.194 3  0.237   74.2
2017 05 18 -0.125  0.197 3  0.234   73.4
2017 05 19 -0.109  0.203 3  0.231   72.9
2017 05 20 -0.091  0.211 3  0.230   72.9
2017 05 21 -0.073  0.219 3  0.231   73.8
2017 05 22 -0.057  0.228 3  0.235   75.3
2017 05 23 -0.045  0.236 3  0.240   77.0
2017 05 24 -0.039  0.242 3  0.245   78.5
2017 05 25 -0.040  0.244 3  0.247   79.4
2017 05 26 -0.048  0.242 3  0.247   79.1
2017 05 27 -0.063  0.235 3  0.243   77.8
2017 05 28 -0.085  0.222 3  0.237   75.5
2017 05 29 -0.112  0.202 3  0.231   72.9
2017 05 30 -0.143  0.176 3  0.227   70.6
2017 05 31 -0.177  0.144 4  0.228   69.7
2017 06 01 -0.211  0.106 4  0.236   70.9
2017 06 02 -0.243  0.064 4  0.251   74.5
2017 06 03 -0.271  0.019 4  0.272   80.2
2017 06 04 -0.294 -0.028 5  0.295   87.2
2017 06 05 -0.310 -0.075 5  0.319   94.5
2017 06 06 -0.318 -0.120 5  0.339  101.3
2017 06 07 -0.317 -0.161 5  0.355  106.9
2017 06 08 -0.308 -0.197 5  0.365  110.6
2017 06 09 -0.290 -0.226 5  0.367  112.2
2017 06 10 -0.264 -0.247 5  0.362  111.3
2017 06 11 -0.232 -0.260 6  0.348  108.1
2017 06 12 -0.194 -0.264 6  0.328  102.4
2017 06 13 -0.151 -0.260 6  0.301   94.7
2017 06 14 -0.106 -0.247 6  0.269   85.3
2017 06 15 -0.060 -0.226 6  0.234   74.7
2017 06 16 -0.013 -0.198 6  0.199   63.8
2017 06 17  0.032 -0.165 7  0.168   53.8
2017 06 18  0.075 -0.127 7  0.147   46.4
2017 06 19  0.115 -0.086 8  0.144   43.8
2017 06 20  0.152 -0.043 8  0.158   46.9
2017 06 21  0.185  0.001 1  0.185   54.5
2017 06 22  0.213  0.045 1  0.218   64.6
2017 06 23  0.237  0.089 1  0.253   75.6
2017 06 24  0.256  0.131 1  0.288   86.6
2017 06 25  0.270  0.171 1  0.320   97.0
2017 06 26  0.278  0.210 1  0.349  106.3
2017 06 27  0.280  0.246 1  0.373  114.4
2017 06 28  0.274  0.280 2  0.392  121.1
2017 06 29  0.260  0.311 2  0.405  126.1
2017 06 30  0.237  0.338 2  0.413  129.3
2017 07 01  0.203  0.362 2  0.415  130.9
2017 07 02  0.159  0.380 2  0.412  130.9
2017 07 03  0.104  0.391 2  0.405  129.5
2017 07 04  0.037  0.395 2  0.397  127.5
2017 07 05 -0.040  0.389 3  0.391  125.7
2017 07 06 -0.127  0.372 3  0.393  125.3
2017 07 07 -0.222  0.342 3  0.408  128.0
2017 07 08 -0.323  0.297 4  0.439  134.9
2017 07 09 -0.426  0.237 4  0.487  146.9
2017 07 10 -0.528  0.160 4  0.551  164.0
2017 07 11 -0.624  0.067 4  0.628  185.5
2017 07 12 -0.711 -0.043 5  0.713  210.4
2017 07 13 -0.784 -0.167 5  0.802  237.6
2017 07 14 -0.838 -0.305 5  0.891  266.0
2017 07 15 -0.869 -0.451 5  0.979  294.6
2017 07 16 -0.873 -0.604 5  1.061  322.6
2017 07 17 -0.848 -0.757 5  1.137  349.1
2017 07 18 -0.791 -0.906 6  1.203  373.5
2017 07 19 -0.704 -1.046 6  1.261  395.3
2017 07 20 -0.586 -1.169 6  1.308  413.9
2017 07 21 -0.439 -1.272 6  1.345  429.0
2017 07 22 -0.268 -1.348 6  1.374  440.5
2017 07 23 -0.077 -1.392 6  1.394  448.2
2017 07 24  0.126 -1.401 7  1.407  452.2
2017 07 25  0.336 -1.373 7  1.414  452.6
2017 07 26  0.544 -1.306 7  1.415  449.6
2017 07 27  0.741 -1.201 7  1.411  443.8
2017 07 28  0.920 -1.059 7  1.403  435.6
2017 07 29  1.073 -0.884 8  1.390  425.6
2017 07 30  1.193 -0.681 8  1.374  414.7
2017 07 31  1.274 -0.456 8  1.353  403.7
2017 08 01  1.312 -0.218 8  1.330  393.5
2017 08 02  1.305  0.027 1  1.305  385.2
2017 08 03  1.251  0.270 1  1.280  379.3
2017 08 04  1.153  0.500 1  1.257  376.4
2017 08 05  1.013  0.711 1  1.238  376.5
2017 08 06  0.837  0.894 2  1.225  379.2
2017 08 07  0.632  1.043 2  1.219  383.8
2017 08 08  0.406  1.152 2  1.221  389.2
2017 08 09  0.168  1.217 2  1.228  394.4
2017 08 10 -0.073  1.236 3  1.238  398.1
2017 08 11 -0.305  1.210 3  1.248  399.5
2017 08 12 -0.520  1.141 3  1.254  397.6
2017 08 13 -0.708  1.032 3  1.251  392.1
2017 08 14 -0.863  0.888 3  1.238  382.6
2017 08 15 -0.977  0.717 4  1.212  369.2
2017 08 16 -1.046  0.527 4  1.171  352.2
2017 08 17 -1.068  0.327 4  1.117  332.3
2017 08 18 -1.042  0.125 4  1.050  310.3
2017 08 19 -0.971 -0.068 5  0.973  287.4
2017 08 20 -0.857 -0.246 5  0.892  265.1
2017 08 21 -0.708 -0.399 5  0.812  245.0
2017 08 22 -0.528 -0.521 5  0.742  228.8
2017 08 23 -0.328 -0.607 6  0.690  217.9
2017 08 24 -0.115 -0.654 6  0.664  213.1
2017 08 25  0.100 -0.660 7  0.668  214.4
2017 08 26  0.308 -0.626 7  0.698  221.0
2017 08 27  0.500 -0.554 7  0.746  231.4
2017 08 28  0.667 -0.448 8  0.804  244.0
2017 08 29  0.803 -0.313 8  0.862  257.5
2017 08 30  0.902 -0.156 8  0.915  270.8
2017 08 31  0.959  0.015 1  0.960  283.2
2017 09 01  0.974  0.192 1  0.993  294.0
2017 09 02  0.945  0.366 1  1.014  302.8
2017 09 03  0.875  0.529 1  1.022  309.2
2017 09 04  0.766  0.673 1  1.019  312.9
2017 09 05  0.624  0.791 2  1.007  314.0
2017 09 06  0.456  0.877 2  0.988  312.5
2017 09 07  0.269  0.927 2  0.965  308.5
2017 09 08  0.071  0.939 2  0.942  302.7
2017 09 09 -0.129  0.911 3  0.920  295.5
2017 09 10 -0.322  0.845 3  0.904  287.9
2017 09 11 -0.500  0.743 3  0.896  280.9
2017 09 12 -0.656  0.610 4  0.896  275.6
2017 09 13 -0.782  0.451 4  0.903  272.7
2017 09 14 -0.875  0.273 4  0.917  272.8
2017 09 15 -0.929  0.085 4  0.933  275.7
2017 09 16 -0.944 -0.106 5  0.950  280.8
2017 09 17 -0.919 -0.291 5  0.964  287.0
2017 09 18 -0.856 -0.461 5  0.972  292.9
2017 09 19 -0.757 -0.609 5  0.972  297.2
2017 09 20 -0.628 -0.729 6  0.962  298.8
2017 09 21 -0.475 -0.814 6  0.942  296.8
2017 09 22 -0.304 -0.860 6  0.912  290.8
2017 09 23 -0.125 -0.866 6  0.875  280.8
2017 09 24  0.055 -0.830 7  0.832  267.4
2017 09 25  0.228 -0.755 7  0.788  251.8
2017 09 26  0.385 -0.642 7  0.749  235.8
2017 09 27  0.519 -0.498 8  0.720  221.8
2017 09 28  0.625 -0.329 8  0.706  212.5
2017 09 29  0.696 -0.142 8  0.710  210.4
2017 09 30  0.730  0.055 1  0.732  216.1
2017 10 01  0.725  0.252 1  0.767  228.7
2017 10 02  0.681  0.440 1  0.811  245.8
2017 10 03  0.600  0.611 2  0.856  264.5
2017 10 04  0.487  0.756 2  0.899  282.4
2017 10 05  0.346  0.868 2  0.935  297.3
2017 10 06  0.184  0.942 2  0.960  307.8
2017 10 07  0.010  0.974 2  0.974  313.2
2017 10 08 -0.170  0.961 3  0.976  313.2
2017 10 09 -0.345  0.905 3  0.968  308.2
2017 10 10 -0.507  0.805 3  0.951  299.0
2017 10 11 -0.649  0.667 3  0.930  287.5
2017 10 12 -0.763  0.495 4  0.910  275.8
2017 10 13 -0.844  0.296 4  0.894  266.7
2017 10 14 -0.886  0.080 4  0.890  262.9
2017 10 15 -0.889 -0.147 5  0.901  266.5
2017 10 16 -0.850 -0.373 5  0.928  278.1
2017 10 17 -0.771 -0.591 5  0.972  296.5
2017 10 18 -0.656 -0.791 6  1.028  319.7
2017 10 19 -0.508 -0.967 6  1.092  345.1
2017 10 20 -0.335 -1.110 6  1.159  370.3
2017 10 21 -0.143 -1.216 6  1.225  393.4
2017 10 22  0.059 -1.282 7  1.283  412.7
2017 10 23  0.263 -1.306 7  1.332  427.1
2017 10 24  0.461 -1.289 7  1.369  436.1
2017 10 25  0.645 -1.231 7  1.390  439.3
2017 10 26  0.807 -1.138 7  1.395  436.7
2017 10 27  0.942 -1.014 7  1.384  428.6
2017 10 28  1.045 -0.866 8  1.358  415.7
2017 10 29  1.114 -0.700 8  1.316  398.5
2017 10 30  1.148 -0.523 8  1.261  378.2
2017 10 31  1.146 -0.344 8  1.196  355.8
2017 11 01  1.111 -0.168 8  1.123  332.3
2017 11 02  1.046 -0.003 8  1.046  308.9
2017 11 03  0.957  0.147 1  0.969  286.5
2017 11 04  0.849  0.277 1  0.893  266.0
2017 11 05  0.728  0.385 1  0.824  248.0
2017 11 06  0.601  0.469 1  0.762  232.8
2017 11 07  0.473  0.529 2  0.710  220.1
2017 11 08  0.350  0.568 2  0.667  209.7
2017 11 09  0.237  0.586 2  0.632  200.9
2017 11 10  0.137  0.588 2  0.604  193.3
2017 11 11  0.054  0.578 2  0.580  186.4
2017 11 12 -0.012  0.559 3  0.560  180.0
2017 11 13 -0.062  0.538 3  0.542  174.0
2017 11 14 -0.096  0.517 3  0.526  168.7
2017 11 15 -0.117  0.501 3  0.514  164.7
2017 11 16 -0.128  0.492 3  0.508  162.7
2017 11 17 -0.134  0.493 3  0.510  163.2
2017 11 18 -0.138  0.503 3  0.522  166.9
2017 11 19 -0.145  0.524 3  0.544  174.0
2017 11 20 -0.160  0.554 3  0.577  184.3
2017 11 21 -0.184  0.591 3  0.619  197.6
2017 11 22 -0.220  0.631 3  0.669  213.2
2017 11 23 -0.271  0.672 3  0.725  230.5
2017 11 24 -0.336  0.709 3  0.785  248.7
2017 11 25 -0.415  0.738 3  0.847  267.2
2017 11 26 -0.506  0.755 3  0.909  285.1
2017 11 27 -0.605  0.757 3  0.969  301.9
2017 11 28 -0.709  0.740 3  1.025  316.9
2017 11 29 -0.813  0.702 4  1.075  329.6
2017 11 30 -0.913  0.642 4  1.116  339.6
2017 12 01 -1.003  0.560 4  1.149  346.6
2017 12 02 -1.078  0.456 4  1.171  350.5
2017 12 03 -1.135  0.332 4  1.182  351.6
2017 12 04 -1.168  0.191 4  1.184  350.2
2017 12 05 -1.175  0.037 4  1.176  347.1
2017 12 06 -1.155 -0.127 5  1.162  343.2
2017 12 07 -1.105 -0.296 5  1.144  339.7
2017 12 08 -1.027 -0.464 5  1.127  337.9
2017 12 09 -0.922 -0.626 5  1.115  338.6
2017 12 10 -0.794 -0.778 5  1.111  342.8
2017 12 11 -0.644 -0.915 6  1.119  350.4
2017 12 12 -0.479 -1.034 6  1.139  361.2
2017 12 13 -0.302 -1.130 6  1.170  374.2
2017 12 14 -0.120 -1.202 6  1.208  388.1
2017 12 15  0.063 -1.248 7  1.249  401.7
2017 12 16  0.242 -1.267 7  1.289  413.5
2017 12 17  0.410 -1.259 7  1.324  422.5
2017 12 18  0.564 -1.225 7  1.349  427.7
2017 12 19  0.701 -1.168 7  1.362  428.7
2017 12 20  0.817 -1.088 7  1.361  425.0
2017 12 21  0.910 -0.990 7  1.345  416.6
2017 12 22  0.980 -0.876 8  1.315  403.8
2017 12 23  1.026 -0.750 8  1.271  387.1
2017 12 24  1.049 -0.615 8  1.216  367.3
2017 12 25  1.049 -0.475 8  1.152  345.3
2017 12 26  1.030 -0.332 8  1.082  322.2
2017 12 27  0.992 -0.191 8  1.011  299.3
2017 12 28  0.940 -0.054 8  0.941  277.9
2017 12 29  0.875  0.076 1  0.878  259.3
2017 12 30  0.800  0.198 1  0.824  244.6
2017 12 31  0.719  0.310 1  0.783  234.4
2018 01 01  0.633  0.410 1  0.754  228.7
2018 01 02  0.546  0.498 1  0.739  227.2
2018 01 03  0.460  0.573 2  0.734  228.8
2018 01 04  0.375  0.635 2  0.738  232.3
2018 01 05  0.295  0.685 2  0.745  236.7
2018 01 06  0.218  0.722 2  0.754  241.0
2018 01 07  0.148  0.748 2  0.763  244.5
2018 01 08  0.082  0.764 2  0.768  246.9
2018 01 09  0.022  0.770 2  0.771  247.8
2018 01 10 -0.033  0.769 3  0.769  247.4
2018 01 11 -0.083  0.760 3  0.764  245.6
2018 01 12 -0.130  0.745 3  0.756  242.6
2018 01 13 -0.173  0.725 3  0.745  238.6
2018 01 14 -0.214  0.701 3  0.733  234.0
2018 01 15 -0.254  0.673 3  0.719  228.9
2018 01 16 -0.292  0.642 3  0.705  223.6
2018 01 17 -0.330  0.608 3  0.692  218.4
2018 01 18 -0.367  0.571 3  0.679  213.3
2018 01 19 -0.404  0.532 3  0.668  208.7
2018 01 20 -0.441  0.490 3  0.659  204.5
2018 01 21 -0.478  0.445 4  0.653  200.8
2018 01 22 -0.513  0.395 4  0.648  197.7
2018 01 23 -0.546  0.342 4  0.644  195.2
2018 01 24 -0.577  0.284 4  0.643  193.2
2018 01 25 -0.604  0.221 4  0.643  191.8
2018 01 26 -0.625  0.153 4  0.644  191.0
2018 01 27 -0.641  0.080 4  0.646  190.8
2018 01 28 -0.648  0.003 4  0.648  191.3
2018 01 29 -0.647 -0.079 5  0.652  192.7
2018 01 30 -0.636 -0.163 5  0.657  194.9
2018 01 31 -0.614 -0.250 5  0.663  198.2
2018 02 01 -0.580 -0.337 5  0.671  202.6
2018 02 02 -0.534 -0.423 5  0.681  208.1
2018 02 03 -0.476 -0.505 6  0.694  214.6
2018 02 04 -0.405 -0.581 6  0.708  221.9
2018 02 05 -0.324 -0.649 6  0.726  229.7
2018 02 06 -0.232 -0.708 6  0.745  237.6
2018 02 07 -0.131 -0.754 6  0.765  245.4
2018 02 08 -0.024 -0.785 6  0.786  252.6
2018 02 09  0.088 -0.801 7  0.806  258.9
2018 02 10  0.201 -0.800 7  0.825  264.1
2018 02 11  0.313 -0.782 7  0.843  268.0
2018 02 12  0.422 -0.746 7  0.857  270.4
2018 02 13  0.523 -0.694 7  0.869  271.4
2018 02 14  0.615 -0.625 7  0.877  270.9
2018 02 15  0.695 -0.543 8  0.882  269.3
2018 02 16  0.760 -0.448 8  0.882  266.6
2018 02 17  0.808 -0.345 8  0.878  263.0
2018 02 18  0.839 -0.235 8  0.871  258.8
2018 02 19  0.850 -0.121 8  0.859  254.0
2018 02 20  0.843 -0.008 8  0.843  248.9
2018 02 21  0.817  0.102 1  0.824  243.5
2018 02 22  0.774  0.206 1  0.801  237.8
2018 02 23  0.714  0.301 1  0.774  231.8
2018 02 24  0.639  0.384 1  0.745  225.4
2018 02 25  0.551  0.454 1  0.714  218.6
2018 02 26  0.454  0.509 2  0.682  211.5
2018 02 27  0.349  0.549 2  0.650  204.3
2018 02 28  0.239  0.572 2  0.620  197.1
2018 03 01  0.128  0.580 2  0.594  190.3
2018 03 02  0.017  0.573 2  0.573  184.3
2018 03 03 -0.091  0.552 3  0.559  179.5
2018 03 04 -0.193  0.519 3  0.553  176.2
2018 03 05 -0.287  0.475 3  0.555  174.6
2018 03 06 -0.372  0.422 3  0.563  174.8
2018 03 07 -0.447  0.363 4  0.576  176.3
2018 03 08 -0.511  0.300 4  0.592  179.0
2018 03 09 -0.562  0.234 4  0.609  182.2
2018 03 10 -0.601  0.167 4  0.624  185.4
2018 03 11 -0.628  0.101 4  0.636  188.1
2018 03 12 -0.642  0.037 4  0.643  189.9
2018 03 13 -0.644 -0.025 5  0.645  190.4
2018 03 14 -0.636 -0.082 5  0.641  189.4
2018 03 15 -0.616 -0.135 5  0.631  186.9
2018 03 16 -0.587 -0.184 5  0.615  182.9
2018 03 17 -0.548 -0.228 5  0.593  177.6
2018 03 18 -0.501 -0.267 5  0.568  171.1
2018 03 19 -0.447 -0.302 5  0.540  163.8
2018 03 20 -0.386 -0.333 5  0.510  156.3
2018 03 21 -0.319 -0.359 6  0.481  149.2
2018 03 22 -0.248 -0.382 6  0.455  142.9
2018 03 23 -0.172 -0.400 6  0.436  138.4
2018 03 24 -0.094 -0.414 6  0.425  136.1
2018 03 25 -0.013 -0.424 6  0.424  136.4
2018 03 26  0.069 -0.429 7  0.434  139.3
2018 03 27  0.150 -0.428 7  0.453  144.6
2018 03 28  0.229 -0.422 7  0.480  151.6
2018 03 29  0.306 -0.409 7  0.511  159.6
2018 03 30  0.379 -0.389 7  0.543  167.9
2018 03 31  0.445 -0.363 8  0.574  175.8
2018 04 01  0.505 -0.329 8  0.602  182.7
2018 04 02  0.555 -0.287 8  0.625  188.2
2018 04 03  0.596 -0.239 8  0.642  191.9
2018 04 04  0.626 -0.183 8  0.652  193.8
2018 04 05  0.643 -0.121 8  0.654  193.7
2018 04 06  0.647 -0.053 8  0.649  191.8
2018 04 07  0.638  0.018 1  0.638  188.3
2018 04 08  0.614  0.093 1  0.621  183.7
2018 04 09  0.577  0.168 1  0.601  178.6
2018 04 10  0.526  0.243 1  0.579  173.8
2018 04 11  0.462  0.315 1  0.559  169.9
2018 04 12  0.386  0.383 1  0.544  167.8
2018 04 13  0.299  0.444 2  0.536  168.0
2018 04 14  0.204  0.497 2  0.537  170.7
2018 04 15  0.102  0.539 2  0.548  175.9
2018 04 16 -0.005  0.569 3  0.569  183.0
2018 04 17 -0.114  0.585 3  0.596  191.2
2018 04 18 -0.223  0.587 3  0.628  199.9
2018 04 19 -0.328  0.574 3  0.661  208.3
2018 04 20 -0.426  0.544 3  0.691  215.5
2018 04 21 -0.515  0.500 4  0.717  221.1
2018 04 22 -0.591  0.440 4  0.737  224.5
2018 04 23 -0.651  0.367 4  0.748  225.6
2018 04 24 -0.694  0.282 4  0.749  224.1
2018 04 25 -0.717  0.187 4  0.741  220.1
2018 04 26 -0.718  0.085 4  0.723  213.8
2018 04 27 -0.696 -0.022 5  0.697  205.7
2018 04 28 -0.651 -0.128 5  0.663  196.5
2018 04 29 -0.582 -0.232 5  0.626  187.2
2018 04 30 -0.490 -0.329 5  0.590  179.1
2018 05 01 -0.377 -0.415 6  0.561  173.8
2018 05 02 -0.246 -0.487 6  0.545  172.6
2018 05 03 -0.099 -0.541 6  0.550  176.4
2018 05 04  0.058 -0.574 7  0.577  185.5
2018 05 05  0.223 -0.584 7  0.625  199.0
2018 05 06  0.388 -0.569 7  0.689  215.9
2018 05 07  0.549 -0.528 8  0.762  234.8
2018 05 08  0.701 -0.461 8  0.839  254.4
2018 05 09  0.836 -0.368 8  0.913  273.7
2018 05 10  0.949 -0.253 8  0.982  291.7
2018 05 11  1.036 -0.116 8  1.042  308.0
2018 05 12  1.091  0.036 1  1.091  322.2
2018 05 13  1.110  0.201 1  1.129  334.1
2018 05 14  1.092  0.372 1  1.154  343.9
2018 05 15  1.035  0.544 1  1.169  351.9
2018 05 16  0.938  0.710 1  1.176  358.8
2018 05 17  0.803  0.863 2  1.179  365.1
2018 05 18  0.633  0.998 2  1.182  371.5
2018 05 19  0.433  1.109 2  1.190  378.7
2018 05 20  0.208  1.189 2  1.207  387.3
2018 05 21 -0.036  1.236 3  1.236  397.5
2018 05 22 -0.290  1.244 3  1.278  409.2
2018 05 23 -0.545  1.214 3  1.331  422.2
2018 05 24 -0.794  1.143 3  1.391  435.8
2018 05 25 -1.027  1.032 3  1.456  449.5
2018 05 26 -1.236  0.884 4  1.520  462.6
2018 05 27 -1.414  0.702 4  1.579  474.5
2018 05 28 -1.552  0.492 4  1.628  484.8
2018 05 29 -1.647  0.260 4  1.667  493.1
2018 05 30 -1.693  0.011 4  1.693  499.6
2018 05 31 -1.688 -0.245 5  1.706  504.4
2018 06 01 -1.632 -0.501 5  1.707  507.9
2018 06 02 -1.526 -0.748 5  1.699  510.6
2018 06 03 -1.372 -0.979 5  1.686  513.0
2018 06 04 -1.176 -1.186 6  1.670  515.5
2018 06 05 -0.943 -1.361 6  1.656  518.7
2018 06 06 -0.680 -1.500 6  1.647  522.5
2018 06 07 -0.396 -1.597 6  1.646  526.8
2018 06 08 -0.099 -1.650 6  1.653  531.4
2018 06 09  0.201 -1.656 7  1.668  535.7
2018 06 10  0.494 -1.614 7  1.689  539.3
2018 06 11  0.773 -1.527 7  1.712  541.6
2018 06 12  1.029 -1.396 7  1.735  542.1
2018 06 13  1.255 -1.225 8  1.754  540.8
2018 06 14  1.443 -1.020 8  1.767  537.5
2018 06 15  1.590 -0.785 8  1.773  532.8
2018 06 16  1.691 -0.528 8  1.771  527.1
2018 06 17  1.744 -0.257 8  1.763  521.3
2018 06 18  1.749  0.023 1  1.749  516.2
2018 06 19  1.706  0.302 1  1.732  512.8
2018 06 20  1.617  0.573 1  1.716  511.8
2018 06 21  1.487  0.830 1  1.702  513.5
2018 06 22  1.318  1.064 1  1.694  518.1
2018 06 23  1.117  1.271 2  1.692  525.1
2018 06 24  0.888  1.446 2  1.697  533.7
2018 06 25  0.640  1.583 2  1.707  542.9
2018 06 26  0.378  1.679 2  1.721  551.5
2018 06 27  0.109  1.734 2  1.737  558.4
2018 06 28 -0.159  1.744 3  1.751  562.8
2018 06 29 -0.420  1.711 3  1.761  563.9
2018 06 30 -0.668  1.635 3  1.766  561.4
2018 07 01 -0.897  1.518 3  1.763  555.3
2018 07 02 -1.102  1.364 3  1.753  546.0
2018 07 03 -1.277  1.177 4  1.737  534.2
2018 07 04 -1.420  0.962 4  1.715  520.8
2018 07 05 -1.527  0.724 4  1.689  507.1
2018 07 06 -1.595  0.469 4  1.663  494.5
2018 07 07 -1.625  0.206 4  1.638  484.2
2018 07 08 -1.616 -0.061 5  1.617  477.3
2018 07 09 -1.568 -0.323 5  1.601  474.3
2018 07 10 -1.483 -0.573 5  1.590  475.0
2018 07 11 -1.365 -0.806 5  1.585  479.0
2018 07 12 -1.216 -1.014 5  1.583  484.9
2018 07 13 -1.042 -1.192 6  1.583  491.4
2018 07 14 -0.848 -1.336 6  1.582  497.1
2018 07 15 -0.638 -1.442 6  1.577  500.4
2018 07 16 -0.421 -1.507 6  1.565  500.4
2018 07 17 -0.202 -1.531 6  1.545  496.1
2018 07 18  0.012 -1.515 7  1.515  487.1
2018 07 19  0.216 -1.459 7  1.474  473.3
2018 07 20  0.403 -1.366 7  1.424  455.0
2018 07 21  0.568 -1.241 7  1.364  432.8
2018 07 22  0.707 -1.088 7  1.298  407.4
2018 07 23  0.816 -0.915 7  1.226  380.2
2018 07 24  0.894 -0.726 8  1.152  352.4
2018 07 25  0.939 -0.531 8  1.079  325.5
2018 07 26  0.952 -0.334 8  1.009  300.9
2018 07 27  0.935 -0.145 8  0.946  279.9
2018 07 28  0.890  0.032 1  0.890  262.8
2018 07 29  0.821  0.190 1  0.842  249.8
2018 07 30  0.732  0.325 1  0.801  240.0
2018 07 31  0.629  0.432 1  0.763  232.0
2018 08 01  0.518  0.510 1  0.727  224.3
2018 08 02  0.403  0.558 2  0.689  215.4
2018 08 03  0.292  0.575 2  0.645  204.1
2018 08 04  0.187  0.564 2  0.594  189.7
2018 08 05  0.095  0.527 2  0.536  171.8
2018 08 06  0.018  0.468 2  0.468  150.6
2018 08 07 -0.042  0.391 3  0.394  126.4
2018 08 08 -0.082  0.302 3  0.313  100.0
2018 08 09 -0.102  0.205 3  0.229   72.6
2018 08 10 -0.104  0.106 3  0.149   46.0
2018 08 11 -0.089  0.010 4  0.090   26.6
2018 08 12 -0.061 -0.078 6  0.099   30.9
2018 08 13 -0.021 -0.156 6  0.157   50.4
2018 08 14  0.025 -0.219 7  0.220   70.8
2018 08 15  0.075 -0.266 7  0.277   88.4
2018 08 16  0.123 -0.296 7  0.321  102.0
2018 08 17  0.167 -0.309 7  0.351  110.9
2018 08 18  0.203 -0.306 7  0.367  115.1
2018 08 19  0.228 -0.287 7  0.367  114.4
2018 08 20  0.242 -0.256 7  0.353  109.1
2018 08 21  0.243 -0.216 8  0.325   99.8
2018 08 22  0.231 -0.168 8  0.286   87.0
2018 08 23  0.207 -0.116 8  0.237   71.6
2018 08 24  0.172 -0.064 8  0.183   54.7
2018 08 25  0.128 -0.013 8  0.129   38.1
2018 08 26  0.078  0.034 1  0.086   25.7
2018 08 27  0.025  0.075 2  0.079   25.3
2018 08 28 -0.030  0.109 3  0.113   36.2
2018 08 29 -0.083  0.135 3  0.159   49.9
2018 08 30 -0.133  0.152 3  0.202   62.8
2018 08 31 -0.177  0.161 4  0.240   73.7
2018 09 01 -0.215  0.162 4  0.270   82.3
2018 09 02 -0.246  0.156 4  0.291   88.3
2018 09 03 -0.269  0.143 4  0.305   91.9
2018 09 04 -0.285  0.125 4  0.311   93.3
2018 09 05 -0.294  0.102 4  0.312   92.9
2018 09 06 -0.298  0.075 4  0.307   91.2
2018 09 07 -0.297  0.044 4  0.300   88.7
2018 09 08 -0.292  0.011 4  0.292   86.1
2018 09 09 -0.283 -0.026 5  0.285   84.1
2018 09 10 -0.273 -0.065 5  0.280   83.1
2018 09 11 -0.259 -0.107 5  0.281   83.9
2018 09 12 -0.243 -0.151 5  0.287   86.8
2018 09 13 -0.224 -0.197 5  0.299   91.7
2018 09 14 -0.200 -0.245 6  0.316   98.4
2018 09 15 -0.171 -0.293 6  0.339  106.8
2018 09 16 -0.135 -0.339 6  0.365  116.2
2018 09 17 -0.090 -0.384 6  0.394  126.3
2018 09 18 -0.037 -0.424 6  0.425  136.6
2018 09 19  0.027 -0.456 7  0.457  146.9
2018 09 20  0.101 -0.480 7  0.490  157.0
2018 09 21  0.184 -0.491 7  0.524  166.9
2018 09 22  0.276 -0.487 7  0.560  176.5
2018 09 23  0.373 -0.466 7  0.597  186.1
2018 09 24  0.474 -0.426 8  0.638  196.0
2018 09 25  0.575 -0.366 8  0.681  206.5
2018 09 26  0.670 -0.285 8  0.728  218.1
2018 09 27  0.756 -0.183 8  0.778  230.9
2018 09 28  0.828 -0.062 8  0.830  245.1
2018 09 29  0.880  0.075 1  0.883  260.7
2018 09 30  0.908  0.226 1  0.935  277.6
2018 10 01  0.908  0.386 1  0.987  295.3
2018 10 02  0.878  0.549 1  1.035  313.5
2018 10 03  0.815  0.710 1  1.081  331.7
2018 10 04  0.720  0.863 2  1.124  349.4
2018 10 05  0.594  1.000 2  1.163  366.1
2018 10 06  0.439  1.115 2  1.198  381.3
2018 10 07  0.260  1.204 2  1.231  394.6
2018 10 08  0.062  1.260 2  1.261  405.5
2018 10 09 -0.146  1.280 3  1.288  413.7
2018 10 10 -0.358  1.261 3  1.311  419.0
2018 10 11 -0.565  1.202 3  1.328  421.0
2018 10 12 -0.757  1.105 3  1.340  419.8
2018 10 13 -0.928  0.971 3  1.343  415.3
2018 10 14 -1.068  0.804 4  1.337  407.8
2018 10 15 -1.171  0.611 4  1.321  397.7
2018 10 16 -1.232  0.398 4  1.295  385.6
2018 10 17 -1.247  0.172 4  1.259  372.4
2018 10 18 -1.215 -0.056 5  1.216  359.0
2018 10 19 -1.135 -0.279 5  1.169  346.8
2018 10 20 -1.010 -0.486 5  1.121  336.7
2018 10 21 -0.845 -0.670 5  1.079  329.7
2018 10 22 -0.647 -0.823 6  1.046  326.2
2018 10 23 -0.423 -0.937 6  1.028  326.2
2018 10 24 -0.182 -1.009 6  1.025  328.9
2018 10 25  0.064 -1.035 7  1.037  333.3
2018 10 26  0.305 -1.013 7  1.058  338.0
2018 10 27  0.532 -0.945 7  1.084  342.1
2018 10 28  0.732 -0.834 7  1.110  344.4
2018 10 29  0.898 -0.684 8  1.129  344.5
2018 10 30  1.022 -0.502 8  1.139  342.2
2018 10 31  1.099 -0.296 8  1.138  337.9
2018 11 01  1.123 -0.075 8  1.125  332.3
2018 11 02  1.094  0.150 1  1.104  326.6
2018 11 03  1.013  0.369 1  1.079  321.8
2018 11 04  0.884  0.573 1  1.053  319.3
2018 11 05  0.711  0.751 2  1.034  320.0
2018 11 06  0.502  0.896 2  1.027  323.9
2018 11 07  0.266  1.000 2  1.035  331.0
2018 11 08  0.013  1.058 2  1.058  340.2
2018 11 09 -0.244  1.066 3  1.094  350.3
2018 11 10 -0.496  1.024 3  1.137  360.3
2018 11 11 -0.730  0.932 3  1.184  369.1
2018 11 12 -0.936  0.794 4  1.227  376.1
2018 11 13 -1.104  0.615 4  1.264  381.2
2018 11 14 -1.228  0.401 4  1.291  384.6
2018 11 15 -1.300  0.162 4  1.310  387.2
2018 11 16 -1.317 -0.092 5  1.320  389.9
2018 11 17 -1.278 -0.352 5  1.326  393.8
2018 11 18 -1.183 -0.606 5  1.329  400.0
2018 11 19 -1.036 -0.844 5  1.336  408.9
2018 11 20 -0.843 -1.055 6  1.350  420.7
2018 11 21 -0.609 -1.231 6  1.373  434.8
2018 11 22 -0.346 -1.363 6  1.407  450.1
2018 11 23 -0.062 -1.446 6  1.448  465.5
2018 11 24  0.230 -1.476 7  1.494  479.5
2018 11 25  0.520 -1.450 7  1.540  490.9
2018 11 26  0.796 -1.369 7  1.583  498.9
2018 11 27  1.046 -1.234 7  1.618  502.9
2018 11 28  1.262 -1.051 8  1.642  502.9
2018 11 29  1.433 -0.825 8  1.654  499.4
2018 11 30  1.555 -0.565 8  1.654  493.5
2018 12 01  1.620 -0.279 8  1.644  486.5
2018 12 02  1.627  0.022 1  1.627  480.4
2018 12 03  1.576  0.328 1  1.609  476.8
2018 12 04  1.467  0.628 1  1.595  477.6
2018 12 05  1.304  0.911 1  1.591  483.7
2018 12 06  1.094  1.167 2  1.600  495.2
2018 12 07  0.844  1.388 2  1.625  511.2
2018 12 08  0.563  1.566 2  1.665  530.4
2018 12 09  0.261  1.696 2  1.716  550.7
2018 12 10 -0.051  1.772 3  1.773  570.1
2018 12 11 -0.363  1.793 3  1.830  586.6
2018 12 12 -0.663  1.760 3  1.880  598.7
2018 12 13 -0.941  1.672 3  1.919  605.3
2018 12 14 -1.189  1.535 3  1.942  605.7
2018 12 15 -1.397  1.353 4  1.945  599.6
2018 12 16 -1.560  1.134 4  1.929  587.4
2018 12 17 -1.674  0.884 4  1.893  569.9
2018 12 18 -1.734  0.613 4  1.839  548.5
2018 12 19 -1.741  0.330 4  1.772  524.7
2018 12 20 -1.696  0.044 4  1.696  500.6
2018 12 21 -1.601 -0.236 5  1.618  478.5
2018 12 22 -1.461 -0.502 5  1.545  460.4
2018 12 23 -1.282 -0.744 5  1.483  447.8
2018 12 24 -1.072 -0.958 5  1.438  441.6
2018 12 25 -0.839 -1.137 6  1.412  441.4
2018 12 26 -0.590 -1.277 6  1.407  446.0
2018 12 27 -0.334 -1.377 6  1.417  453.6
2018 12 28 -0.081 -1.434 6  1.437  461.9
2018 12 29  0.162 -1.451 7  1.460  469.0
2018 12 30  0.387 -1.428 7  1.480  473.3
2018 12 31  0.589 -1.370 7  1.491  473.5
2019 01 01  0.761 -1.279 7  1.489  468.8
2019 01 02  0.901 -1.163 7  1.471  458.9
2019 01 03  1.006 -1.025 7  1.436  443.7
2019 01 04  1.075 -0.872 8  1.385  423.6
2019 01 05  1.108 -0.711 8  1.317  399.1
2019 01 06  1.107 -0.548 8  1.235  371.2
2019 01 07  1.074 -0.387 8  1.142  340.7
2019 01 08  1.014 -0.235 8  1.041  308.8
2019 01 09  0.931 -0.095 8  0.936  276.5
2019 01 10  0.830  0.030 1  0.831  245.2
2019 01 11  0.716  0.136 1  0.729  215.8
2019 01 12  0.594  0.222 1  0.635  189.4
2019 01 13  0.470  0.288 1  0.552  166.9
2019 01 14  0.348  0.335 1  0.483  148.8
2019 01 15  0.232  0.362 2  0.430  135.1
2019 01 16  0.125  0.373 2  0.394  125.5
2019 01 17  0.030  0.370 2  0.371  119.2
2019 01 18 -0.052  0.354 3  0.358  115.0
2019 01 19 -0.121  0.330 3  0.352  112.0
2019 01 20 -0.176  0.300 3  0.348  109.6
2019 01 21 -0.218  0.267 3  0.345  107.3
2019 01 22 -0.250  0.233 4  0.341  105.1
2019 01 23 -0.273  0.199 4  0.338  102.9
2019 01 24 -0.289  0.168 4  0.334  101.0
2019 01 25 -0.301  0.141 4  0.332   99.6
2019 01 26 -0.310  0.117 4  0.331   99.0
2019 01 27 -0.320  0.096 4  0.334   99.3
2019 01 28 -0.331  0.078 4  0.340  100.8
2019 01 29 -0.344  0.062 4  0.349  103.4
2019 01 30 -0.360  0.046 4  0.363  107.3
2019 01 31 -0.379  0.028 4  0.380  112.2
2019 02 01 -0.399  0.009 4  0.399  117.8
2019 02 02 -0.420 -0.014 5  0.420  123.9
2019 02 03 -0.438 -0.041 5  0.440  130.1
2019 02 04 -0.453 -0.073 5  0.459  135.8
2019 02 05 -0.461 -0.109 5  0.474  140.7
2019 02 06 -0.461 -0.149 5  0.484  144.2
2019 02 07 -0.449 -0.192 5  0.488  146.2
2019 02 08 -0.423 -0.236 5  0.485  146.2
2019 02 09 -0.383 -0.278 5  0.474  144.3
2019 02 10 -0.328 -0.317 5  0.456  140.5
2019 02 11 -0.257 -0.349 6  0.433  135.5
2019 02 12 -0.172 -0.372 6  0.409  129.8
2019 02 13 -0.074 -0.382 6  0.389  124.8
2019 02 14  0.035 -0.379 7  0.380  122.2
2019 02 15  0.150 -0.359 7  0.389  123.6
2019 02 16  0.268 -0.322 7  0.419  130.3
2019 02 17  0.385 -0.267 8  0.468  142.3
2019 02 18  0.495 -0.194 8  0.532  158.9
2019 02 19  0.595 -0.105 8  0.604  178.8
2019 02 20  0.679 -0.001 8  0.679  200.5
2019 02 21  0.744  0.114 1  0.753  222.7
2019 02 22  0.787  0.237 1  0.822  244.4
2019 02 23  0.804  0.364 1  0.882  264.5
2019 02 24  0.794  0.491 1  0.933  282.4
2019 02 25  0.756  0.612 1  0.973  297.5
2019 02 26  0.693  0.722 2  1.001  309.4
2019 02 27  0.604  0.818 2  1.017  317.8
2019 02 28  0.493  0.895 2  1.022  322.6
2019 03 01  0.365  0.950 2  1.017  323.9
2019 03 02  0.224  0.979 2  1.004  321.7
2019 03 03  0.075  0.982 2  0.985  316.5
2019 03 04 -0.076  0.957 3  0.960  308.6
2019 03 05 -0.222  0.906 3  0.933  298.6
2019 03 06 -0.359  0.829 3  0.903  286.9
2019 03 07 -0.480  0.730 3  0.874  274.2
2019 03 08 -0.582  0.612 3  0.844  261.2
2019 03 09 -0.660  0.479 4  0.816  248.5
2019 03 10 -0.713  0.337 4  0.789  236.7
2019 03 11 -0.738  0.191 4  0.762  226.3
2019 03 12 -0.736  0.046 4  0.738  217.8
2019 03 13 -0.708 -0.094 5  0.715  211.3
2019 03 14 -0.657 -0.223 5  0.694  206.8
2019 03 15 -0.586 -0.337 5  0.676  204.1
2019 03 16 -0.499 -0.433 5  0.661  202.8
2019 03 17 -0.402 -0.510 6  0.649  202.3
2019 03 18 -0.299 -0.566 6  0.640  202.2
2019 03 19 -0.196 -0.601 6  0.632  201.8
2019 03 20 -0.097 -0.618 6  0.625  200.7
2019 03 21 -0.008 -0.617 6  0.617  198.4
2019 03 22  0.069 -0.602 7  0.606  194.7
2019 03 23  0.132 -0.577 7  0.592  189.6
2019 03 24  0.178 -0.545 7  0.573  183.0
2019 03 25  0.208 -0.511 7  0.551  175.2
2019 03 26  0.222 -0.477 7  0.526  166.8
2019 03 27  0.223 -0.448 7  0.500  158.4
2019 03 28  0.214 -0.426 7  0.477  150.8
2019 03 29  0.199 -0.412 7  0.457  144.8
2019 03 30  0.181 -0.407 7  0.446  141.4
2019 03 31  0.165 -0.412 7  0.443  141.0
2019 04 01  0.154 -0.423 7  0.451  143.6
2019 04 02  0.152 -0.441 7  0.466  148.7
2019 04 03  0.163 -0.460 7  0.488  155.5
2019 04 04  0.186 -0.477 7  0.512  163.1
2019 04 05  0.223 -0.490 7  0.538  170.7
2019 04 06  0.274 -0.492 7  0.563  177.7
2019 04 07  0.336 -0.481 7  0.586  183.6
2019 04 08  0.405 -0.453 7  0.608  188.5
2019 04 09  0.479 -0.405 8  0.627  192.3
2019 04 10  0.552 -0.337 8  0.646  195.6
2019 04 11  0.618 -0.247 8  0.665  198.9
2019 04 12  0.672 -0.137 8  0.686  203.1
2019 04 13  0.709 -0.008 8  0.709  209.2
2019 04 14  0.723  0.136 1  0.735  217.7
2019 04 15  0.710  0.291 1  0.767  229.5
2019 04 16  0.668  0.450 1  0.805  244.6
2019 04 17  0.594  0.609 2  0.851  262.8
2019 04 18  0.489  0.760 2  0.903  283.7
2019 04 19  0.353  0.896 2  0.963  306.5
2019 04 20  0.190  1.013 2  1.030  330.4
2019 04 21  0.004  1.102 2  1.102  354.4
2019 04 22 -0.199  1.160 3  1.177  377.7
2019 04 23 -0.413  1.183 3  1.253  399.5
2019 04 24 -0.629  1.168 3  1.326  418.9
2019 04 25 -0.839  1.114 3  1.395  435.5
2019 04 26 -1.036  1.021 4  1.455  448.8
2019 04 27 -1.211  0.893 4  1.505  458.5
2019 04 28 -1.357  0.731 4  1.542  464.5
2019 04 29 -1.468  0.542 4  1.565  467.0
2019 04 30 -1.538  0.331 4  1.573  466.2
2019 05 01 -1.563  0.106 4  1.567  462.7
2019 05 02 -1.542 -0.127 5  1.548  457.1
2019 05 03 -1.475 -0.358 5  1.517  450.2
2019 05 04 -1.361 -0.581 5  1.480  443.1
2019 05 05 -1.205 -0.788 5  1.440  436.7
2019 05 06 -1.010 -0.972 5  1.402  431.9
2019 05 07 -0.782 -1.126 6  1.371  429.6
2019 05 08 -0.529 -1.247 6  1.354  430.2
2019 05 09 -0.256 -1.330 6  1.354  434.2
2019 05 10  0.028 -1.372 7  1.373  441.4
2019 05 11  0.314 -1.374 7  1.409  451.4
2019 05 12  0.595 -1.335 7  1.462  463.9
2019 05 13  0.863 -1.257 7  1.525  477.9
2019 05 14  1.112 -1.144 7  1.595  492.9
2019 05 15  1.334 -0.998 8  1.666  508.0
2019 05 16  1.526 -0.825 8  1.734  522.6
2019 05 17  1.681 -0.629 8  1.795  536.0
2019 05 18  1.799 -0.418 8  1.847  547.7
2019 05 19  1.875 -0.197 8  1.886  557.2
2019 05 20  1.911  0.029 1  1.911  564.1
2019 05 21  1.905  0.253 1  1.922  568.1
2019 05 22  1.859  0.470 1  1.917  569.1
2019 05 23  1.775  0.674 1  1.898  566.9
2019 05 24  1.655  0.861 1  1.866  561.6
2019 05 25  1.504  1.027 1  1.821  553.3
2019 05 26  1.325  1.168 1  1.767  542.4
2019 05 27  1.123  1.283 2  1.705  529.3
2019 05 28  0.903  1.369 2  1.640  514.5
2019 05 29  0.668  1.425 2  1.574  498.9
2019 05 30  0.426  1.451 2  1.512  483.3
2019 05 31  0.180  1.448 2  1.459  468.6
2019 06 01 -0.063  1.416 3  1.417  455.6
2019 06 02 -0.300  1.356 3  1.389  445.1
2019 06 03 -0.525  1.273 3  1.377  437.6
2019 06 04 -0.734  1.167 3  1.379  433.3
2019 06 05 -0.923  1.042 3  1.392  431.9
2019 06 06 -1.089  0.902 4  1.414  433.0
2019 06 07 -1.229  0.751 4  1.440  435.7
2019 06 08 -1.341  0.592 4  1.465  439.1
2019 06 09 -1.423  0.429 4  1.487  442.2
2019 06 10 -1.476  0.265 4  1.500  444.1
2019 06 11 -1.500  0.106 4  1.504  444.1
2019 06 12 -1.495 -0.047 5  1.496  441.6
2019 06 13 -1.464 -0.190 5  1.476  436.3
2019 06 14 -1.408 -0.320 5  1.444  428.2
2019 06 15 -1.331 -0.437 5  1.401  417.2
2019 06 16 -1.236 -0.537 5  1.348  403.7
2019 06 17 -1.127 -0.621 5  1.287  388.1
2019 06 18 -1.008 -0.689 5  1.221  370.9
2019 06 19 -0.881 -0.741 5  1.151  352.7
2019 06 20 -0.752 -0.777 6  1.081  334.1
2019 06 21 -0.623 -0.799 6  1.013  315.8
2019 06 22 -0.496 -0.808 6  0.948  298.2
2019 06 23 -0.375 -0.806 6  0.889  281.9
2019 06 24 -0.260 -0.796 6  0.837  267.2
2019 06 25 -0.153 -0.778 6  0.793  254.3
2019 06 26 -0.054 -0.755 6  0.756  243.2
2019 06 27  0.037 -0.726 7  0.727  233.9
2019 06 28  0.120 -0.695 7  0.705  226.2
2019 06 29  0.197 -0.660 7  0.689  220.1
2019 06 30  0.269 -0.622 7  0.678  215.2
2019 07 01  0.336 -0.581 7  0.671  211.5
2019 07 02  0.399 -0.536 7  0.668  208.8
2019 07 03  0.460 -0.486 7  0.669  207.1
2019 07 04  0.518 -0.431 8  0.674  206.4
2019 07 05  0.574 -0.368 8  0.682  206.6
2019 07 06  0.626 -0.297 8  0.693  208.0
2019 07 07  0.674 -0.218 8  0.708  210.8
2019 07 08  0.715 -0.129 8  0.727  215.1
2019 07 09  0.748 -0.031 8  0.749  221.0
2019 07 10  0.770  0.074 1  0.774  228.5
2019 07 11  0.779  0.186 1  0.801  237.6
2019 07 12  0.772  0.302 1  0.829  247.7
2019 07 13  0.747  0.420 1  0.857  258.7
2019 07 14  0.704  0.535 1  0.884  269.7
2019 07 15  0.640  0.644 2  0.908  280.3
2019 07 16  0.555  0.743 2  0.928  289.7
2019 07 17  0.452  0.827 2  0.942  297.4
2019 07 18  0.330  0.891 2  0.951  302.7
2019 07 19  0.194  0.933 2  0.953  305.4
2019 07 20  0.047  0.948 2  0.949  305.1
2019 07 21 -0.107  0.934 3  0.940  301.9
2019 07 22 -0.262  0.889 3  0.927  296.2
2019 07 23 -0.412  0.814 3  0.912  288.6
2019 07 24 -0.553  0.708 3  0.898  280.1
2019 07 25 -0.677  0.574 4  0.888  272.2
2019 07 26 -0.781  0.416 4  0.885  266.5
2019 07 27 -0.859  0.237 4  0.891  264.6
2019 07 28 -0.907  0.043 4  0.908  268.0
2019 07 29 -0.922 -0.159 5  0.936  277.0
2019 07 30 -0.904 -0.364 5  0.975  291.4
2019 07 31 -0.852 -0.562 5  1.021  309.8
2019 08 01 -0.768 -0.749 5  1.072  330.6
2019 08 02 -0.653 -0.915 6  1.124  351.9
2019 08 03 -0.512 -1.057 6  1.174  371.9
2019 08 04 -0.351 -1.167 6  1.218  389.2
2019 08 05 -0.174 -1.241 6  1.254  402.5
2019 08 06  0.011 -1.278 7  1.278  410.8
2019 08 07  0.198 -1.273 7  1.289  413.6
2019 08 08  0.380 -1.229 7  1.286  410.7
2019 08 09  0.549 -1.144 7  1.269  402.1
2019 08 10  0.700 -1.023 7  1.240  388.5
2019 08 11  0.826 -0.870 7  1.199  370.9
2019 08 12  0.922 -0.688 8  1.151  350.8
2019 08 13  0.986 -0.485 8  1.099  330.3
2019 08 14  1.015 -0.267 8  1.049  311.6
2019 08 15  1.007 -0.042 8  1.008  297.5
2019 08 16  0.963  0.183 1  0.980  290.2
2019 08 17  0.883  0.401 1  0.970  290.8
2019 08 18  0.772  0.604 1  0.980  299.2
2019 08 19  0.632  0.785 2  1.007  313.7
2019 08 20  0.467  0.938 2  1.048  331.7
2019 08 21  0.285  1.059 2  1.096  350.7
2019 08 22  0.090  1.143 2  1.146  368.5
2019 08 23 -0.111  1.188 3  1.193  383.4
2019 08 24 -0.311  1.192 3  1.232  394.1
2019 08 25 -0.504  1.155 3  1.260  400.0
2019 08 26 -0.683  1.078 3  1.276  401.0
2019 08 27 -0.844  0.963 3  1.280  397.4
2019 08 28 -0.980  0.815 4  1.274  390.2
2019 08 29 -1.087  0.636 4  1.259  380.5
2019 08 30 -1.162  0.434 4  1.240  370.2
2019 08 31 -1.202  0.214 4  1.221  361.3
2019 09 01 -1.206 -0.018 5  1.206  355.9
2019 09 02 -1.173 -0.254 5  1.200  355.7
2019 09 03 -1.104 -0.487 5  1.207  361.7
2019 09 04 -1.002 -0.711 5  1.228  373.8
2019 09 05 -0.869 -0.918 6  1.264  390.9
2019 09 06 -0.708 -1.102 6  1.310  411.5
2019 09 07 -0.525 -1.259 6  1.364  433.4
2019 09 08 -0.325 -1.383 6  1.420  454.9
2019 09 09 -0.114 -1.471 6  1.475  474.1
2019 09 10  0.102 -1.520 7  1.523  489.7
2019 09 11  0.317 -1.529 7  1.562  500.6
2019 09 12  0.524 -1.499 7  1.588  506.2
2019 09 13  0.717 -1.430 7  1.599  506.0
2019 09 14  0.890 -1.324 7  1.595  500.2
2019 09 15  1.038 -1.185 7  1.576  489.1
2019 09 16  1.158 -1.018 8  1.542  473.4
2019 09 17  1.246 -0.828 8  1.496  454.0
2019 09 18  1.300 -0.620 8  1.440  432.4
2019 09 19  1.319 -0.401 8  1.379  410.2
2019 09 20  1.304 -0.177 8  1.316  389.1
2019 09 21  1.256  0.044 1  1.256  370.9
2019 09 22  1.177  0.257 1  1.204  357.0
2019 09 23  1.071  0.455 1  1.164  348.4
2019 09 24  0.944  0.633 1  1.136  345.1
2019 09 25  0.799  0.788 1  1.122  346.2
2019 09 26  0.645  0.915 2  1.119  350.4
2019 09 27  0.486  1.012 2  1.123  355.6
2019 09 28  0.328  1.079 2  1.128  360.2
2019 09 29  0.179  1.115 2  1.129  362.5
2019 09 30  0.043  1.123 2  1.123  361.2
2019 10 01 -0.074  1.104 3  1.107  355.7
2019 10 02 -0.170  1.063 3  1.076  345.5
2019 10 03 -0.241  1.004 3  1.032  330.5
2019 10 04 -0.285  0.932 3  0.975  311.3
2019 10 05 -0.304  0.852 3  0.905  288.4
2019 10 06 -0.298  0.771 3  0.827  263.1
2019 10 07 -0.270  0.693 3  0.744  236.7
2019 10 08 -0.225  0.623 3  0.662  211.0
2019 10 09 -0.167  0.565 3  0.589  188.2
2019 10 10 -0.101  0.523 3  0.532  170.7
2019 10 11 -0.034  0.498 3  0.499  160.3
2019 10 12  0.028  0.491 2  0.491  158.0
2019 10 13  0.078  0.502 2  0.508  163.0
2019 10 14  0.112  0.529 2  0.541  173.2
2019 10 15  0.125  0.569 2  0.583  186.7
2019 10 16  0.113  0.619 2  0.629  201.7
2019 10 17  0.073  0.673 2  0.677  217.5
2019 10 18  0.006  0.727 2  0.727  233.7
2019 10 19 -0.089  0.775 3  0.780  250.5
2019 10 20 -0.208  0.811 3  0.837  267.9
2019 10 21 -0.349  0.830 3  0.901  286.1
2019 10 22 -0.505  0.829 3  0.970  305.3
2019 10 23 -0.670  0.802 3  1.045  325.0
2019 10 24 -0.838  0.748 4  1.123  345.1
2019 10 25 -1.001  0.665 4  1.202  364.8
2019 10 26 -1.151  0.554 4  1.278  383.7
2019 10 27 -1.281  0.416 4  1.347  401.0
2019 10 28 -1.383  0.255 4  1.406  416.3
2019 10 29 -1.452  0.074 4  1.454  429.3
2019 10 30 -1.484 -0.121 5  1.489  439.7
2019 10 31 -1.474 -0.324 5  1.510  447.5
2019 11 01 -1.423 -0.528 5  1.517  453.0
2019 11 02 -1.329 -0.725 5  1.514  456.4
2019 11 03 -1.195 -0.909 5  1.502  458.2
2019 11 04 -1.025 -1.073 6  1.484  459.0
2019 11 05 -0.824 -1.211 6  1.465  459.1
2019 11 06 -0.599 -1.318 6  1.447  459.1
2019 11 07 -0.356 -1.390 6  1.435  459.2
2019 11 08 -0.105 -1.425 6  1.429  459.4
2019 11 09  0.147 -1.423 7  1.430  459.6
2019 11 10  0.391 -1.384 7  1.438  459.7
2019 11 11  0.619 -1.310 7  1.449  459.2
2019 11 12  0.824 -1.206 7  1.460  457.6
2019 11 13  1.000 -1.075 7  1.468  454.6
2019 11 14  1.143 -0.925 8  1.470  449.6
2019 11 15  1.249 -0.760 8  1.462  442.4
2019 11 16  1.317 -0.589 8  1.443  432.5
2019 11 17  1.348 -0.418 8  1.411  419.8
2019 11 18  1.342 -0.253 8  1.365  404.2
2019 11 19  1.302 -0.100 8  1.306  385.7
2019 11 20  1.234  0.036 1  1.234  364.3
2019 11 21  1.141  0.151 1  1.151  340.3
2019 11 22  1.030  0.243 1  1.058  314.0
2019 11 23  0.907  0.310 1  0.958  285.7
2019 11 24  0.777  0.353 1  0.854  255.9
2019 11 25  0.647  0.372 1  0.746  225.3
2019 11 26  0.521  0.370 1  0.639  194.4
2019 11 27  0.403  0.351 1  0.534  163.9
2019 11 28  0.297  0.317 2  0.435  134.6
2019 11 29  0.206  0.275 2  0.343  107.1
2019 11 30  0.129  0.227 2  0.261   82.3
2019 12 01  0.067  0.179 2  0.191   60.8
2019 12 02  0.018  0.134 2  0.135   43.4
2019 12 03 -0.018  0.096 3  0.098   31.4
2019 12 04 -0.045  0.068 3  0.081   25.5
2019 12 05 -0.065  0.051 4  0.083   25.2
2019 12 06 -0.082  0.046 4  0.094   28.3
2019 12 07 -0.098  0.053 4  0.112   33.6
2019 12 08 -0.116  0.071 4  0.136   41.3
2019 12 09 -0.139  0.098 4  0.170   51.8
2019 12 10 -0.167  0.133 4  0.213   65.2
2019 12 11 -0.202  0.171 4  0.265   81.1
2019 12 12 -0.243  0.210 4  0.321   98.6
2019 12 13 -0.290  0.247 4  0.381  116.8
2019 12 14 -0.340  0.280 4  0.441  134.9
2019 12 15 -0.393  0.305 4  0.497  151.8
2019 12 16 -0.445  0.321 4  0.548  166.9
2019 12 17 -0.493  0.326 4  0.591  179.3
2019 12 18 -0.535  0.319 4  0.623  188.4
2019 12 19 -0.569  0.302 4  0.644  193.9
2019 12 20 -0.591  0.274 4  0.652  195.5
2019 12 21 -0.601  0.237 4  0.646  193.2
2019 12 22 -0.598  0.193 4  0.628  187.0
2019 12 23 -0.580  0.143 4  0.598  177.4
2019 12 24 -0.550  0.091 4  0.558  165.0
2019 12 25 -0.508  0.038 4  0.509  150.4
2019 12 26 -0.456 -0.012 5  0.456  134.6
2019 12 27 -0.397 -0.060 5  0.401  118.7
2019 12 28 -0.334 -0.102 5  0.349  103.8
2019 12 29 -0.270 -0.138 5  0.303   91.1
2019 12 30 -0.208 -0.167 5  0.267   81.7
2019 12 31 -0.151 -0.191 6  0.244   75.9
2020 01 01 -0.103 -0.208 6  0.232   73.5
2020 01 02 -0.064 -0.221 6  0.230   73.5
2020 01 03 -0.035 -0.231 6  0.233   74.9
2020 01 04 -0.018 -0.238 6  0.239   76.9
2020 01 05 -0.012 -0.246 6  0.247   79.3
2020 01 06 -0.016 -0.255 6  0.256   82.2
2020 01 07 -0.027 -0.267 6  0.268   86.1
2020 01 08 -0.043 -0.282 6  0.285   91.4
2020 01 09 -0.060 -0.300 6  0.306   98.1
2020 01 10 -0.076 -0.322 6  0.331  105.9
2020 01 11 -0.087 -0.346 6  0.357  114.2
2020 01 12 -0.089 -0.371 6  0.382  122.3
2020 01 13 -0.081 -0.396 6  0.404  129.5
2020 01 14 -0.059 -0.417 6  0.421  135.3
2020 01 15 -0.023 -0.433 6  0.433  139.4
2020 01 16  0.027 -0.440 7  0.441  141.7
2020 01 17  0.091 -0.436 7  0.446  142.8
2020 01 18  0.167 -0.419 7  0.451  143.6
2020 01 19  0.252 -0.388 7  0.463  145.2
2020 01 20  0.344 -0.340 8  0.483  149.1
2020 01 21  0.436 -0.276 8  0.516  156.4
2020 01 22  0.526 -0.196 8  0.561  167.5
2020 01 23  0.608 -0.101 8  0.616  182.3
2020 01 24  0.677  0.005 1  0.677  199.7
2020 01 25  0.729  0.121 1  0.739  218.6
2020 01 26  0.760  0.242 1  0.797  237.4
2020 01 27  0.767  0.365 1  0.849  255.0
2020 01 28  0.749  0.483 1  0.892  270.3
2020 01 29  0.705  0.594 1  0.922  282.4
2020 01 30  0.636  0.691 2  0.939  290.9
2020 01 31  0.543  0.771 2  0.943  295.3
2020 02 01  0.430  0.830 2  0.935  295.6
2020 02 02  0.300  0.866 2  0.917  292.2
2020 02 03  0.160  0.876 2  0.890  285.6
2020 02 04  0.013  0.859 2  0.860  276.4
2020 02 05 -0.133  0.817 3  0.828  265.6
2020 02 06 -0.272  0.749 3  0.797  254.1
2020 02 07 -0.400  0.660 3  0.772  242.8
2020 02 08 -0.510  0.551 3  0.751  232.7
2020 02 09 -0.599  0.429 4  0.737  224.2
2020 02 10 -0.663  0.296 4  0.726  217.6
2020 02 11 -0.700  0.159 4  0.718  212.8
2020 02 12 -0.708  0.023 4  0.709  209.2
2020 02 13 -0.689 -0.107 5  0.697  206.3
2020 02 14 -0.644 -0.226 5  0.682  203.4
2020 02 15 -0.575 -0.329 5  0.663  200.1
2020 02 16 -0.488 -0.413 5  0.639  195.9
2020 02 17 -0.386 -0.475 6  0.612  190.5
2020 02 18 -0.274 -0.514 6  0.583  184.1
2020 02 19 -0.158 -0.529 6  0.552  176.5
2020 02 20 -0.044 -0.521 6  0.523  168.0
2020 02 21  0.063 -0.490 7  0.494  158.8
2020 02 22  0.158 -0.440 7  0.468  149.2
2020 02 23  0.239 -0.374 7  0.444  139.4
2020 02 24  0.301 -0.295 8  0.421  129.9
2020 02 25  0.342 -0.207 8  0.400  121.0
2020 02 26  0.362 -0.115 8  0.380  113.2
2020 02 27  0.362 -0.023 8  0.363  107.1
2020 02 28  0.342  0.065 1  0.348  102.9
2020 02 29  0.304  0.145 1  0.337  101.1
2020 03 01  0.252  0.214 1  0.331  101.3
2020 03 02  0.189  0.271 2  0.330  103.3
2020 03 03  0.119  0.312 2  0.334  106.3
2020 03 04  0.046  0.338 2  0.341  109.4
2020 03 05 -0.026  0.347 3  0.348  112.0
2020 03 06 -0.093  0.342 3  0.354  113.3
2020 03 07 -0.153  0.322 3  0.356  112.9
2020 03 08 -0.202  0.289 3  0.353  110.5
2020 03 09 -0.240  0.246 3  0.344  106.2
2020 03 10 -0.264  0.195 4  0.328  100.1
2020 03 11 -0.276  0.138 4  0.309   92.8
2020 03 12 -0.275  0.078 4  0.286   85.0
2020 03 13 -0.264  0.017 4  0.264   78.0
2020 03 14 -0.243 -0.043 5  0.247   73.0
2020 03 15 -0.216 -0.099 5  0.237   71.2
2020 03 16 -0.184 -0.152 5  0.239   73.1
2020 03 17 -0.151 -0.199 6  0.250   77.9
2020 03 18 -0.118 -0.240 6  0.268   84.7
2020 03 19 -0.089 -0.275 6  0.289   92.2
2020 03 20 -0.064 -0.304 6  0.310   99.4
2020 03 21 -0.044 -0.326 6  0.329  105.7
2020 03 22 -0.031 -0.344 6  0.345  110.9
2020 03 23 -0.025 -0.356 6  0.357  114.6
2020 03 24 -0.023 -0.363 6  0.364  117.1
2020 03 25 -0.026 -0.367 6  0.368  118.3
2020 03 26 -0.032 -0.367 6  0.368  118.3
2020 03 27 -0.038 -0.363 6  0.365  117.2
2020 03 28 -0.044 -0.355 6  0.358  114.9
2020 03 29 -0.045 -0.343 6  0.346  111.1
2020 03 30 -0.042 -0.326 6  0.329  105.7
2020 03 31 -0.032 -0.305 6  0.307   98.5
2020 04 01 -0.013 -0.278 6  0.278   89.4
2020 04 02  0.013 -0.245 7  0.245   78.8
2020 04 03  0.048 -0.205 7  0.211   67.5
2020 04 04  0.090 -0.159 7  0.183   57.8
2020 04 05  0.139 -0.107 8  0.176   53.7
2020 04 06  0.192 -0.050 8  0.198   58.9
2020 04 07  0.247  0.013 1  0.247   73.0
2020 04 08  0.301  0.079 1  0.311   92.4
2020 04 09  0.351  0.146 1  0.381  113.9
2020 04 10  0.395  0.214 1  0.449  135.4
2020 04 11  0.430  0.278 1  0.512  155.3
2020 04 12  0.453  0.338 1  0.565  172.3
2020 04 13  0.462  0.391 1  0.605  185.5
2020 04 14  0.457  0.433 1  0.630  194.0
2020 04 15  0.437  0.464 2  0.637  197.2
2020 04 16  0.401  0.481 2  0.627  194.9
2020 04 17  0.352  0.483 2  0.598  186.9
2020 04 18  0.290  0.469 2  0.552  173.5
2020 04 19  0.219  0.439 2  0.491  155.3
2020 04 20  0.140  0.393 2  0.418  133.1
2020 04 21  0.057  0.333 2  0.338  108.5
2020 04 22 -0.026  0.260 3  0.261   84.0
2020 04 23 -0.105  0.177 3  0.206   64.8
2020 04 24 -0.179  0.086 4  0.198   59.5
2020 04 25 -0.243 -0.010 5  0.243   71.8
2020 04 26 -0.295 -0.107 5  0.314   93.7
2020 04 27 -0.334 -0.202 5  0.390  118.0
2020 04 28 -0.357 -0.291 5  0.461  141.0
2020 04 29 -0.365 -0.372 6  0.521  160.8
2020 04 30 -0.357 -0.441 6  0.567  176.5
2020 05 01 -0.334 -0.496 6  0.598  187.5
2020 05 02 -0.298 -0.535 6  0.613  193.3
2020 05 03 -0.250 -0.558 6  0.612  194.0
2020 05 04 -0.194 -0.563 6  0.596  189.9
2020 05 05 -0.131 -0.551 6  0.566  181.4
2020 05 06 -0.064 -0.523 6  0.526  169.1
2020 05 07  0.004 -0.479 7  0.479  153.9
2020 05 08  0.070 -0.421 7  0.427  136.9
2020 05 09  0.132 -0.351 7  0.376  119.6
2020 05 10  0.188 -0.273 7  0.331  103.8
2020 05 11  0.235 -0.187 8  0.301   91.9
2020 05 12  0.273 -0.097 8  0.290   86.4
2020 05 13  0.300 -0.006 8  0.300   88.7
2020 05 14  0.317  0.086 1  0.328   97.5
2020 05 15  0.323  0.174 1  0.367  110.5
2020 05 16  0.318  0.259 1  0.410  125.4
2020 05 17  0.304  0.336 2  0.453  140.5
2020 05 18  0.281  0.407 2  0.494  154.9
2020 05 19  0.251  0.468 2  0.531  167.9
2020 05 20  0.215  0.521 2  0.563  179.1
2020 05 21  0.175  0.563 2  0.589  188.3
2020 05 22  0.131  0.595 2  0.609  195.3
2020 05 23  0.086  0.617 2  0.623  200.0
2020 05 24  0.041  0.628 2  0.630  202.4
2020 05 25 -0.003  0.629 3  0.629  202.4
2020 05 26 -0.045  0.621 3  0.622  200.0
2020 05 27 -0.085  0.602 3  0.608  195.2
2020 05 28 -0.120  0.574 3  0.587  188.1
2020 05 29 -0.152  0.538 3  0.559  178.8
2020 05 30 -0.180  0.493 3  0.525  167.3
2020 05 31 -0.203  0.441 3  0.486  154.1
2020 06 01 -0.221  0.382 3  0.442  139.2
2020 06 02 -0.235  0.318 3  0.395  123.4
2020 06 03 -0.243  0.248 3  0.347  107.3
2020 06 04 -0.247  0.174 4  0.302   92.0
2020 06 05 -0.246  0.098 4  0.265   79.3
2020 06 06 -0.241  0.021 4  0.242   71.6
2020 06 07 -0.232 -0.057 5  0.239   70.9
2020 06 08 -0.219 -0.132 5  0.255   77.2
2020 06 09 -0.201 -0.204 6  0.287   88.5
2020 06 10 -0.181 -0.271 6  0.325  102.1
2020 06 11 -0.157 -0.331 6  0.366  116.1
2020 06 12 -0.131 -0.383 6  0.405  129.2
2020 06 13 -0.102 -0.427 6  0.439  140.5
2020 06 14 -0.072 -0.460 6  0.466  149.4
2020 06 15 -0.041 -0.482 6  0.484  155.6
2020 06 16 -0.010 -0.494 6  0.494  158.8
2020 06 17  0.021 -0.494 7  0.495  159.0
2020 06 18  0.051 -0.484 7  0.487  156.3
2020 06 19  0.080 -0.464 7  0.470  150.9
2020 06 20  0.105 -0.434 7  0.447  143.1
2020 06 21  0.128 -0.398 7  0.418  133.3
2020 06 22  0.147 -0.355 7  0.384  122.1
2020 06 23  0.162 -0.308 7  0.348  110.0
2020 06 24  0.173 -0.258 7  0.311   97.6
2020 06 25  0.179 -0.208 7  0.275   85.4
2020 06 26  0.182 -0.160 8  0.242   74.2
2020 06 27  0.179 -0.113 8  0.212   64.3
2020 06 28  0.173 -0.071 8  0.187   56.0
2020 06 29  0.164 -0.033 8  0.167   49.6
2020 06 30  0.152 -0.001 8  0.152   44.9
2020 07 01  0.138  0.025 1  0.140   41.4
2020 07 02  0.122  0.047 1  0.130   38.9
2020 07 03  0.105  0.063 1  0.122   37.0
2020 07 04  0.088  0.075 1  0.116   35.4
2020 07 05  0.071  0.084 2  0.110   34.3
2020 07 06  0.056  0.092 2  0.107   33.8
2020 07 07  0.041  0.099 2  0.107   34.1
2020 07 08  0.027  0.108 2  0.112   35.7
2020 07 09  0.015  0.119 2  0.120   38.7
2020 07 10  0.004  0.134 2  0.135   43.3
2020 07 11 -0.007  0.154 3  0.154   49.6
2020 07 12 -0.017  0.179 3  0.179   57.6
2020 07 13 -0.028  0.208 3  0.210   67.5
2020 07 14 -0.040  0.243 3  0.246   79.0
2020 07 15 -0.054  0.281 3  0.286   91.9
2020 07 16 -0.070  0.323 3  0.330  105.9
2020 07 17 -0.090  0.366 3  0.377  120.5
2020 07 18 -0.113  0.408 3  0.423  135.4
2020 07 19 -0.141  0.448 3  0.470  149.9
2020 07 20 -0.173  0.483 3  0.513  163.5
2020 07 21 -0.210  0.511 3  0.553  175.7
2020 07 22 -0.252  0.530 3  0.587  185.9
2020 07 23 -0.298  0.537 3  0.614  193.8
2020 07 24 -0.347  0.532 3  0.635  199.3
2020 07 25 -0.400  0.512 3  0.649  202.4
2020 07 26 -0.454  0.476 3  0.658  203.5
2020 07 27 -0.510  0.424 4  0.663  203.0
2020 07 28 -0.565  0.356 4  0.667  202.2
2020 07 29 -0.618  0.272 4  0.675  202.2
2020 07 30 -0.667  0.174 4  0.689  204.6
2020 07 31 -0.711  0.062 4  0.714  210.8
2020 08 01 -0.748 -0.062 5  0.751  221.7
2020 08 02 -0.776 -0.194 5  0.800  237.5
2020 08 03 -0.793 -0.334 5  0.861  257.6
2020 08 04 -0.798 -0.477 5  0.930  281.1
2020 08 05 -0.789 -0.620 5  1.003  306.5
2020 08 06 -0.764 -0.760 5  1.078  332.6
2020 08 07 -0.722 -0.895 6  1.150  358.0
2020 08 08 -0.662 -1.020 6  1.215  381.6
2020 08 09 -0.584 -1.131 6  1.273  402.6
2020 08 10 -0.487 -1.227 6  1.321  420.1
2020 08 11 -0.373 -1.305 6  1.357  433.8
2020 08 12 -0.241 -1.361 6  1.382  443.4
2020 08 13 -0.094 -1.394 6  1.397  449.0
2020 08 14  0.067 -1.401 7  1.403  451.1
2020 08 15  0.239 -1.383 7  1.404  450.3
2020 08 16  0.418 -1.338 7  1.402  447.7
2020 08 17  0.602 -1.266 7  1.402  444.3
2020 08 18  0.785 -1.168 7  1.408  441.4
2020 08 19  0.963 -1.046 7  1.422  440.3
2020 08 20  1.132 -0.900 8  1.446  442.0
2020 08 21  1.287 -0.733 8  1.481  447.1
2020 08 22  1.423 -0.549 8  1.525  455.5
2020 08 23  1.535 -0.351 8  1.575  466.9
2020 08 24  1.620 -0.143 8  1.626  480.4
2020 08 25  1.674  0.071 1  1.675  494.6
2020 08 26  1.694  0.286 1  1.718  508.4
2020 08 27  1.678  0.498 1  1.751  520.6
2020 08 28  1.626  0.701 1  1.771  530.2
2020 08 29  1.537  0.890 1  1.776  536.5
2020 08 30  1.413  1.062 1  1.767  539.0
2020 08 31  1.256  1.211 1  1.745  537.6
2020 09 01  1.069  1.334 2  1.710  532.7
2020 09 02  0.858  1.429 2  1.666  524.6
2020 09 03  0.627  1.492 2  1.618  514.1
2020 09 04  0.382  1.522 2  1.569  502.2
2020 09 05  0.130  1.518 2  1.524  489.8
2020 09 06 -0.121  1.482 3  1.487  477.8
2020 09 07 -0.365  1.413 3  1.460  467.0
2020 09 08 -0.595  1.315 3  1.443  457.8
2020 09 09 -0.804  1.189 3  1.436  450.2
2020 09 10 -0.986  1.042 3  1.434  443.8
2020 09 11 -1.136  0.876 4  1.435  437.9
2020 09 12 -1.250  0.697 4  1.431  431.8
2020 09 13 -1.325  0.512 4  1.420  424.3
2020 09 14 -1.360  0.325 4  1.398  414.7
2020 09 15 -1.354  0.142 4  1.361  402.2
2020 09 16 -1.309 -0.030 5  1.309  386.4
2020 09 17 -1.227 -0.186 5  1.241  367.0
2020 09 18 -1.112 -0.322 5  1.158  344.2
2020 09 19 -0.970 -0.434 5  1.063  318.5
2020 09 20 -0.806 -0.518 5  0.959  290.6
2020 09 21 -0.628 -0.574 5  0.851  261.6
2020 09 22 -0.441 -0.601 6  0.745  232.9
2020 09 23 -0.254 -0.598 6  0.650  206.4
2020 09 24 -0.074 -0.567 6  0.572  183.8
2020 09 25  0.093 -0.512 7  0.521  167.0
2020 09 26  0.241 -0.436 7  0.498  157.2
2020 09 27  0.364 -0.343 8  0.500  154.0
2020 09 28  0.459 -0.239 8  0.517  155.8
2020 09 29  0.523 -0.128 8  0.539  159.9
2020 09 30  0.556 -0.017 8  0.556  164.1
2020 10 01  0.556  0.089 1  0.563  166.5
2020 10 02  0.526  0.185 1  0.557  166.2
2020 10 03  0.468  0.267 1  0.538  162.5
2020 10 04  0.386  0.330 1  0.508  155.7
2020 10 05  0.284  0.372 2  0.469  146.2
2020 10 06  0.169  0.391 2  0.426  135.4
2020 10 07  0.045  0.387 2  0.389  125.1
2020 10 08 -0.082  0.358 3  0.368  117.8
2020 10 09 -0.207  0.308 3  0.371  116.3
2020 10 10 -0.323  0.237 4  0.401  122.2
2020 10 11 -0.428  0.150 4  0.453  135.2
2020 10 12 -0.517  0.048 4  0.519  153.3
2020 10 13 -0.587 -0.063 5  0.590  174.4
2020 10 14 -0.636 -0.180 5  0.661  196.5
2020 10 15 -0.664 -0.298 5  0.728  218.2
2020 10 16 -0.670 -0.415 5  0.787  238.4
2020 10 17 -0.654 -0.525 5  0.839  256.4
2020 10 18 -0.618 -0.626 6  0.880  271.9
2020 10 19 -0.565 -0.716 6  0.912  284.4
2020 10 20 -0.495 -0.793 6  0.935  293.9
2020 10 21 -0.412 -0.855 6  0.948  300.5
2020 10 22 -0.317 -0.901 6  0.955  304.3
2020 10 23 -0.214 -0.930 6  0.955  305.8
2020 10 24 -0.104 -0.944 6  0.950  305.3
2020 10 25  0.009 -0.943 7  0.943  303.3
2020 10 26  0.125 -0.927 7  0.935  300.3
2020 10 27  0.240 -0.897 7  0.928  296.9
2020 10 28  0.354 -0.853 7  0.924  293.6
2020 10 29  0.465 -0.797 7  0.923  290.9
2020 10 30  0.572 -0.730 7  0.927  289.1
2020 10 31  0.672 -0.652 8  0.936  288.6
2020 11 01  0.764 -0.564 8  0.949  289.3
2020 11 02  0.846 -0.466 8  0.966  291.4
2020 11 03  0.918 -0.360 8  0.986  294.5
2020 11 04  0.976 -0.246 8  1.006  298.6
2020 11 05  1.019 -0.125 8  1.026  303.3
2020 11 06  1.044  0.002 1  1.044  308.3
2020 11 07  1.051  0.132 1  1.060  313.2
2020 11 08  1.038  0.264 1  1.071  318.0
2020 11 09  1.003  0.395 1  1.078  322.3
2020 11 10  0.947  0.523 1  1.082  326.1
2020 11 11  0.868  0.644 1  1.081  329.5
2020 11 12  0.768  0.756 1  1.077  332.3
2020 11 13  0.648  0.854 2  1.072  334.6
2020 11 14  0.510  0.936 2  1.066  336.6
2020 11 15  0.359  0.998 2  1.061  338.0
2020 11 16  0.197  1.038 2  1.057  339.0
2020 11 17  0.030  1.054 2  1.055  339.2
2020 11 18 -0.137  1.045 3  1.054  338.4
2020 11 19 -0.298  1.010 3  1.053  336.4
2020 11 20 -0.449  0.949 3  1.050  332.7
2020 11 21 -0.583  0.865 3  1.043  327.1
2020 11 22 -0.696  0.759 3  1.030  319.2
2020 11 23 -0.784  0.637 4  1.010  308.9
2020 11 24 -0.842  0.501 4  0.980  296.2
2020 11 25 -0.870  0.357 4  0.940  281.2
2020 11 26 -0.866  0.210 4  0.891  264.4
2020 11 27 -0.831  0.066 4  0.834  246.2
2020 11 28 -0.767 -0.069 5  0.770  227.5
2020 11 29 -0.677 -0.191 5  0.704  209.1
2020 11 30 -0.566 -0.294 5  0.638  192.0
2020 12 01 -0.440 -0.375 5  0.578  177.2
2020 12 02 -0.304 -0.432 6  0.528  165.3
2020 12 03 -0.165 -0.463 6  0.491  156.6
2020 12 04 -0.029 -0.468 6  0.469  150.7
2020 12 05  0.096 -0.448 7  0.458  146.8
2020 12 06  0.206 -0.406 7  0.455  143.9
2020 12 07  0.296 -0.344 7  0.454  141.0
2020 12 08  0.362 -0.269 8  0.451  137.4
2020 12 09  0.402 -0.184 8  0.442  132.5
2020 12 10  0.415 -0.095 8  0.426  126.2
2020 12 11  0.402 -0.007 8  0.402  118.8
2020 12 12  0.366  0.073 1  0.373  110.5
2020 12 13  0.309  0.142 1  0.340  102.0
2020 12 14  0.236  0.196 1  0.307   93.9
2020 12 15  0.152  0.231 2  0.277   86.8
2020 12 16  0.063  0.246 2  0.254   81.4
2020 12 17 -0.025  0.241 3  0.242   77.8
2020 12 18 -0.108  0.215 3  0.241   76.2
2020 12 19 -0.180  0.172 4  0.249   76.6
2020 12 20 -0.237  0.112 4  0.262   78.8
2020 12 21 -0.277  0.042 4  0.280   82.8
2020 12 22 -0.297 -0.036 5  0.300   88.5
2020 12 23 -0.298 -0.117 5  0.321   95.8
2020 12 24 -0.281 -0.197 5  0.343  104.3
2020 12 25 -0.247 -0.269 6  0.366  113.3
2020 12 26 -0.201 -0.332 6  0.388  122.1
2020 12 27 -0.145 -0.381 6  0.408  129.9
2020 12 28 -0.086 -0.415 6  0.424  135.8
2020 12 29 -0.026 -0.432 6  0.432  139.0
2020 12 30  0.028 -0.431 7  0.432  138.8
2020 12 31  0.073 -0.414 7  0.420  134.9
2021 01 01  0.106 -0.382 7  0.397  126.8
2021 01 02  0.123 -0.338 7  0.360  114.6
2021 01 03  0.125 -0.284 7  0.310   98.5
2021 01 04  0.109 -0.225 7  0.250   79.1
2021 01 05  0.079 -0.162 7  0.180   57.1
2021 01 06  0.035 -0.101 7  0.107   34.0
2021 01 07 -0.019 -0.043 6  0.047   15.0
2021 01 08 -0.079  0.008 4  0.080   23.5
2021 01 09 -0.141  0.052 4  0.150   44.8
2021 01 10 -0.199  0.086 4  0.217   65.1
2021 01 11 -0.251  0.112 4  0.274   82.3
2021 01 12 -0.290  0.129 4  0.318   95.2
2021 01 13 -0.316  0.138 4  0.345  103.2
2021 01 14 -0.324  0.142 4  0.354  106.0
2021 01 15 -0.314  0.143 4  0.345  103.6
2021 01 16 -0.286  0.144 4  0.321   96.4
2021 01 17 -0.242  0.146 4  0.283   85.5
2021 01 18 -0.184  0.152 4  0.238   73.0
2021 01 19 -0.115  0.163 3  0.200   62.5
2021 01 20 -0.039  0.182 3  0.186   59.7
2021 01 21  0.037  0.208 2  0.211   67.6
2021 01 22  0.110  0.240 2  0.264   83.7
2021 01 23  0.174  0.278 2  0.328  103.0
2021 01 24  0.224  0.320 2  0.390  122.2
2021 01 25  0.257  0.362 2  0.444  139.1
2021 01 26  0.270  0.403 2  0.485  152.2
2021 01 27  0.262  0.438 2  0.510  160.7
2021 01 28  0.232  0.464 2  0.519  164.2
2021 01 29  0.181  0.478 2  0.511  162.7
2021 01 30  0.111  0.477 2  0.490  156.8
2021 01 31  0.027  0.458 2  0.459  147.5
2021 02 01 -0.067  0.420 3  0.426  136.6
2021 02 02 -0.166  0.363 3  0.400  126.7
2021 02 03 -0.265  0.287 3  0.391  121.0
2021 02 04 -0.356  0.194 4  0.405  122.2
2021 02 05 -0.435  0.086 4  0.444  131.4
2021 02 06 -0.497 -0.033 5  0.498  147.1
2021 02 07 -0.538 -0.159 5  0.561  166.8
2021 02 08 -0.554 -0.288 5  0.624  187.9
2021 02 09 -0.545 -0.413 5  0.684  208.6
2021 02 10 -0.509 -0.530 6  0.735  227.3
2021 02 11 -0.449 -0.634 6  0.777  243.2
2021 02 12 -0.366 -0.721 6  0.809  255.8
2021 02 13 -0.265 -0.786 6  0.830  264.7
2021 02 14 -0.150 -0.828 6  0.841  269.8
2021 02 15 -0.027 -0.843 6  0.844  271.3
2021 02 16  0.100 -0.833 7  0.839  269.5
2021 02 17  0.222 -0.797 7  0.827  264.5
2021 02 18  0.336 -0.737 7  0.810  257.0
2021 02 19  0.436 -0.656 7  0.788  247.3
2021 02 20  0.518 -0.558 7  0.762  235.9
2021 02 21  0.578 -0.448 8  0.731  223.3
2021 02 22  0.615 -0.329 8  0.698  210.2
2021 02 23  0.627 -0.208 8  0.661  196.9
2021 02 24  0.616 -0.090 8  0.623  184.1
2021 02 25  0.583  0.022 1  0.583  172.2
2021 02 26  0.531  0.122 1  0.545  161.5
2021 02 27  0.464  0.207 1  0.508  152.2
2021 02 28  0.386  0.274 1  0.474  144.2
2021 03 01  0.303  0.323 2  0.443  137.0
2021 03 02  0.220  0.351 2  0.414  130.2
2021 03 03  0.141  0.360 2  0.386  122.9
2021 03 04  0.070  0.351 2  0.358  114.7
2021 03 05  0.013  0.326 2  0.326  104.8
2021 03 06 -0.029  0.288 3  0.289   93.0
2021 03 07 -0.054  0.241 3  0.247   79.1
2021 03 08 -0.061  0.188 3  0.198   63.1
2021 03 09 -0.050  0.134 3  0.143   45.5
2021 03 10 -0.022  0.082 3  0.085   27.3
2021 03 11  0.020  0.037 2  0.042   13.2
2021 03 12  0.073  0.000 1  0.073   21.6
2021 03 13  0.133 -0.024 8  0.136   40.1
2021 03 14  0.197 -0.035 8  0.200   59.1
2021 03 15  0.258 -0.031 8  0.260   76.9
2021 03 16  0.315 -0.012 8  0.315   92.9
2021 03 17  0.361  0.022 1  0.361  106.7
2021 03 18  0.394  0.069 1  0.400  118.3
2021 03 19  0.410  0.128 1  0.430  127.8
2021 03 20  0.407  0.197 1  0.453  135.9
2021 03 21  0.385  0.272 1  0.471  143.4
2021 03 22  0.342  0.350 2  0.490  151.2
2021 03 23  0.279  0.428 2  0.511  160.5
2021 03 24  0.198  0.503 2  0.541  172.0
2021 03 25  0.100  0.571 2  0.580  186.0
2021 03 26 -0.011  0.629 3  0.629  202.3
2021 03 27 -0.132  0.674 3  0.687  220.4
2021 03 28 -0.260  0.705 3  0.751  239.2
2021 03 29 -0.389  0.718 3  0.816  257.8
2021 03 30 -0.515  0.713 3  0.879  275.0
2021 03 31 -0.635  0.689 3  0.937  290.1
2021 04 01 -0.744  0.645 4  0.985  302.0
2021 04 02 -0.839  0.582 4  1.021  310.4
2021 04 03 -0.916  0.501 4  1.044  314.8
2021 04 04 -0.973  0.404 4  1.053  315.1
2021 04 05 -1.007  0.291 4  1.048  311.7
2021 04 06 -1.017  0.166 4  1.031  305.0
2021 04 07 -1.002  0.032 4  1.003  296.0
2021 04 08 -0.962 -0.110 5  0.968  286.1
2021 04 09 -0.897 -0.254 5  0.932  276.9
2021 04 10 -0.807 -0.397 5  0.899  270.2
2021 04 11 -0.695 -0.536 5  0.878  267.9
2021 04 12 -0.562 -0.667 6  0.872  271.2
2021 04 13 -0.411 -0.787 6  0.887  280.5
2021 04 14 -0.245 -0.891 6  0.924  295.3
2021 04 15 -0.067 -0.976 6  0.978  314.4
2021 04 16  0.118 -1.039 7  1.046  336.1
2021 04 17  0.307 -1.079 7  1.122  358.7
2021 04 18  0.495 -1.093 7  1.200  380.7
2021 04 19  0.679 -1.080 7  1.276  401.0
2021 04 20  0.853 -1.040 7  1.345  418.6
2021 04 21  1.014 -0.972 8  1.405  432.8
2021 04 22  1.157 -0.878 8  1.453  443.3
2021 04 23  1.279 -0.761 8  1.488  449.9
2021 04 24  1.376 -0.622 8  1.510  452.8
2021 04 25  1.446 -0.465 8  1.519  452.2
2021 04 26  1.485 -0.294 8  1.514  448.4
2021 04 27  1.493 -0.115 8  1.497  442.1
2021 04 28  1.468  0.069 1  1.469  433.7
2021 04 29  1.410  0.251 1  1.432  423.9
2021 04 30  1.320  0.427 1  1.387  413.2
2021 05 01  1.200  0.591 1  1.338  402.0
2021 05 02  1.052  0.738 1  1.285  390.8
2021 05 03  0.879  0.863 1  1.232  380.0
2021 05 04  0.685  0.963 2  1.182  369.9
2021 05 05  0.475  1.035 2  1.139  361.1
2021 05 06  0.254  1.076 2  1.105  353.9
2021 05 07  0.028  1.085 2  1.085  348.9
2021 05 08 -0.199  1.062 3  1.080  346.5
2021 05 09 -0.420  1.008 3  1.092  347.0
2021 05 10 -0.629  0.925 3  1.119  350.8
2021 05 11 -0.823  0.816 4  1.159  357.6
2021 05 12 -0.995  0.685 4  1.208  367.1
2021 05 13 -1.142  0.537 4  1.262  378.6
2021 05 14 -1.260  0.375 4  1.315  391.1
2021 05 15 -1.349  0.207 4  1.364  403.6
2021 05 16 -1.405  0.036 4  1.405  414.8
2021 05 17 -1.429 -0.131 5  1.435  423.9
2021 05 18 -1.422 -0.289 5  1.451  429.8
2021 05 19 -1.384 -0.433 5  1.451  431.7
2021 05 20 -1.320 -0.560 5  1.434  429.2
2021 05 21 -1.230 -0.667 5  1.400  421.8
2021 05 22 -1.121 -0.751 5  1.349  409.5
2021 05 23 -0.995 -0.810 5  1.283  392.6
2021 05 24 -0.857 -0.845 5  1.204  371.3
2021 05 25 -0.712 -0.856 6  1.113  346.3
2021 05 26 -0.564 -0.844 6  1.015  318.5
2021 05 27 -0.418 -0.812 6  0.913  288.8
2021 05 28 -0.277 -0.763 6  0.811  258.5
2021 05 29 -0.145 -0.699 6  0.714  228.9
2021 05 30 -0.024 -0.625 6  0.626  201.2
2021 05 31  0.084 -0.545 7  0.552  177.1
2021 06 01  0.177 -0.462 7  0.495  157.6
2021 06 02  0.255 -0.381 7  0.458  143.7
2021 06 03  0.318 -0.303 8  0.440  135.5
2021 06 04  0.368 -0.233 8  0.436  132.0
2021 06 05  0.405 -0.172 8  0.441  131.9
2021 06 06  0.433 -0.122 8  0.449  133.6
2021 06 07  0.452 -0.083 8  0.459  136.0
2021 06 08  0.465 -0.055 8  0.469  138.5
2021 06 09  0.476 -0.038 8  0.478  141.2
2021 06 10  0.487 -0.029 8  0.488  144.1
2021 06 11  0.500 -0.027 8  0.501  147.8
2021 06 12  0.517 -0.030 8  0.517  152.8
2021 06 13  0.538 -0.034 8  0.539  159.3
2021 06 14  0.566 -0.036 8  0.567  167.5
2021 06 15  0.600 -0.033 8  0.601  177.4
2021 06 16  0.639 -0.023 8  0.640  188.9
2021 06 17  0.683 -0.002 8  0.683  201.6
2021 06 18  0.729  0.031 1  0.730  215.4
2021 06 19  0.775  0.078 1  0.778  230.0
2021 06 20  0.817  0.139 1  0.829  245.3
2021 06 21  0.853  0.215 1  0.880  261.1
2021 06 22  0.879  0.305 1  0.930  277.3
2021 06 23  0.891  0.408 1  0.980  293.8
2021 06 24  0.886  0.520 1  1.027  310.3
2021 06 25  0.860  0.639 1  1.072  326.7
2021 06 26  0.812  0.762 1  1.114  342.8
2021 06 27  0.740  0.883 2  1.152  358.2
2021 06 28  0.642  0.999 2  1.187  372.9
2021 06 29  0.518  1.104 2  1.220  386.6
2021 06 30  0.369  1.195 2  1.251  399.4
2021 07 01  0.197  1.266 2  1.281  411.3
2021 07 02  0.005  1.313 2  1.313  422.4
2021 07 03 -0.203  1.334 3  1.349  433.0
2021 07 04 -0.422  1.324 3  1.389  443.6
2021 07 05 -0.648  1.282 3  1.436  454.4
2021 07 06 -0.874  1.206 3  1.490  465.9
2021 07 07 -1.093  1.098 3  1.550  478.3
2021 07 08 -1.300  0.957 4  1.614  491.9
2021 07 09 -1.488  0.786 4  1.682  506.6
2021 07 10 -1.650  0.587 4  1.751  522.3
2021 07 11 -1.780  0.365 4  1.818  538.5
2021 07 12 -1.875  0.125 4  1.879  554.9
2021 07 13 -1.930 -0.128 5  1.934  571.0
2021 07 14 -1.941 -0.388 5  1.979  586.3
2021 07 15 -1.907 -0.649 5  2.015  600.4
2021 07 16 -1.828 -0.904 5  2.039  612.9
2021 07 17 -1.704 -1.146 5  2.054  623.6
2021 07 18 -1.538 -1.370 5  2.060  632.5
2021 07 19 -1.333 -1.569 6  2.059  639.7
2021 07 20 -1.093 -1.738 6  2.053  645.4
2021 07 21 -0.825 -1.874 6  2.047  649.8
2021 07 22 -0.534 -1.971 6  2.042  653.2
2021 07 23 -0.228 -2.029 6  2.042  656.0
2021 07 24  0.085 -2.045 7  2.047  658.2
2021 07 25  0.398 -2.020 7  2.059  660.1
2021 07 26  0.703 -1.953 7  2.076  661.5
2021 07 27  0.992 -1.847 7  2.097  662.3
2021 07 28  1.259 -1.705 7  2.119  662.2
2021 07 29  1.496 -1.529 7  2.139  660.8
2021 07 30  1.698 -1.325 8  2.154  657.9
2021 07 31  1.861 -1.098 8  2.161  653.0
2021 08 01  1.981 -0.853 8  2.157  645.9
2021 08 02  2.056 -0.597 8  2.141  636.5
2021 08 03  2.085 -0.334 8  2.112  624.8
2021 08 04  2.069 -0.072 8  2.070  611.1
2021 08 05  2.009  0.184 1  2.017  595.8
2021 08 06  1.907  0.429 1  1.955  579.5
2021 08 07  1.768  0.657 1  1.886  563.1
2021 08 08  1.597  0.865 1  1.816  547.3
2021 08 09  1.398  1.049 1  1.748  532.9
2021 08 10  1.179  1.205 2  1.686  520.8
2021 08 11  0.945  1.333 2  1.634  511.4
2021 08 12  0.703  1.431 2  1.594  504.7
2021 08 13  0.460  1.499 2  1.568  500.7
2021 08 14  0.221  1.537 2  1.553  498.5
2021 08 15 -0.007  1.547 3  1.547  497.6
2021 08 16 -0.220  1.531 3  1.547  496.7
2021 08 17 -0.414  1.492 3  1.548  495.0
2021 08 18 -0.585  1.431 3  1.546  491.5
2021 08 19 -0.731  1.352 3  1.537  485.5
2021 08 20 -0.851  1.259 3  1.520  476.5
2021 08 21 -0.944  1.154 3  1.491  464.0
2021 08 22 -1.011  1.040 3  1.450  448.2
2021 08 23 -1.052  0.920 4  1.398  428.9
2021 08 24 -1.071  0.796 4  1.334  406.7
2021 08 25 -1.068  0.670 4  1.261  381.9
2021 08 26 -1.047  0.545 4  1.180  355.2
2021 08 27 -1.010  0.421 4  1.094  327.3
2021 08 28 -0.960  0.300 4  1.005  299.3
2021 08 29 -0.900  0.183 4  0.918  272.0
2021 08 30 -0.832  0.069 4  0.835  246.7
2021 08 31 -0.760 -0.040 5  0.761  224.6
2021 09 01 -0.684 -0.143 5  0.698  207.0
2021 09 02 -0.606 -0.241 5  0.652  194.9
2021 09 03 -0.528 -0.332 5  0.624  188.9
2021 09 04 -0.451 -0.416 5  0.613  188.7
2021 09 05 -0.374 -0.492 6  0.618  193.0
2021 09 06 -0.300 -0.559 6  0.635  200.4
2021 09 07 -0.227 -0.616 6  0.657  209.2
2021 09 08 -0.157 -0.662 6  0.680  217.9
2021 09 09 -0.089 -0.696 6  0.701  225.2
2021 09 10 -0.025 -0.716 6  0.716  230.2
2021 09 11  0.036 -0.721 7  0.722  232.2
2021 09 12  0.091 -0.713 7  0.718  230.7
2021 09 13  0.141 -0.689 7  0.703  225.4
2021 09 14  0.184 -0.651 7  0.676  216.2
2021 09 15  0.219 -0.599 7  0.637  203.1
2021 09 16  0.245 -0.535 7  0.588  186.4
2021 09 17  0.260 -0.460 7  0.528  166.6
2021 09 18  0.264 -0.378 7  0.461  144.3
2021 09 19  0.256 -0.291 7  0.387  120.1
2021 09 20  0.236 -0.202 8  0.310   95.1
2021 09 21  0.204 -0.115 8  0.234   70.5
2021 09 22  0.160 -0.033 8  0.164   48.5
2021 09 23  0.107  0.040 1  0.114   34.1
2021 09 24  0.046  0.100 2  0.110   34.8
2021 09 25 -0.022  0.144 3  0.146   46.9
2021 09 26 -0.093  0.171 3  0.195   61.6
2021 09 27 -0.164  0.179 3  0.243   75.2
2021 09 28 -0.233  0.166 4  0.286   86.9
2021 09 29 -0.295  0.132 4  0.323   96.8
2021 09 30 -0.347  0.078 4  0.356  105.5
2021 10 01 -0.387  0.006 4  0.387  114.2
2021 10 02 -0.411 -0.081 5  0.419  124.0
2021 10 03 -0.417 -0.181 5  0.455  136.2
2021 10 04 -0.404 -0.289 5  0.497  151.1
2021 10 05 -0.370 -0.401 6  0.546  169.0
2021 10 06 -0.315 -0.513 6  0.601  189.2
2021 10 07 -0.240 -0.618 6  0.663  210.9
2021 10 08 -0.146 -0.712 6  0.727  233.1
2021 10 09 -0.035 -0.791 6  0.792  254.7
2021 10 10  0.088 -0.851 7  0.856  275.0
2021 10 11  0.222 -0.888 7  0.915  293.0
2021 10 12  0.360 -0.899 7  0.969  308.2
2021 10 13  0.500 -0.884 7  1.015  320.3
2021 10 14  0.636 -0.840 7  1.054  329.1
2021 10 15  0.763 -0.770 7  1.084  334.8
2021 10 16  0.878 -0.674 8  1.107  337.7
2021 10 17  0.975 -0.554 8  1.122  338.6
2021 10 18  1.052 -0.414 8  1.131  338.0
2021 10 19  1.106 -0.259 8  1.136  336.9
2021 10 20  1.134 -0.092 8  1.138  336.0
2021 10 21  1.135  0.080 1  1.138  336.1
2021 10 22  1.110  0.254 1  1.139  337.7
